# Blender 4.4.3
# www.blender.org
mtllib conglomerate.mtl
o Android
v 0.230000 1.260000 0.050000
v 0.140000 1.260000 0.150000
v 0.150000 1.260000 -0.150000
v 0.230000 1.260000 -0.100000
v -0.230000 1.260000 -0.100000
v -0.150000 1.260000 -0.150000
v -0.230000 1.260000 0.050000
v -0.140000 1.260000 0.150000
v -0.160000 0.900000 0.050000
v -0.130000 1.000000 0.150000
v -0.240000 1.000000 0.050000
v -0.150000 1.470000 0.180000
v -0.200000 1.620000 0.100000
v -0.250000 1.490000 0.100000
v -0.160000 0.900000 -0.100000
v -0.240000 1.000000 -0.100000
v -0.160000 1.000000 -0.150000
v -0.200000 1.640000 -0.100000
v -0.200000 1.520000 -0.200000
v -0.300000 1.500000 -0.100000
v 0.150000 0.900000 0.050000
v 0.240000 1.000000 0.050000
v 0.130000 1.000000 0.150000
v 0.200000 1.620000 0.100000
v 0.150000 1.470000 0.180000
v 0.250000 1.490000 0.100000
v 0.150000 0.900000 -0.100000
v 0.160000 1.000000 -0.150000
v 0.240000 1.000000 -0.100000
v 0.200000 1.640000 -0.100000
v 0.300000 1.500000 -0.100000
v 0.200000 1.520000 -0.200000
v 0.090596 2.309315 -0.090596
v 0.167400 2.236739 -0.167400
v 0.218719 2.128122 -0.218719
v 0.213749 2.000000 -0.213749
v 0.195728 1.871877 -0.195728
v 0.144410 1.763260 -0.144410
v 0.067606 1.690685 -0.067606
v 0.128122 2.309315 -0.000000
v 0.236739 2.236739 -0.000000
v 0.309315 2.128122 -0.000000
v 0.311810 2.000000 -0.000000
v 0.286324 1.871877 -0.000000
v 0.213749 1.763260 -0.000000
v 0.105132 1.690685 -0.000000
v 0.090596 2.309315 0.090596
v 0.167400 2.236739 0.167400
v 0.245567 2.128122 0.218719
v 0.240598 2.000000 0.213749
v 0.222577 1.871877 0.195728
v 0.171258 1.763260 0.144410
v 0.067606 1.690685 0.067606
v 0.000000 2.309315 0.128122
v 0.000000 2.236739 0.236739
v 0.000000 2.128122 0.309315
v 0.000000 2.000000 0.311810
v 0.000000 1.871877 0.286325
v 0.000000 1.763260 0.213749
v 0.000000 1.690685 0.105132
v -0.090596 2.309315 0.090596
v -0.167400 2.236739 0.167400
v -0.245567 2.128122 0.218719
v -0.240598 2.000000 0.213749
v -0.222577 1.871877 0.195728
v -0.171258 1.763260 0.144410
v -0.067606 1.690685 0.067606
v -0.128122 2.309315 -0.000000
v -0.236739 2.236739 -0.000000
v -0.309315 2.128122 -0.000000
v -0.311810 2.000000 -0.000000
v -0.286324 1.871877 -0.000000
v -0.213749 1.763260 -0.000000
v -0.105132 1.690685 -0.000000
v -0.090596 2.309315 -0.090596
v -0.167400 2.236739 -0.167400
v -0.218719 2.128122 -0.218719
v -0.213749 2.000000 -0.213749
v -0.195728 1.871877 -0.195728
v -0.144410 1.763260 -0.144410
v -0.067606 1.690685 -0.067606
v 0.000000 1.665200 -0.000000
v 0.000000 2.334800 -0.000000
v 0.000000 2.309315 -0.128122
v 0.000000 2.236739 -0.236739
v 0.000000 2.128122 -0.309315
v 0.000000 2.000000 -0.311810
v 0.000000 1.871877 -0.286324
v 0.000000 1.763260 -0.213749
v 0.000000 1.690685 -0.105132
v 0.250000 1.440000 0.050000
v 0.250000 1.490000 0.100000
v 0.200000 1.490000 0.050000
v 0.250000 1.590000 0.100000
v 0.250000 1.640000 0.050000
v 0.190000 1.590000 0.050000
v 0.250000 1.440000 -0.050000
v 0.200000 1.490000 -0.050000
v 0.250000 1.490000 -0.100000
v 0.250000 1.640000 -0.050000
v 0.250000 1.590000 -0.100000
v 0.180000 1.590000 -0.050000
v 0.560000 1.460000 0.040000
v 0.600000 1.500000 0.040000
v 0.560000 1.500000 0.080000
v 0.560000 1.620000 0.040000
v 0.560000 1.580000 0.080000
v 0.600000 1.580000 0.040000
v 0.560000 1.460000 -0.040000
v 0.560000 1.500000 -0.080000
v 0.600000 1.500000 -0.040000
v 0.560000 1.620000 -0.040000
v 0.600000 1.580000 -0.040000
v 0.560000 1.580000 -0.080000
v 0.100000 0.500000 0.050000
v 0.100000 0.550000 0.100000
v 0.050000 0.550000 0.050000
v 0.050000 0.950000 0.100000
v 0.050000 1.000000 0.050000
v -0.000000 0.900000 0.050000
v 0.100000 0.500000 -0.050000
v 0.050000 0.550000 -0.050000
v 0.100000 0.550000 -0.100000
v 0.050000 1.000000 -0.050000
v 0.050000 0.900000 -0.100000
v -0.000000 0.900000 -0.050000
v 0.200000 0.500000 0.050000
v 0.250000 0.550000 0.050000
v 0.200000 0.550000 0.100000
v 0.200000 1.050000 0.050000
v 0.150000 1.000000 0.150000
v 0.250000 1.000000 0.050000
v 0.200000 0.500000 -0.050000
v 0.200000 0.550000 -0.100000
v 0.250000 0.550000 -0.050000
v 0.200000 1.050000 -0.100000
v 0.250000 1.000000 -0.100000
v 0.150000 1.000000 -0.150000
v 0.120000 0.140000 0.030000
v 0.120000 0.140000 0.070000
v 0.080000 0.100000 0.030000
v 0.100000 0.550000 0.100000
v 0.100000 0.600000 0.050000
v 0.050000 0.550000 0.050000
v 0.120000 0.140000 -0.030000
v 0.080000 0.100000 -0.030000
v 0.120000 0.140000 -0.070000
v 0.100000 0.600000 -0.050000
v 0.100000 0.550000 -0.100000
v 0.050000 0.550000 -0.050000
v 0.180000 0.140000 0.030000
v 0.220000 0.100000 0.030000
v 0.180000 0.140000 0.070000
v 0.200000 0.600000 0.050000
v 0.200000 0.550000 0.100000
v 0.250000 0.550000 0.050000
v 0.180000 0.140000 -0.030000
v 0.180000 0.140000 -0.070000
v 0.220000 0.100000 -0.030000
v 0.200000 0.600000 -0.050000
v 0.250000 0.550000 -0.050000
v 0.200000 0.550000 -0.100000
v -0.100000 0.500000 0.050000
v -0.100000 0.550000 0.100000
v -0.050000 0.550000 0.050000
v -0.050000 0.950000 0.100000
v -0.050000 1.000000 0.050000
v -0.000000 0.900000 0.050000
v -0.100000 0.500000 -0.050000
v -0.050000 0.550000 -0.050000
v -0.100000 0.550000 -0.100000
v -0.050000 1.000000 -0.050000
v -0.050000 0.900000 -0.100000
v -0.000000 0.900000 -0.050000
v -0.200000 0.500000 0.050000
v -0.250000 0.550000 0.050000
v -0.200000 0.550000 0.100000
v -0.200000 1.050000 0.050000
v -0.150000 1.000000 0.150000
v -0.250000 1.000000 0.050000
v -0.200000 0.500000 -0.050000
v -0.200000 0.550000 -0.100000
v -0.250000 0.550000 -0.050000
v -0.200000 1.050000 -0.100000
v -0.250000 1.000000 -0.100000
v -0.150000 1.000000 -0.150000
v -0.120000 0.140000 0.030000
v -0.120000 0.140000 0.070000
v -0.080000 0.100000 0.030000
v -0.100000 0.550000 0.100000
v -0.100000 0.600000 0.050000
v -0.050000 0.550000 0.050000
v -0.120000 0.140000 -0.030000
v -0.080000 0.100000 -0.030000
v -0.120000 0.140000 -0.070000
v -0.100000 0.600000 -0.050000
v -0.100000 0.550000 -0.100000
v -0.050000 0.550000 -0.050000
v -0.180000 0.140000 0.030000
v -0.220000 0.100000 0.030000
v -0.180000 0.140000 0.070000
v -0.200000 0.600000 0.050000
v -0.200000 0.550000 0.100000
v -0.250000 0.550000 0.050000
v -0.180000 0.140000 -0.030000
v -0.180000 0.140000 -0.070000
v -0.220000 0.100000 -0.030000
v -0.200000 0.600000 -0.050000
v -0.250000 0.550000 -0.050000
v -0.200000 0.550000 -0.100000
v 0.560000 1.460000 0.040000
v 0.560000 1.500000 0.080000
v 0.520000 1.500000 0.040000
v 0.560000 1.580000 0.080000
v 0.560000 1.620000 0.040000
v 0.520000 1.580000 0.040000
v 0.560000 1.460000 -0.040000
v 0.520000 1.500000 -0.040000
v 0.560000 1.500000 -0.080000
v 0.560000 1.620000 -0.040000
v 0.560000 1.580000 -0.080000
v 0.520000 1.580000 -0.040000
v 0.870000 1.480000 0.030000
v 0.870000 1.510000 0.030000
v 0.870000 1.510000 0.060000
v 0.900000 1.600000 0.030000
v 0.900000 1.570000 0.060000
v 0.870000 1.570000 0.030000
v 0.870000 1.480000 -0.030000
v 0.870000 1.510000 -0.060000
v 0.870000 1.510000 -0.030000
v 0.900000 1.600000 -0.030000
v 0.870000 1.570000 -0.030000
v 0.900000 1.570000 -0.060000
v -0.250000 1.440000 0.050000
v -0.250000 1.490000 0.100000
v -0.200000 1.490000 0.050000
v -0.250000 1.590000 0.100000
v -0.250000 1.640000 0.050000
v -0.190000 1.590000 0.050000
v -0.250000 1.440000 -0.050000
v -0.200000 1.490000 -0.050000
v -0.250000 1.490000 -0.100000
v -0.250000 1.640000 -0.050000
v -0.250000 1.590000 -0.100000
v -0.180000 1.590000 -0.050000
v -0.560000 1.460000 0.040000
v -0.600000 1.500000 0.040000
v -0.560000 1.500000 0.080000
v -0.560000 1.620000 0.040000
v -0.560000 1.580000 0.080000
v -0.600000 1.580000 0.040000
v -0.560000 1.460000 -0.040000
v -0.560000 1.500000 -0.080000
v -0.600000 1.500000 -0.040000
v -0.560000 1.620000 -0.040000
v -0.600000 1.580000 -0.040000
v -0.560000 1.580000 -0.080000
v -0.560000 1.460000 0.040000
v -0.560000 1.500000 0.080000
v -0.520000 1.500000 0.040000
v -0.560000 1.580000 0.080000
v -0.560000 1.620000 0.040000
v -0.520000 1.580000 0.040000
v -0.560000 1.460000 -0.040000
v -0.520000 1.500000 -0.040000
v -0.560000 1.500000 -0.080000
v -0.560000 1.620000 -0.040000
v -0.560000 1.580000 -0.080000
v -0.520000 1.580000 -0.040000
v -0.870000 1.480000 0.030000
v -0.870000 1.510000 0.030000
v -0.870000 1.510000 0.060000
v -0.900000 1.600000 0.030000
v -0.900000 1.570000 0.060000
v -0.870000 1.570000 0.030000
v -0.870000 1.480000 -0.030000
v -0.870000 1.510000 -0.060000
v -0.870000 1.510000 -0.030000
v -0.900000 1.600000 -0.030000
v -0.870000 1.570000 -0.030000
v -0.900000 1.570000 -0.060000
v 0.000000 0.900000 -0.100000
v 0.000000 1.000000 -0.150000
v 0.000000 1.620000 -0.100000
v 0.000000 1.500000 -0.200000
v 0.000000 0.900000 0.050000
v 0.000000 1.000000 0.150000
v 0.000000 1.620000 0.100000
v 0.000000 1.450000 0.200000
v 0.000000 1.260000 -0.150000
v 0.000000 1.260000 0.150000
v 0.120000 -0.000000 0.250000
v 0.120000 0.100000 0.050000
v 0.120000 0.000000 -0.100000
v 0.120000 0.100000 -0.050000
v 0.180000 -0.000000 0.250000
v 0.180000 0.100000 0.050000
v 0.180000 0.000000 -0.100000
v 0.180000 0.100000 -0.050000
v 0.120000 0.050000 0.250000
v 0.120000 0.050000 -0.100000
v 0.180000 0.050000 -0.100000
v 0.180000 0.050000 0.250000
v 0.060000 0.000000 0.150000
v 0.240000 0.000000 0.100000
v 0.240000 0.050000 0.100000
v 0.060000 0.050000 0.150000
v -0.120000 -0.000000 0.250000
v -0.120000 0.100000 0.050000
v -0.120000 0.000000 -0.100000
v -0.120000 0.100000 -0.050000
v -0.180000 -0.000000 0.250000
v -0.180000 0.100000 0.050000
v -0.180000 0.000000 -0.100000
v -0.180000 0.100000 -0.050000
v -0.120000 0.050000 0.250000
v -0.120000 0.050000 -0.100000
v -0.180000 0.050000 -0.100000
v -0.180000 0.050000 0.250000
v -0.060000 0.000000 0.150000
v -0.240000 0.000000 0.100000
v -0.240000 0.050000 0.100000
v -0.060000 0.050000 0.150000
v 0.900000 1.530000 0.030000
v 0.900000 1.560000 0.030000
v 0.900000 1.530000 -0.030000
v 0.900000 1.560000 -0.030000
v 0.930000 1.530000 0.060000
v 0.930000 1.560000 0.060000
v 0.930000 1.530000 -0.050000
v 0.930000 1.560000 -0.050000
v 1.010000 1.530000 0.060000
v 1.010000 1.560000 0.060000
v 1.010000 1.530000 -0.050000
v 1.010000 1.560000 -0.050000
v 0.950000 1.530000 0.070000
v 0.950000 1.560000 0.070000
v 0.980000 1.530000 0.070000
v 0.980000 1.560000 0.070000
v 0.960000 1.530000 0.120000
v 0.960000 1.560000 0.120000
v 0.980000 1.530000 0.120000
v 0.980000 1.560000 0.120000
v 1.020000 1.530000 -0.020000
v 1.020000 1.560000 -0.020000
v 1.020000 1.530000 -0.050000
v 1.020000 1.560000 -0.050000
v 1.120000 1.530000 -0.020000
v 1.120000 1.560000 -0.020000
v 1.120000 1.530000 -0.050000
v 1.120000 1.560000 -0.050000
v 1.020000 1.530000 0.020000
v 1.020000 1.560000 0.020000
v 1.020000 1.530000 -0.010000
v 1.020000 1.560000 -0.010000
v 1.120000 1.530000 0.020000
v 1.120000 1.560000 0.020000
v 1.120000 1.530000 -0.010000
v 1.120000 1.560000 -0.010000
v 1.020000 1.530000 0.060000
v 1.020000 1.560000 0.060000
v 1.020000 1.530000 0.030000
v 1.020000 1.560000 0.030000
v 1.120000 1.530000 0.060000
v 1.120000 1.560000 0.060000
v 1.120000 1.530000 0.030000
v 1.120000 1.560000 0.030000
v -0.900000 1.530000 0.030000
v -0.900000 1.560000 0.030000
v -0.900000 1.530000 -0.030000
v -0.900000 1.560000 -0.030000
v -0.930000 1.530000 0.060000
v -0.930000 1.560000 0.060000
v -0.930000 1.530000 -0.050000
v -0.930000 1.560000 -0.050000
v -1.010000 1.530000 0.060000
v -1.010000 1.560000 0.060000
v -1.010000 1.530000 -0.050000
v -1.010000 1.560000 -0.050000
v -0.950000 1.530000 0.070000
v -0.950000 1.560000 0.070000
v -0.980000 1.530000 0.070000
v -0.980000 1.560000 0.070000
v -0.960000 1.530000 0.120000
v -0.960000 1.560000 0.120000
v -0.980000 1.530000 0.120000
v -0.980000 1.560000 0.120000
v -1.020000 1.530000 -0.020000
v -1.020000 1.560000 -0.020000
v -1.020000 1.530000 -0.050000
v -1.020000 1.560000 -0.050000
v -1.120000 1.530000 -0.020000
v -1.120000 1.560000 -0.020000
v -1.120000 1.530000 -0.050000
v -1.120000 1.560000 -0.050000
v -1.020000 1.530000 0.020000
v -1.020000 1.560000 0.020000
v -1.020000 1.530000 -0.010000
v -1.020000 1.560000 -0.010000
v -1.120000 1.530000 0.020000
v -1.120000 1.560000 0.020000
v -1.120000 1.530000 -0.010000
v -1.120000 1.560000 -0.010000
v -1.020000 1.530000 0.060000
v -1.020000 1.560000 0.060000
v -1.020000 1.530000 0.030000
v -1.020000 1.560000 0.030000
v -1.120000 1.530000 0.060000
v -1.120000 1.560000 0.060000
v -1.120000 1.530000 0.030000
v -1.120000 1.560000 0.030000
v 0.140000 1.250000 -0.150000
v -0.140000 1.250000 0.150000
v -0.230000 1.250000 -0.100000
v 0.230000 1.250000 0.050000
v -0.230000 1.250000 0.050000
v -0.140000 1.250000 -0.150000
v 0.230000 1.250000 -0.100000
v 0.140000 1.250000 0.150000
v 0.000000 1.250000 0.150000
v 0.000000 1.250000 -0.150000
v 0.140000 1.310000 -0.100000
v -0.140000 1.310000 0.100000
v -0.140000 1.310000 -0.100000
v 0.140000 1.310000 0.100000
v 0.140000 1.210000 0.100000
v 0.140000 1.210000 -0.100000
v 0.000000 1.310000 0.100000
v 0.000000 1.310000 -0.100000
v -0.140000 1.210000 -0.100000
v -0.140000 1.210000 0.100000
v 0.000000 1.210000 -0.100000
v 0.000000 1.210000 0.100000
vn -0.0810 -0.1974 0.9770
vn 0.9707 -0.2000 0.1330
vn 0.6868 -0.1751 0.7055
vn 0.0499 0.9975 0.0499
vn -0.9707 -0.2000 0.1330
vn 0.0113 -0.1972 -0.9803
vn -0.5923 -0.4739 0.6516
vn -0.5812 0.2236 0.7824
vn -0.4880 -0.3904 -0.7807
vn -0.6674 0.4767 -0.5721
vn 0.5754 -0.5179 0.6330
vn 0.5812 0.2236 0.7824
vn 0.4784 -0.4305 -0.7654
vn 0.6674 0.4767 -0.5721
vn -0.7809 -0.6247 -0.0000
vn -0.6868 -0.1751 0.7055
vn -0.8650 0.4806 0.1442
vn -0.5068 0.0304 -0.8615
vn -0.0000 -0.4472 -0.8944
vn -0.0639 0.6389 -0.7667
vn 0.5068 0.0304 -0.8615
vn 0.7433 -0.6690 -0.0000
vn 0.8650 0.4806 0.1442
vn 0.7071 -0.0000 0.7071
vn -0.0000 -0.7071 0.7071
vn -0.0220 0.4875 0.8728
vn -0.0000 -1.0000 -0.0000
vn 0.6095 -0.2224 -0.7610
vn -0.6095 -0.2224 -0.7610
vn 0.6492 0.4869 0.5843
vn -0.0000 0.6402 -0.7682
vn 0.5547 0.8321 -0.0000
vn -0.6492 0.4869 0.5843
vn -0.3925 0.5888 -0.7066
vn 0.1297 -0.9636 -0.2336
vn 0.3622 -0.5249 -0.7703
vn 0.3998 -0.0166 -0.9165
vn 0.2243 0.8103 -0.5414
vn 0.2642 -0.8095 -0.5243
vn 0.4116 -0.1806 -0.8933
vn 0.3256 0.5253 -0.7862
vn 0.0805 0.9776 -0.1945
vn 0.5243 -0.8095 -0.2642
vn 0.8933 -0.1806 -0.4116
vn 0.7862 0.5253 -0.3256
vn 0.1945 0.9776 -0.0805
vn 0.2336 -0.9636 -0.1297
vn 0.7703 -0.5249 -0.3622
vn 0.9165 -0.0166 -0.3998
vn 0.5414 0.8103 -0.2243
vn 0.9342 -0.1803 0.3079
vn 0.7625 0.5912 0.2628
vn 0.1945 0.9776 0.0805
vn 0.2336 -0.9636 0.1297
vn 0.8131 -0.5237 0.2540
vn 0.9545 -0.0150 0.2979
vn 0.5414 0.8103 0.2243
vn 0.5060 -0.8411 0.1910
vn 0.1297 -0.9636 0.2336
vn 0.3202 -0.5253 0.7884
vn 0.3617 -0.0160 0.9321
vn 0.2243 0.8103 0.5414
vn 0.2310 -0.8246 0.5164
vn 0.3710 -0.1807 0.9109
vn 0.3012 0.5519 0.7776
vn 0.0806 0.9776 0.1945
vn -0.3617 -0.0160 0.9321
vn -0.2243 0.8103 0.5414
vn -0.2310 -0.8246 0.5164
vn -0.3710 -0.1807 0.9109
vn -0.3012 0.5519 0.7776
vn -0.0805 0.9776 0.1945
vn -0.1297 -0.9636 0.2336
vn -0.3202 -0.5253 0.7884
vn -0.5060 -0.8411 0.1910
vn -0.9342 -0.1803 0.3079
vn -0.7625 0.5912 0.2628
vn -0.1945 0.9776 0.0805
vn -0.2336 -0.9636 0.1297
vn -0.8131 -0.5237 0.2540
vn -0.9545 -0.0150 0.2979
vn -0.5414 0.8103 0.2243
vn -0.7862 0.5253 -0.3256
vn -0.1945 0.9776 -0.0805
vn -0.2336 -0.9636 -0.1297
vn -0.7703 -0.5249 -0.3622
vn -0.9165 -0.0166 -0.3998
vn -0.5414 0.8103 -0.2243
vn -0.5243 -0.8095 -0.2642
vn -0.8933 -0.1806 -0.4116
vn -0.1297 -0.9636 -0.2336
vn -0.3622 -0.5249 -0.7703
vn -0.3998 -0.0166 -0.9165
vn -0.2243 0.8103 -0.5414
vn -0.2642 -0.8095 -0.5243
vn -0.4116 -0.1806 -0.8933
vn -0.3256 0.5253 -0.7862
vn -0.0806 0.9776 -0.1945
vn 0.0644 -0.0000 0.9979
vn 1.0000 -0.0000 -0.0000
vn 0.0644 0.9979 -0.0000
vn -0.9877 -0.1482 0.0494
vn 0.0644 -0.0000 -0.9979
vn -0.5774 -0.5773 0.5774
vn -0.5077 0.6092 0.6092
vn -0.5774 -0.5773 -0.5774
vn -0.4508 0.6312 -0.6312
vn 0.5773 -0.5774 0.5774
vn 0.5773 0.5774 0.5774
vn 0.5773 -0.5774 -0.5774
vn 0.5773 0.5774 -0.5774
vn -0.7071 -0.7071 -0.0000
vn -0.6723 -0.0336 0.7395
vn -0.6094 0.7923 0.0305
vn -0.6389 -0.0639 -0.7667
vn 0.0683 -0.7055 -0.7055
vn 0.0683 0.7055 -0.7055
vn 0.7071 -0.0000 -0.7071
vn 0.7071 -0.7071 -0.0000
vn 0.7071 0.7071 -0.0000
vn 0.0683 -0.7055 0.7055
vn 0.0683 0.7055 0.7055
vn 0.0644 -0.9979 -0.0000
vn -0.2221 -0.0833 0.9715
vn -0.3162 0.9487 -0.0000
vn -0.9899 -0.1414 -0.0000
vn -0.2009 -0.0861 -0.9758
vn -0.5773 -0.5774 0.5774
vn -0.8165 0.4082 0.4082
vn -0.5773 -0.5774 -0.5774
vn -0.6667 0.3333 -0.6667
vn 0.5773 0.5774 0.5773
vn 0.4082 0.4082 -0.8165
vn -0.6811 -0.0908 0.7265
vn -0.8944 0.4472 -0.0000
vn -0.7035 -0.1005 -0.7035
vn -0.0000 -0.7071 -0.7071
vn -0.5774 0.5774 -0.5773
vn 0.5536 -0.0615 -0.8305
vn -0.4082 0.8165 0.4082
vn -0.0000 -0.0730 0.9973
vn 0.9978 -0.0665 -0.0000
vn -0.0000 1.0000 -0.0000
vn -0.9978 -0.0665 -0.0000
vn -0.0000 -0.0730 -0.9973
vn -0.5773 0.5774 0.5774
vn -0.5773 0.5774 -0.5774
vn -0.6863 -0.0819 0.7227
vn -0.7071 0.7071 -0.0000
vn -0.6863 -0.0819 -0.7227
vn -0.0000 0.7071 -0.7071
vn 0.6863 -0.0819 -0.7227
vn 0.6863 -0.0819 0.7227
vn -0.0000 0.7071 0.7071
vn 0.2221 -0.0833 0.9715
vn -1.0000 -0.0000 -0.0000
vn 0.3162 0.9487 -0.0000
vn 0.9899 -0.1414 -0.0000
vn 0.2009 -0.0861 -0.9758
vn 0.8165 0.4082 0.4082
vn 0.6667 0.3333 -0.6667
vn -0.5774 0.5774 0.5773
vn -0.5774 -0.5774 -0.5774
vn -0.4082 0.4082 -0.8165
vn 0.6811 -0.0908 0.7265
vn 0.8944 0.4472 -0.0000
vn 0.7035 -0.1005 -0.7035
vn 0.5774 0.5774 -0.5773
vn -0.5536 -0.0615 -0.8305
vn -0.7071 -0.0000 0.7071
vn 0.4082 0.8165 0.4082
vn 0.0614 -0.0132 0.9980
vn 0.0587 0.9983 -0.0000
vn 0.0614 -0.0132 -0.9980
vn -0.5773 -0.5773 0.5774
vn -0.5773 0.5773 0.5774
vn -0.5773 -0.5773 -0.5774
vn -0.5773 0.5773 -0.5774
vn 0.5774 -0.5774 -0.5773
vn 0.5774 -0.5774 0.5773
vn -0.7071 -0.0000 -0.7071
vn 0.0623 0.7057 -0.7057
vn 0.8729 -0.2182 0.4364
vn 0.8729 -0.2182 -0.4364
vn 0.0623 0.7057 0.7057
vn -0.0644 -0.0000 0.9979
vn -0.0644 0.9979 -0.0000
vn 0.9877 -0.1482 0.0494
vn -0.0644 -0.0000 -0.9979
vn 0.5774 -0.5773 0.5774
vn 0.5077 0.6092 0.6092
vn 0.5774 -0.5773 -0.5774
vn 0.4508 0.6312 -0.6312
vn 0.6723 -0.0336 0.7395
vn 0.6094 0.7923 0.0305
vn 0.6389 -0.0639 -0.7667
vn -0.0683 -0.7055 -0.7055
vn -0.0683 0.7055 -0.7055
vn -0.0683 -0.7055 0.7055
vn -0.0683 0.7055 0.7055
vn -0.0644 -0.9979 -0.0000
vn -0.0614 -0.0132 0.9980
vn -0.0587 0.9983 -0.0000
vn -0.0614 -0.0132 -0.9980
vn 0.5773 -0.5773 0.5774
vn 0.5773 0.5773 0.5774
vn 0.5773 -0.5773 -0.5774
vn 0.5773 0.5773 -0.5774
vn -0.5774 -0.5774 -0.5773
vn -0.5774 -0.5774 0.5773
vn -0.0623 0.7057 -0.7057
vn -0.8729 -0.2182 0.4364
vn -0.8729 -0.2182 -0.4364
vn -0.0623 0.7057 0.7057
vn -0.0000 0.6402 0.7682
vn 0.0220 0.4875 0.8728
vn 0.0639 0.6389 -0.7667
vn -0.0113 -0.1972 -0.9803
vn -0.0499 0.9975 0.0499
vn 0.0810 -0.1974 0.9770
vn -0.8791 0.4521 -0.1507
vn 0.5185 0.8296 0.2074
vn -0.0000 0.9701 0.2425
vn -0.0000 -0.0000 1.0000
vn 0.9285 -0.0000 0.3714
vn -0.0000 -0.0000 -1.0000
vn -0.9724 -0.0000 -0.2334
vn -0.8575 -0.0000 0.5145
vn 0.9578 -0.0000 -0.2873
vn 0.8452 0.5071 -0.1690
vn -0.3748 0.8994 0.2249
vn 0.8791 0.4521 -0.1507
vn -0.5185 0.8296 0.2074
vn -0.9285 -0.0000 0.3714
vn 0.9724 -0.0000 -0.2334
vn 0.8575 -0.0000 0.5145
vn -0.9578 -0.0000 -0.2873
vn -0.8452 0.5071 -0.1690
vn 0.3748 0.8994 0.2249
vn -0.5547 -0.0000 -0.8321
vn -0.9806 -0.0000 0.1961
vn 0.5547 -0.0000 -0.8321
vn 0.9806 -0.0000 0.1961
vn 0.9992 0.0400 -0.0000
vn -0.9992 0.0400 -0.0000
vn 0.3925 0.5888 -0.7066
vn -0.5547 0.8321 -0.0000
vn 0.4856 -0.8742 -0.0000
vn -0.3835 -0.6903 -0.6136
vn 0.6178 -0.5560 0.5560
vn -0.4856 -0.8742 -0.0000
vn 0.3835 -0.6903 -0.6136
vn -0.6178 -0.5560 0.5560
vt 0.172144 0.469481
vt 0.171973 0.525509
vt 0.119454 0.535702
vt 0.123271 0.470458
vt 0.323413 0.469622
vt 0.329048 0.559029
vt 0.271784 0.555717
vt 0.269769 0.473003
vt 0.224429 0.536019
vt 0.221010 0.470753
vt 0.171578 0.656843
vt 0.098275 0.645461
vt 0.106282 0.592595
vt 0.171766 0.593801
vt 0.074500 0.472413
vt 0.071980 0.555113
vt 0.014702 0.558079
vt 0.020877 0.468708
vt 0.125000 0.848094
vt 0.125000 0.930227
vt 0.057976 0.935909
vt 0.075188 0.848003
vt 0.118558 0.132190
vt 0.128554 0.179315
vt 0.084127 0.157401
vt 0.178317 0.661080
vt 0.208858 0.690885
vt 0.178317 0.698336
vt 0.191748 0.987956
vt 0.192024 0.935909
vt 0.236681 0.952358
vt 0.221859 0.132190
vt 0.259325 0.156810
vt 0.215194 0.179315
vt 0.237257 0.592990
vt 0.075016 0.661080
vt 0.071683 0.698336
vt 0.041227 0.690545
vt 0.058252 0.987956
vt 0.013319 0.952358
vt 0.118558 0.082205
vt 0.075883 0.132190
vt 0.075883 0.082205
vt 0.042543 0.613558
vt 0.171652 0.781644
vt 0.209751 0.698701
vt 0.205958 0.781989
vt 0.125000 0.661080
vt 0.125000 0.698336
vt 0.125000 0.982481
vt 0.044042 0.781989
vt 0.040249 0.698701
vt 0.078348 0.781644
vt 0.221859 0.082205
vt 0.266690 0.082205
vt 0.266690 0.132190
vt 0.244949 0.645904
vt 0.300872 0.614338
vt 0.218526 0.262623
vt 0.264729 0.178800
vt 0.263355 0.262163
vt 0.171874 0.132190
vt 0.171874 0.179315
vt 0.171874 0.082205
vt 0.012944 0.920851
vt 0.044107 0.843803
vt 0.174812 0.848003
vt 0.205893 0.843803
vt 0.237056 0.920851
vt 0.257957 0.283956
vt 0.218526 0.288649
vt 0.125000 0.781644
vt 0.171652 0.807670
vt 0.125000 0.807670
vt 0.254571 0.305310
vt 0.254571 0.355295
vt 0.218526 0.355295
vt 0.085792 0.283956
vt 0.125222 0.262623
vt 0.125222 0.288649
vt 0.204260 0.792310
vt 0.859375 0.281250
vt 0.885106 0.256635
vt 0.891894 0.281971
vt 0.878070 0.544687
vt 0.877556 0.574516
vt 0.829942 0.566924
vt 0.839826 0.536375
vt 0.877260 0.602341
vt 0.877139 0.631101
vt 0.821219 0.629738
vt 0.823645 0.598114
vt 0.874324 0.491775
vt 0.873976 0.447406
vt 0.903699 0.436254
vt 0.934594 0.467677
vt 0.878927 0.507119
vt 0.854765 0.501683
vt 0.877239 0.666695
vt 0.820367 0.668598
vt 0.875000 0.406250
vt 0.798480 0.513179
vt 0.834141 0.487652
vt 0.760116 0.585778
vt 0.773209 0.547252
vt 0.762023 0.666908
vt 0.754270 0.625547
vt 0.915413 0.407135
vt 0.883990 0.306981
vt 0.960087 0.407618
vt 0.963302 0.747280
vt 0.979095 0.786317
vt 0.917002 0.800032
vt 0.911469 0.770080
vt 0.985192 0.827584
vt 0.976809 0.872950
vt 0.915262 0.870591
vt 0.919466 0.830703
vt 0.904686 0.378021
vt 0.858654 0.313769
vt 0.936872 0.715119
vt 0.902563 0.739887
vt 0.935899 0.346311
vt 0.902196 0.689550
vt 0.881474 0.703189
vt 0.833644 0.305865
vt 0.859375 0.775217
vt 0.859375 0.746487
vt 0.859375 0.833482
vt 0.859375 0.804002
vt 0.876024 0.365094
vt 0.875676 0.320725
vt 0.859375 0.711581
vt 0.859375 0.867625
vt 0.799284 0.830703
vt 0.801748 0.800032
vt 0.846301 0.376246
vt 0.815406 0.344823
vt 0.816186 0.739887
vt 0.837276 0.703189
vt 0.807280 0.770080
vt 0.803488 0.870591
vt 0.826856 0.280529
vt 0.781878 0.715119
vt 0.816554 0.689550
vt 0.739655 0.786317
vt 0.755447 0.747280
vt 0.741941 0.872950
vt 0.733558 0.827584
vt 0.834587 0.405365
vt 0.834760 0.255519
vt 0.789913 0.404882
vt 0.995730 0.628312
vt 0.985902 0.668598
vt 0.930940 0.664137
vt 0.931328 0.630590
vt 0.845314 0.434479
vt 0.860096 0.248731
vt 0.958042 0.517210
vt 0.981025 0.551821
vt 0.924813 0.568681
vt 0.916343 0.538099
vt 0.991899 0.589902
vt 0.929860 0.599530
vt 0.814101 0.466189
vt 0.924285 0.490207
vt 0.903231 0.502984
vt 0.563570 0.808626
vt 0.583817 0.819153
vt 0.558421 0.910405
vt 0.525097 0.898741
vt 0.660350 0.800277
vt 0.628063 0.806345
vt 0.621995 0.774057
vt 0.654283 0.767989
vt 0.621253 0.825686
vt 0.617358 0.920610
vt 0.582191 0.915969
vt 0.599032 0.823030
vt 0.689993 0.977463
vt 0.654936 0.986696
vt 0.645187 0.951779
vt 0.680806 0.942579
vt 0.678207 0.917205
vt 0.642322 0.920880
vt 0.636957 0.824580
vt 0.659977 0.821184
vt 0.503995 0.889049
vt 0.506153 0.912170
vt 0.564827 0.936598
vt 0.703061 0.911928
vt 0.695204 0.936090
vt 0.629540 0.948432
vt 0.548693 0.797289
vt 0.569057 0.790797
vt 0.596143 0.803693
vt 0.676036 0.814794
vt 0.738224 0.900922
vt 0.746005 0.925786
vt 0.710843 0.936791
vt 0.549386 0.936459
vt 0.516849 0.922305
vt 0.613431 0.950870
vt 0.578566 0.943435
vt 0.699604 0.799854
vt 0.686312 0.780446
vt 0.470058 0.299152
vt 0.486323 0.427222
vt 0.452611 0.418960
vt 0.442364 0.305175
vt 0.326228 0.305757
vt 0.318037 0.433814
vt 0.276172 0.426432
vt 0.298318 0.300836
vt 0.463692 0.498123
vt 0.432974 0.462553
vt 0.447841 0.438424
vt 0.485991 0.461930
vt 0.422638 0.308709
vt 0.430355 0.408611
vt 0.402099 0.410794
vt 0.394382 0.310892
vt 0.374347 0.310429
vt 0.382064 0.410332
vt 0.349490 0.437647
vt 0.346066 0.308594
vt 0.429441 0.289859
vt 0.444161 0.437132
vt 0.384765 0.293310
vt 0.391388 0.440615
vt 0.474849 0.279693
vt 0.489305 0.293572
vt 0.520027 0.435520
vt 0.524818 0.416061
vt 0.338604 0.289995
vt 0.328740 0.450756
vt 0.392838 0.290911
vt 0.421095 0.288729
vt 0.432796 0.440203
vt 0.404539 0.442386
vt 0.347364 0.288596
vt 0.375645 0.290432
vt 0.389416 0.441153
vt 0.347343 0.462097
vt 0.301797 0.281100
vt 0.329708 0.286022
vt 0.314557 0.453549
vt 0.272692 0.446167
vt 0.438105 0.285593
vt 0.465799 0.279570
vt 0.432082 0.257900
vt 0.459775 0.251877
vt 0.480066 0.050836
vt 0.475275 0.183301
vt 0.443185 0.180575
vt 0.460812 0.049200
vt 0.517862 0.037557
vt 0.530222 0.182420
vt 0.498043 0.183733
vt 0.498554 0.038345
vt 0.470620 0.238082
vt 0.438530 0.235355
vt 0.441257 0.203266
vt 0.473347 0.205992
vt 0.444696 0.033769
vt 0.420670 0.177159
vt 0.389174 0.170435
vt 0.425798 0.029735
vt 0.404785 0.037239
vt 0.367227 0.164359
vt 0.336821 0.153743
vt 0.386542 0.030870
vt 0.462714 0.036459
vt 0.428969 0.198365
vt 0.408252 0.024832
vt 0.372938 0.186404
vt 0.480340 0.037957
vt 0.486285 0.203235
vt 0.391551 0.019001
vt 0.374766 0.011918
vt 0.318631 0.167443
vt 0.315861 0.144840
vt 0.429602 0.011918
vt 0.448499 0.015952
vt 0.415915 0.199430
vt 0.384420 0.192706
vt 0.390788 0.018708
vt 0.409032 0.025077
vt 0.359721 0.185859
vt 0.329315 0.175243
vt 0.497811 0.020142
vt 0.517119 0.019354
vt 0.531151 0.205173
vt 0.498972 0.206487
vt 0.461902 0.036364
vt 0.481156 0.038000
vt 0.463538 0.017110
vt 0.482792 0.018746
vt 0.592442 0.299152
vt 0.620136 0.305175
vt 0.609889 0.418960
vt 0.576177 0.427222
vt 0.736272 0.305757
vt 0.764182 0.300836
vt 0.786328 0.426432
vt 0.744463 0.433814
vt 0.598808 0.498123
vt 0.576508 0.461930
vt 0.614659 0.438424
vt 0.629526 0.462553
vt 0.639862 0.308709
vt 0.668118 0.310892
vt 0.660401 0.410794
vt 0.632145 0.408611
vt 0.688153 0.310429
vt 0.716434 0.308594
vt 0.713010 0.437647
vt 0.680436 0.410332
vt 0.633059 0.289859
vt 0.618339 0.437132
vt 0.677735 0.293310
vt 0.671112 0.440615
vt 0.587651 0.279693
vt 0.573195 0.293572
vt 0.542473 0.435520
vt 0.537682 0.416061
vt 0.723896 0.289995
vt 0.733760 0.450756
vt 0.669662 0.290911
vt 0.641405 0.288729
vt 0.629704 0.440203
vt 0.657961 0.442386
vt 0.715136 0.288596
vt 0.686855 0.290432
vt 0.673084 0.441153
vt 0.715157 0.462097
vt 0.760703 0.281100
vt 0.732792 0.286022
vt 0.747943 0.453549
vt 0.789808 0.446167
vt 0.624395 0.285593
vt 0.596701 0.279570
vt 0.630418 0.257900
vt 0.602725 0.251877
vt 0.582434 0.050836
vt 0.601688 0.049200
vt 0.619315 0.180575
vt 0.587225 0.183301
vt 0.544638 0.037557
vt 0.563946 0.038345
vt 0.564457 0.183733
vt 0.532278 0.182420
vt 0.591880 0.238082
vt 0.589153 0.205992
vt 0.621243 0.203266
vt 0.623970 0.235355
vt 0.617804 0.033769
vt 0.636702 0.029735
vt 0.673326 0.170435
vt 0.641830 0.177159
vt 0.657715 0.037239
vt 0.675958 0.030870
vt 0.725679 0.153743
vt 0.695273 0.164359
vt 0.599786 0.036459
vt 0.633531 0.198365
vt 0.654248 0.024832
vt 0.689562 0.186404
vt 0.582160 0.037957
vt 0.576215 0.203235
vt 0.670949 0.019001
vt 0.687734 0.011918
vt 0.743869 0.167443
vt 0.746639 0.144840
vt 0.632898 0.011918
vt 0.614001 0.015952
vt 0.646585 0.199430
vt 0.678080 0.192706
vt 0.671712 0.018708
vt 0.653468 0.025077
vt 0.702779 0.185859
vt 0.733185 0.175243
vt 0.564689 0.020142
vt 0.545381 0.019354
vt 0.531349 0.205173
vt 0.563528 0.206487
vt 0.600598 0.036364
vt 0.581344 0.038000
vt 0.598962 0.017110
vt 0.579708 0.018746
vt 0.591894 0.553935
vt 0.616127 0.558247
vt 0.596099 0.670420
vt 0.565221 0.670324
vt 0.696257 0.551619
vt 0.661891 0.539884
vt 0.673626 0.505518
vt 0.707992 0.517253
vt 0.651158 0.561710
vt 0.646241 0.672498
vt 0.618158 0.670318
vt 0.630187 0.559218
vt 0.699385 0.744482
vt 0.654725 0.743741
vt 0.655466 0.699081
vt 0.700126 0.699822
vt 0.692970 0.674751
vt 0.665705 0.672505
vt 0.665411 0.562671
vt 0.688747 0.564166
vt 0.539183 0.673586
vt 0.560483 0.699517
vt 0.607549 0.698030
vt 0.713187 0.675663
vt 0.573927 0.543921
vt 0.589433 0.539480
vt 0.623226 0.538650
vt 0.705802 0.561815
vt 0.750343 0.684231
vt 0.740954 0.713101
vt 0.729700 0.551184
vt 0.722704 0.536890
vt 0.437045 0.807124
vt 0.475035 0.896805
vt 0.441924 0.908287
vt 0.416687 0.817484
vt 0.340258 0.797746
vt 0.346512 0.765393
vt 0.378865 0.771648
vt 0.372610 0.804000
vt 0.379264 0.823404
vt 0.401378 0.820931
vt 0.418212 0.913904
vt 0.382942 0.918473
vt 0.309960 0.975243
vt 0.319277 0.940305
vt 0.354952 0.949636
vt 0.345072 0.984607
vt 0.321961 0.914878
vt 0.340539 0.818708
vt 0.363577 0.822212
vt 0.357920 0.918673
vt 0.496029 0.887246
vt 0.493811 0.910207
vt 0.435599 0.934449
vt 0.297065 0.909509
vt 0.304863 0.933754
vt 0.370652 0.946324
vt 0.451921 0.795947
vt 0.431753 0.789299
vt 0.404595 0.801781
vt 0.324470 0.812241
vt 0.289184 0.934408
vt 0.253971 0.923263
vt 0.261852 0.898364
vt 0.483153 0.920218
vt 0.450816 0.934174
vt 0.421781 0.941450
vt 0.386808 0.948822
vt 0.300897 0.797177
vt 0.314297 0.777763
vt 0.472674 0.553515
vt 0.497190 0.670430
vt 0.466172 0.670436
vt 0.448840 0.557628
vt 0.369135 0.550888
vt 0.358037 0.516687
vt 0.392239 0.505589
vt 0.403337 0.539790
vt 0.413919 0.561328
vt 0.434818 0.558888
vt 0.445687 0.670282
vt 0.417463 0.671612
vt 0.361381 0.744329
vt 0.361463 0.698698
vt 0.407094 0.698780
vt 0.407013 0.744411
vt 0.369115 0.673465
vt 0.376363 0.563519
vt 0.399780 0.562448
vt 0.396244 0.671469
vt 0.524341 0.674079
vt 0.501864 0.699979
vt 0.455226 0.697701
vt 0.348855 0.673975
vt 0.489563 0.544288
vt 0.475118 0.539766
vt 0.441734 0.538362
vt 0.359414 0.560790
vt 0.320054 0.710886
vt 0.311436 0.681605
vt 0.335902 0.549582
vt 0.343237 0.535559
vt 0.171874 0.262623
vt 0.171874 0.288649
vt 0.078348 0.807670
vt 0.957238 0.215476
vt 0.931835 0.183848
vt 0.927027 0.159369
vt 0.936637 0.138592
vt 0.914034 0.159456
vt 0.909654 0.133395
vt 0.886954 0.200037
vt 0.913576 0.184854
vt 0.913520 0.254361
vt 0.935769 0.253661
vt 0.860426 0.091102
vt 0.920824 0.076021
vt 0.899525 0.125463
vt 0.879538 0.124938
vt 0.914104 0.272902
vt 0.936353 0.272201
vt 0.870141 0.208259
vt 0.896707 0.262583
vt 0.940968 0.116107
vt 0.913985 0.110910
vt 0.972190 0.211470
vt 0.951589 0.134586
vt 0.952140 0.262865
vt 0.973609 0.224681
vt 0.893696 0.127959
vt 0.870996 0.194601
vt 0.882600 0.008348
vt 0.902587 0.008873
vt 0.761512 0.215477
vt 0.782113 0.138592
vt 0.791723 0.159369
vt 0.786915 0.183848
vt 0.809096 0.133395
vt 0.804716 0.159456
vt 0.831796 0.200037
vt 0.805230 0.254361
vt 0.805174 0.184854
vt 0.782981 0.253661
vt 0.858324 0.091102
vt 0.839212 0.124938
vt 0.819225 0.125463
vt 0.797926 0.076021
vt 0.804646 0.272902
vt 0.782397 0.272201
vt 0.848609 0.208259
vt 0.822043 0.262583
vt 0.777782 0.116107
vt 0.804765 0.110910
vt 0.746560 0.211470
vt 0.767161 0.134585
vt 0.766610 0.262865
vt 0.745141 0.224681
vt 0.825054 0.127959
vt 0.847754 0.194601
vt 0.836150 0.008348
vt 0.816163 0.008873
vt 0.857453 0.895108
vt 0.834384 0.895108
vt 0.826694 0.906642
vt 0.868987 0.906642
vt 0.826694 0.937401
vt 0.868987 0.937401
vt 0.826694 0.941246
vt 0.838228 0.941246
vt 0.872832 0.914332
vt 0.892056 0.918177
vt 0.872832 0.925866
vt 0.892056 0.925866
vt 0.838228 0.979694
vt 0.826694 0.979694
vt 0.842073 0.941246
vt 0.853608 0.941246
vt 0.853608 0.979694
vt 0.842073 0.979694
vt 0.857453 0.941246
vt 0.868987 0.941246
vt 0.868987 0.979694
vt 0.857453 0.979694
vt 0.955047 0.895306
vt 0.978116 0.895306
vt 0.985806 0.906841
vt 0.943513 0.906841
vt 0.985806 0.937599
vt 0.943513 0.937599
vt 0.985806 0.941444
vt 0.974272 0.941444
vt 0.939668 0.914530
vt 0.920444 0.918375
vt 0.939668 0.926065
vt 0.920444 0.926065
vt 0.985806 0.979892
vt 0.974271 0.979892
vt 0.970427 0.941444
vt 0.958892 0.941444
vt 0.970427 0.979892
vt 0.958892 0.979892
vt 0.955047 0.941444
vt 0.943513 0.941444
vt 0.955047 0.979892
vt 0.943513 0.979892
vt 0.314707 0.179624
vt 0.313333 0.262987
vt 0.079021 0.178667
vt 0.080395 0.262029
vt 0.030417 0.262853
vt 0.029043 0.179491
vt 0.045740 0.792310
vt 0.089178 0.355295
vt 0.089178 0.305310
vt 0.125222 0.355295
vt 0.171874 0.355295
vt 0.258703 0.375010
vt 0.258261 0.428276
vt 0.221554 0.445728
vt 0.222142 0.374707
vt 0.203680 0.835893
vt 0.171456 0.824544
vt 0.125000 0.824607
vt 0.122879 0.445430
vt 0.172218 0.444951
vt 0.262059 0.446607
vt 0.078544 0.824545
vt 0.086278 0.427757
vt 0.086158 0.374489
vt 0.122719 0.374407
vt 0.046320 0.835893
vt 0.082368 0.446065
vt 0.172431 0.374407
s 1
f 292/1/1 290/2/1 12/3/1 8/4/1
f 4/5/2 31/6/2 26/7/2 1/8/2
f 25/9/3 2/10/3 1/8/3 26/7/3
f 285/11/4 18/12/4 13/13/4 289/14/4
f 7/15/5 14/16/5 20/17/5 5/18/5
f 291/19/6 286/20/6 32/21/6 3/22/6
f 9/23/7 10/24/7 11/25/7
f 12/3/8 13/13/8 14/16/8
f 15/26/9 16/27/9 17/28/9
f 18/29/10 19/30/10 20/31/10
f 21/32/11 22/33/11 23/34/11
f 24/35/12 25/9/12 26/7/12
f 27/36/13 28/37/13 29/38/13
f 30/39/14 31/40/14 32/21/14
f 15/41/15 9/23/15 11/42/15 16/43/15
f 8/4/16 12/3/16 14/16/16 7/15/16
f 13/13/17 18/12/17 20/44/17 14/16/17
f 418/45/18 17/28/18 16/46/18 415/47/18
f 283/48/19 15/26/19 17/28/19 284/49/19
f 285/50/20 30/39/20 32/21/20 286/20/20
f 419/51/21 29/52/21 28/37/21 413/53/21
f 21/32/22 27/54/22 29/55/22 22/56/22
f 30/57/23 24/35/23 26/7/23 31/58/23
f 420/59/24 23/34/24 22/60/24 416/61/24
f 287/62/25 21/32/25 23/34/25 288/63/25
f 289/14/26 13/13/26 12/3/26 290/2/26
f 283/64/27 27/54/27 21/32/27 287/62/27
f 31/65/28 4/66/28 3/22/28 32/21/28
f 19/30/29 6/67/29 5/68/29 20/69/29
f 420/59/30 416/70/30 426/71/30
f 422/72/31 418/45/31 425/73/31 430/74/31
f 416/75/32 419/76/32 423/77/32 426/71/32
f 417/78/33 414/79/33 424/80/33
f 418/45/34 415/81/34 425/73/34
f 82/82/35 90/83/35 39/84/35
f 89/85/36 88/86/36 37/87/36 38/88/36
f 87/89/37 86/90/37 35/91/37 36/92/37
f 85/93/38 84/94/38 33/95/38 34/96/38
f 90/97/39 89/85/39 38/88/39 39/98/39
f 88/86/40 87/89/40 36/92/40 37/87/40
f 86/90/41 85/99/41 34/100/41 35/91/41
f 84/94/42 83/101/42 33/95/42
f 39/98/43 38/88/43 45/102/43 46/103/43
f 37/87/44 36/92/44 43/104/44 44/105/44
f 35/91/45 34/100/45 41/106/45 42/107/45
f 33/95/46 83/101/46 40/108/46
f 82/82/47 39/84/47 46/109/47
f 38/88/48 37/87/48 44/105/48 45/102/48
f 36/92/49 35/91/49 42/107/49 43/104/49
f 34/96/50 33/95/50 40/108/50 41/110/50
f 44/111/51 43/112/51 50/113/51 51/114/51
f 42/115/52 41/116/52 48/117/52 49/118/52
f 40/108/53 83/101/53 47/119/53
f 82/82/54 46/109/54 53/120/54
f 45/121/55 44/111/55 51/114/55 52/122/55
f 43/112/56 42/115/56 49/118/56 50/113/56
f 41/110/57 40/108/57 47/119/57 48/123/57
f 46/124/58 45/121/58 52/122/58 53/125/58
f 82/82/59 53/120/59 60/126/59
f 52/122/60 51/114/60 58/127/60 59/128/60
f 50/113/61 49/118/61 56/129/61 57/130/61
f 48/123/62 47/119/62 54/131/62 55/132/62
f 53/125/63 52/122/63 59/128/63 60/133/63
f 51/114/64 50/113/64 57/130/64 58/127/64
f 49/118/65 48/117/65 55/134/65 56/129/65
f 47/119/66 83/101/66 54/131/66
f 57/130/67 56/129/67 63/135/67 64/136/67
f 55/132/68 54/131/68 61/137/68 62/138/68
f 60/133/69 59/128/69 66/139/69 67/140/69
f 58/127/70 57/130/70 64/136/70 65/141/70
f 56/129/71 55/134/71 62/142/71 63/135/71
f 54/131/72 83/101/72 61/137/72
f 82/82/73 60/126/73 67/143/73
f 59/128/74 58/127/74 65/141/74 66/139/74
f 67/140/75 66/139/75 73/144/75 74/145/75
f 65/141/76 64/136/76 71/146/76 72/147/76
f 63/135/77 62/142/77 69/148/77 70/149/77
f 61/137/78 83/101/78 68/150/78
f 82/82/79 67/143/79 74/151/79
f 66/139/80 65/141/80 72/147/80 73/144/80
f 64/136/81 63/135/81 70/149/81 71/146/81
f 62/138/82 61/137/82 68/150/82 69/152/82
f 70/153/83 69/154/83 76/155/83 77/156/83
f 68/150/84 83/101/84 75/157/84
f 82/82/85 74/151/85 81/158/85
f 73/159/86 72/160/86 79/161/86 80/162/86
f 71/163/87 70/153/87 77/156/87 78/164/87
f 69/152/88 68/150/88 75/157/88 76/165/88
f 74/166/89 73/159/89 80/162/89 81/167/89
f 72/160/90 71/163/90 78/164/90 79/161/90
f 82/82/91 81/158/91 90/83/91
f 80/162/92 79/161/92 88/86/92 89/85/92
f 78/164/93 77/156/93 86/90/93 87/89/93
f 76/165/94 75/157/94 84/94/94 85/93/94
f 81/167/95 80/162/95 89/85/95 90/97/95
f 79/161/96 78/164/96 87/89/96 88/86/96
f 77/156/97 76/155/97 85/99/97 86/90/97
f 75/157/98 83/101/98 84/94/98
f 105/168/99 107/169/99 94/170/99 92/171/99
f 111/172/100 113/173/100 108/174/100 104/175/100
f 112/176/101 100/177/101 95/178/101 106/179/101
f 93/180/102 96/181/102 102/182/102 98/183/102
f 99/184/103 101/185/103 114/186/103 110/187/103
f 91/188/104 92/171/104 93/189/104
f 94/170/105 95/178/105 96/190/105
f 97/191/106 98/192/106 99/184/106
f 100/177/107 101/185/107 102/193/107
f 103/194/108 104/195/108 105/168/108
f 106/179/109 107/169/109 108/196/109
f 109/197/110 110/187/110 111/172/110
f 112/176/111 113/173/111 114/186/111
f 97/191/112 91/198/112 93/199/112 98/200/112
f 92/171/113 94/170/113 96/201/113 93/202/113
f 95/178/114 100/177/114 102/203/114 96/204/114
f 101/185/115 99/184/115 98/183/115 102/182/115
f 109/197/116 97/191/116 99/184/116 110/187/116
f 100/177/117 112/176/117 114/186/117 101/185/117
f 113/173/118 111/172/118 110/187/118 114/186/118
f 103/205/119 109/197/119 111/172/119 104/206/119
f 112/176/120 106/179/120 108/196/120 113/173/120
f 107/169/24 105/168/24 104/195/24 108/196/24
f 91/188/121 103/194/121 105/168/121 92/171/121
f 106/179/122 95/178/122 94/170/122 107/169/122
f 97/191/123 109/197/123 103/205/123 91/198/123
f 129/207/124 131/208/124 118/209/124 116/210/124
f 135/211/100 137/212/100 132/213/100 128/214/100
f 136/215/125 124/216/125 119/217/125 130/218/125
f 117/219/126 120/220/126 126/221/126 122/222/126
f 123/223/127 125/224/127 138/225/127 134/226/127
f 115/227/128 116/210/128 117/219/128
f 118/209/129 119/228/129 120/220/129
f 121/229/130 122/222/130 123/223/130
f 124/230/131 125/224/131 126/221/131
f 127/231/108 128/232/108 129/207/108
f 130/233/132 131/208/132 132/234/132
f 133/235/110 134/226/110 135/211/110
f 136/236/133 137/212/133 138/225/133
f 121/237/112 115/238/112 117/219/112 122/222/112
f 116/210/134 118/209/134 120/220/134 117/219/134
f 119/239/135 124/240/135 126/221/135 120/220/135
f 125/224/136 123/223/136 122/222/136 126/221/136
f 133/241/137 121/242/137 123/223/137 134/226/137
f 124/243/138 136/244/138 138/225/138 125/224/138
f 137/212/139 135/211/139 134/226/139 138/225/139
f 127/245/119 133/246/119 135/211/119 128/214/119
f 136/247/120 130/248/120 132/213/120 137/212/120
f 131/208/24 129/207/24 128/232/24 132/234/24
f 115/249/25 127/250/25 129/207/25 116/210/25
f 130/218/140 119/217/140 118/209/140 131/208/140
f 121/251/27 133/252/27 127/250/27 115/249/27
f 153/253/141 155/254/141 142/255/141 140/256/141
f 159/257/142 161/258/142 156/259/142 152/260/142
f 160/261/143 148/262/143 143/263/143 154/264/143
f 141/265/144 144/266/144 150/267/144 146/268/144
f 147/269/145 149/270/145 162/271/145 158/272/145
f 139/273/119 140/256/119 141/265/119
f 142/255/146 143/274/146 144/266/146
f 145/275/119 146/268/119 147/269/119
f 148/276/147 149/270/147 150/267/147
f 151/277/112 152/260/112 153/253/112
f 154/278/109 155/254/109 156/259/109
f 157/279/112 158/272/112 159/280/112
f 160/281/111 161/282/111 162/271/111
f 145/283/119 139/284/119 141/265/119 146/268/119
f 140/256/148 142/255/148 144/266/148 141/265/148
f 143/285/149 148/286/149 150/267/149 144/266/149
f 149/270/150 147/269/150 146/268/150 150/267/150
f 157/287/27 145/288/27 147/269/27 158/272/27
f 148/289/151 160/290/151 162/271/151 149/270/151
f 161/282/152 159/280/152 158/272/152 162/271/152
f 151/291/112 157/292/112 159/257/112 152/260/112
f 160/293/120 154/294/120 156/259/120 161/258/120
f 155/254/153 153/253/153 152/260/153 156/259/153
f 139/295/27 151/296/27 153/253/27 140/256/27
f 154/264/154 143/263/154 142/255/154 155/254/154
f 145/297/27 157/298/27 151/296/27 139/295/27
f 177/299/155 164/300/155 166/301/155 179/302/155
f 183/303/156 176/304/156 180/305/156 185/306/156
f 184/307/157 178/308/157 167/309/157 172/310/157
f 165/311/158 170/312/158 174/313/158 168/314/158
f 171/315/159 182/316/159 186/317/159 173/318/159
f 163/319/108 165/311/108 164/300/108
f 166/301/160 168/314/160 167/320/160
f 169/321/110 171/315/110 170/312/110
f 172/322/161 174/313/161 173/318/161
f 175/323/128 177/299/128 176/324/128
f 178/325/162 180/326/162 179/302/162
f 181/327/163 183/303/163 182/316/163
f 184/328/164 186/317/164 185/306/164
f 169/329/119 170/312/119 165/311/119 163/330/119
f 164/300/165 165/311/165 168/314/165 166/301/165
f 167/331/166 168/314/166 174/313/166 172/332/166
f 173/318/167 174/313/167 170/312/167 171/315/167
f 181/333/137 182/316/137 171/315/137 169/334/137
f 172/335/168 173/318/168 186/317/168 184/336/168
f 185/306/169 186/317/169 182/316/169 183/303/169
f 175/337/112 176/304/112 183/303/112 181/338/112
f 184/339/149 185/306/149 180/305/149 178/340/149
f 179/302/170 180/326/170 176/324/170 177/299/170
f 163/341/25 164/300/25 177/299/25 175/342/25
f 178/308/171 179/302/171 166/301/171 167/309/171
f 169/343/27 163/341/27 175/342/27 181/344/27
f 201/345/141 188/346/141 190/347/141 203/348/141
f 207/349/144 200/350/144 204/351/144 209/352/144
f 208/353/143 202/354/143 191/355/143 196/356/143
f 189/357/142 194/358/142 198/359/142 192/360/142
f 195/361/145 206/362/145 210/363/145 197/364/145
f 187/365/112 189/357/112 188/346/112
f 190/347/109 192/360/109 191/366/109
f 193/367/112 195/361/112 194/358/112
f 196/368/111 198/359/111 197/364/111
f 199/369/119 201/345/119 200/350/119
f 202/370/146 204/351/146 203/348/146
f 205/371/119 207/372/119 206/362/119
f 208/373/147 210/363/147 209/374/147
f 193/375/112 194/358/112 189/357/112 187/376/112
f 188/346/153 189/357/153 192/360/153 190/347/153
f 191/377/120 192/360/120 198/359/120 196/378/120
f 197/364/152 198/359/152 194/358/152 195/361/152
f 205/379/27 206/362/27 195/361/27 193/380/27
f 196/381/151 197/364/151 210/363/151 208/382/151
f 209/374/150 210/363/150 206/362/150 207/372/150
f 199/383/119 200/350/119 207/349/119 205/384/119
f 208/385/149 209/352/149 204/351/149 202/386/149
f 203/348/148 204/351/148 200/350/148 201/345/148
f 187/387/27 188/346/27 201/345/27 199/388/27
f 202/354/154 203/348/154 190/347/154 191/355/154
f 193/389/27 187/387/27 199/388/27 205/390/27
f 225/391/172 227/392/172 214/393/172 212/394/172
f 231/395/100 233/396/100 228/397/100 224/398/100
f 232/399/173 220/400/173 215/401/173 226/402/173
f 213/403/156 216/404/156 222/405/156 218/406/156
f 219/407/174 221/408/174 234/409/174 230/410/174
f 211/411/175 212/394/175 213/412/175
f 214/393/176 215/401/176 216/413/176
f 217/414/177 218/406/177 219/407/177
f 220/400/178 221/408/178 222/405/178
f 223/415/100 224/416/100 225/391/100
f 226/402/179 227/392/179 228/417/179
f 229/418/100 230/410/100 231/395/100
f 232/399/180 233/396/180 234/409/180
f 217/414/112 211/419/112 213/420/112 218/406/112
f 212/394/170 214/393/170 216/413/170 213/412/170
f 215/401/149 220/400/149 222/405/149 216/413/149
f 221/408/181 219/407/181 218/406/181 222/405/181
f 229/418/116 217/414/116 219/407/116 230/410/116
f 220/400/182 232/399/182 234/409/182 221/408/182
f 233/396/183 231/395/183 230/410/183 234/409/183
f 223/421/100 229/418/100 231/395/100 224/422/100
f 232/399/119 226/402/119 228/417/119 233/396/119
f 227/392/184 225/391/184 224/416/184 228/417/184
f 211/411/121 223/415/121 225/391/121 212/394/121
f 226/402/185 215/401/185 214/393/185 227/392/185
f 217/414/123 229/418/123 223/421/123 211/419/123
f 249/423/186 236/424/186 238/425/186 251/426/186
f 255/427/156 248/428/156 252/429/156 257/430/156
f 256/431/187 250/432/187 239/433/187 244/434/187
f 237/435/188 242/436/188 246/437/188 240/438/188
f 243/439/189 254/440/189 258/441/189 245/442/189
f 235/443/190 237/444/190 236/424/190
f 238/425/191 240/445/191 239/433/191
f 241/446/192 243/439/192 242/447/192
f 244/434/193 246/448/193 245/442/193
f 247/449/128 249/423/128 248/450/128
f 250/432/146 252/451/146 251/426/146
f 253/452/130 255/427/130 254/440/130
f 256/431/147 258/441/147 257/430/147
f 241/446/119 242/453/119 237/454/119 235/455/119
f 236/424/194 237/456/194 240/457/194 238/425/194
f 239/433/195 240/458/195 246/459/195 244/434/195
f 245/442/196 246/437/196 242/436/196 243/439/196
f 253/452/197 254/440/197 243/439/197 241/446/197
f 244/434/198 245/442/198 258/441/198 256/431/198
f 257/430/181 258/441/181 254/440/181 255/427/181
f 247/460/112 248/461/112 255/427/112 253/452/112
f 256/431/149 257/430/149 252/451/149 250/432/149
f 251/426/170 252/451/170 248/450/170 249/423/170
f 235/443/199 236/424/199 249/423/199 247/449/199
f 250/432/200 251/426/200 238/425/200 239/433/200
f 241/446/201 235/455/201 247/460/201 253/452/201
f 273/462/202 260/463/202 262/464/202 275/465/202
f 279/466/156 272/467/156 276/468/156 281/469/156
f 280/470/203 274/471/203 263/472/203 268/473/203
f 261/474/100 266/475/100 270/476/100 264/477/100
f 267/478/204 278/479/204 282/480/204 269/481/204
f 259/482/205 261/483/205 260/463/205
f 262/464/206 264/484/206 263/472/206
f 265/485/207 267/478/207 266/475/207
f 268/473/208 270/476/208 269/481/208
f 271/486/156 273/462/156 272/487/156
f 274/471/209 276/488/209 275/465/209
f 277/489/156 279/466/156 278/479/156
f 280/470/210 282/480/210 281/469/210
f 265/485/119 266/475/119 261/490/119 259/491/119
f 260/463/24 261/483/24 264/484/24 262/464/24
f 263/472/120 264/484/120 270/476/120 268/473/120
f 269/481/118 270/476/118 266/475/118 267/478/118
f 277/489/197 278/479/197 267/478/197 265/485/197
f 268/473/211 269/481/211 282/480/211 280/470/211
f 281/469/212 282/480/212 278/479/212 279/466/212
f 271/492/156 272/493/156 279/466/156 277/489/156
f 280/470/112 281/469/112 276/488/112 274/471/112
f 275/465/213 276/488/213 272/487/213 273/462/213
f 259/482/199 260/463/199 273/462/199 271/486/199
f 274/471/214 275/465/214 262/464/214 263/472/214
f 265/485/201 259/491/201 271/492/201 277/489/201
f 414/79/215 421/494/215 429/495/215 424/80/215
f 413/53/31 422/72/31 430/74/31 423/496/31
f 15/41/27 283/64/27 287/62/27 9/23/27
f 24/35/216 289/14/216 290/2/216 25/9/216
f 9/23/25 287/62/25 288/63/25 10/24/25
f 18/29/217 285/50/217 286/20/217 19/30/217
f 27/36/19 283/48/19 284/49/19 28/37/19
f 6/67/218 19/30/218 286/20/218 291/19/218
f 30/57/219 285/11/219 289/14/219 24/35/219
f 2/10/220 25/9/220 290/2/220 292/1/220
f 308/497/221 294/498/221 296/499/221 302/500/221
f 302/500/151 296/499/151 300/501/151 303/502/151
f 307/503/222 298/504/222 304/505/222
f 304/505/223 298/504/223 294/498/223 301/506/223
f 305/507/27 306/508/27 297/509/27 293/510/27
f 297/511/224 304/505/224 301/506/224 293/512/224
f 306/513/225 307/503/225 304/505/225 297/514/225
f 295/515/226 302/500/226 303/502/226 299/516/226
f 305/517/227 308/497/227 302/500/227 295/518/227
f 293/519/228 301/506/228 308/497/228 305/520/228
f 299/521/229 303/502/229 307/503/229 306/522/229
f 300/501/143 296/499/143 294/498/143 298/504/143
f 295/523/27 299/524/27 306/508/27 305/507/27
f 303/502/230 300/501/230 298/504/230 307/503/230
f 301/506/231 294/498/231 308/497/231
f 324/525/232 318/526/232 312/527/232 310/528/232
f 318/526/151 319/529/151 316/530/151 312/527/151
f 323/531/233 320/532/233 314/533/233
f 320/532/223 317/534/223 310/528/223 314/533/223
f 321/535/27 309/536/27 313/537/27 322/538/27
f 313/539/224 309/540/224 317/534/224 320/532/224
f 322/541/234 313/542/234 320/532/234 323/531/234
f 311/543/226 315/544/226 319/529/226 318/526/226
f 321/545/235 311/546/235 318/526/235 324/525/235
f 309/547/236 321/548/236 324/525/236 317/534/236
f 315/549/237 322/550/237 323/531/237 319/529/237
f 316/530/143 314/533/143 310/528/143 312/527/143
f 311/551/27 321/535/27 322/538/27 315/552/27
f 319/529/238 323/531/238 314/533/238 316/530/238
f 317/534/239 324/525/239 310/528/239
f 325/553/156 326/553/156 328/554/156 327/554/156
f 327/554/240 328/554/240 332/555/240 331/555/240
f 329/556/170 330/556/170 326/553/170 325/553/170
f 327/554/27 331/555/27 329/556/27 325/553/27
f 332/555/143 328/554/143 326/553/143 330/556/143
f 331/555/226 332/555/226 336/557/226 335/557/226
f 330/556/224 329/556/224 333/558/224 334/558/224
f 329/556/27 331/555/27 335/557/27 333/558/27
f 347/559/156 345/560/156 346/560/156 348/559/156
f 338/561/241 337/561/241 341/562/241 342/562/241
f 335/557/100 336/557/100 334/558/100 333/558/100
f 338/561/226 340/563/226 339/563/226 337/561/226
f 342/562/224 341/562/224 343/564/224 344/564/224
f 339/563/100 340/563/100 344/564/100 343/564/100
f 340/563/143 338/561/143 342/562/143 344/564/143
f 337/561/27 339/563/27 343/564/27 341/562/27
f 348/559/143 346/560/143 350/565/143 352/566/143
f 351/566/100 352/566/100 350/565/100 349/565/100
f 347/559/226 348/559/226 352/566/226 351/566/226
f 346/560/224 345/560/224 349/565/224 350/565/224
f 345/560/27 347/559/27 351/566/27 349/565/27
f 355/567/156 353/568/156 354/568/156 356/567/156
f 356/567/143 354/568/143 358/569/143 360/570/143
f 359/570/100 360/570/100 358/569/100 357/569/100
f 355/567/226 356/567/226 360/570/226 359/570/226
f 354/568/224 353/568/224 357/569/224 358/569/224
f 353/568/27 355/567/27 359/570/27 357/569/27
f 363/571/156 361/572/156 362/572/156 364/571/156
f 364/571/143 362/572/143 366/573/143 368/574/143
f 367/574/100 368/574/100 366/573/100 365/573/100
f 363/571/226 364/571/226 368/574/226 367/574/226
f 362/572/224 361/572/224 365/573/224 366/573/224
f 361/572/27 363/571/27 367/574/27 365/573/27
f 369/575/100 371/576/100 372/576/100 370/575/100
f 371/576/242 375/577/242 376/577/242 372/576/242
f 332/555/143 330/556/143 334/558/143 336/557/143
f 373/578/24 369/575/24 370/575/24 374/578/24
f 371/576/27 369/575/27 373/578/27 375/577/27
f 376/577/143 374/578/143 370/575/143 372/576/143
f 375/577/226 379/579/226 380/579/226 376/577/226
f 374/578/224 378/580/224 377/580/224 373/578/224
f 373/578/27 377/580/27 379/579/27 375/577/27
f 391/581/100 392/581/100 390/582/100 389/582/100
f 382/583/243 386/584/243 385/584/243 381/583/243
f 379/579/156 377/580/156 378/580/156 380/579/156
f 382/583/226 381/583/226 383/585/226 384/585/226
f 386/584/224 388/586/224 387/586/224 385/584/224
f 383/585/156 387/586/156 388/586/156 384/585/156
f 384/585/143 388/586/143 386/584/143 382/583/143
f 381/583/27 385/584/27 387/586/27 383/585/27
f 392/581/143 396/587/143 394/588/143 390/582/143
f 395/587/156 393/588/156 394/588/156 396/587/156
f 391/581/226 395/587/226 396/587/226 392/581/226
f 390/582/224 394/588/224 393/588/224 389/582/224
f 389/582/27 393/588/27 395/587/27 391/581/27
f 399/589/100 400/589/100 398/590/100 397/590/100
f 400/589/143 404/591/143 402/592/143 398/590/143
f 403/591/156 401/592/156 402/592/156 404/591/156
f 399/589/226 403/591/226 404/591/226 400/589/226
f 398/590/224 402/592/224 401/592/224 397/590/224
f 397/590/27 401/592/27 403/591/27 399/589/27
f 407/593/100 408/593/100 406/594/100 405/594/100
f 408/593/143 412/595/143 410/596/143 406/594/143
f 411/595/156 409/596/156 410/596/156 412/595/156
f 407/593/226 411/595/226 412/595/226 408/593/226
f 406/594/224 410/596/224 409/596/224 405/594/224
f 405/594/27 409/596/27 411/595/27 407/593/27
f 376/577/143 380/579/143 378/580/143 374/578/143
f 17/28/226 418/45/226 422/72/226 284/49/226
f 23/34/224 420/59/224 421/494/224 288/63/224
f 288/63/224 421/494/224 414/79/224 10/24/224
f 29/597/244 419/598/244 416/61/244 22/60/244
f 11/599/245 417/600/245 415/601/245 16/602/245
f 284/49/226 422/72/226 413/53/226 28/37/226
f 10/24/170 414/79/170 417/600/170 11/599/170
f 419/603/246 413/53/246 423/496/246
f 421/494/215 420/59/215 426/71/215 429/495/215
f 415/604/247 417/605/247 424/80/247 425/606/247
f 429/495/143 430/607/143 425/606/143 424/80/143
f 430/607/143 429/495/143 426/71/143 423/77/143
f 4/608/248 1/609/248 427/610/248 428/611/248
f 5/612/249 6/67/249 431/613/249
f 6/67/137 291/19/137 433/614/137 431/613/137
f 292/1/25 8/4/25 432/615/25 434/616/25
f 1/617/250 2/10/250 427/610/250
f 291/19/137 3/22/137 428/618/137 433/614/137
f 2/10/25 292/1/25 434/616/25 427/610/25
f 7/619/251 5/620/251 431/621/251 432/615/251
f 3/22/252 4/622/252 428/618/252
f 8/4/253 7/623/253 432/615/253
f 432/615/27 431/621/27 433/624/27 434/616/27
f 433/624/27 428/611/27 427/610/27 434/616/27
o Android.001
v 0.206217 1.573092 0.539858
v 0.119025 1.576965 0.642242
v 0.120703 1.566363 0.342267
v 0.202058 1.567811 0.390008
v -0.257763 1.569612 0.402708
v -0.179181 1.567538 0.350549
v -0.253604 1.574893 0.552557
v -0.160866 1.578062 0.649972
v -0.172993 1.210114 0.564398
v -0.143378 1.314779 0.659625
v -0.255900 1.307703 0.562729
v -0.169413 1.789025 0.672804
v -0.221171 1.936310 0.588969
v -0.271534 1.806587 0.594939
v -0.176905 1.204229 0.414565
v -0.259812 1.301818 0.412896
v -0.181178 1.302149 0.360775
v -0.226658 1.949256 0.388464
v -0.229783 1.825810 0.292801
v -0.327030 1.809735 0.396167
v 0.136765 1.218999 0.555962
v 0.223725 1.321460 0.549668
v 0.116418 1.322231 0.652550
v 0.178673 1.934744 0.577926
v 0.130470 1.787851 0.664522
v 0.228272 1.804630 0.581135
v 0.132853 1.213114 0.406129
v 0.138572 1.311320 0.352067
v 0.219813 1.315575 0.399834
v 0.173187 1.947690 0.377421
v 0.272736 1.807386 0.379603
v 0.170061 1.824244 0.281758
v 0.066053 2.617344 0.366206
v 0.140484 2.541809 0.289921
v 0.190041 2.431252 0.241072
v 0.184834 2.303405 0.250697
v 0.166944 2.176068 0.273720
v 0.116749 2.069527 0.330239
v 0.041891 2.000002 0.411648
v 0.106077 2.620387 0.455675
v 0.214438 2.547432 0.455238
v 0.286667 2.438598 0.457069
v 0.288784 2.310547 0.461524
v 0.262932 2.182605 0.466751
v 0.190065 2.074340 0.472589
v 0.081277 2.002235 0.478150
v 0.071078 2.623724 0.547216
v 0.149768 2.553597 0.624384
v 0.229008 2.446550 0.677328
v 0.223526 2.318352 0.677024
v 0.204636 2.189746 0.664042
v 0.151595 2.079591 0.618027
v 0.045640 2.004763 0.546724
v -0.018443 2.625400 0.587206
v -0.015644 2.556694 0.698276
v -0.013951 2.450701 0.774613
v -0.014259 2.322747 0.781628
v -0.015342 2.193807 0.760692
v -0.017674 2.082703 0.692024
v -0.020899 2.006349 0.586079
v -0.110044 2.624433 0.552218
v -0.184902 2.554908 0.633627
v -0.261935 2.448472 0.690887
v -0.257482 2.320236 0.690309
v -0.240344 2.191489 0.676332
v -0.190788 2.080932 0.627483
v -0.089519 2.005292 0.550457
v -0.150068 2.621390 0.462749
v -0.258856 2.549285 0.468310
v -0.331723 2.441021 0.474148
v -0.334593 2.312989 0.478740
v -0.309494 2.184847 0.482560
v -0.237266 2.076014 0.484391
v -0.128905 2.003058 0.483955
v -0.115069 2.618053 0.371208
v -0.194185 2.543120 0.299164
v -0.247226 2.432965 0.253148
v -0.242497 2.305079 0.262499
v -0.224360 2.177600 0.284527
v -0.171958 2.070657 0.338212
v -0.093268 2.000531 0.415381
v -0.023889 1.977178 0.481952
v -0.021921 2.646358 0.458312
v -0.025548 2.616377 0.331218
v -0.028773 2.540023 0.225273
v -0.031105 2.428919 0.156605
v -0.031551 2.300789 0.158636
v -0.031220 2.173644 0.188619
v -0.029527 2.067651 0.264956
v -0.026729 1.998945 0.376026
v 0.237267 1.831219 0.588880
v 0.175149 1.863357 0.578462
v 0.190625 1.804050 0.543203
v 0.125990 1.898022 0.498576
v 0.138949 1.900548 0.429109
v 0.137053 1.829814 0.462171
v 0.312343 1.801607 0.529832
v 0.265701 1.774438 0.484155
v 0.325301 1.804133 0.460364
v 0.214025 1.870936 0.370060
v 0.276142 1.838798 0.380479
v 0.207717 1.791302 0.401976
v 0.371729 2.111099 0.602548
v 0.369716 2.160566 0.575181
v 0.322035 2.136810 0.594213
v 0.293075 2.166563 0.474731
v 0.282708 2.164541 0.530305
v 0.330388 2.188298 0.511272
v 0.431790 2.087410 0.555309
v 0.442157 2.089431 0.499736
v 0.429776 2.136877 0.527942
v 0.353136 2.142873 0.427492
v 0.390449 2.164608 0.464034
v 0.402830 2.117162 0.435827
v 0.146979 0.838177 0.648918
v 0.154339 0.897003 0.687459
v 0.093997 0.884856 0.652654
v 0.068604 1.286435 0.628364
v 0.051886 1.325539 0.571872
v 0.012941 1.225324 0.602535
v 0.122902 0.818456 0.553884
v 0.069920 0.865135 0.557621
v 0.106185 0.857560 0.497392
v 0.025861 1.307597 0.468086
v 0.025128 1.198027 0.447273
v -0.011136 1.205602 0.507502
v 0.243585 0.842748 0.623494
v 0.287209 0.893999 0.601806
v 0.250945 0.901574 0.662035
v 0.192116 1.381360 0.524760
v 0.172569 1.349831 0.641481
v 0.244780 1.334319 0.521817
v 0.219508 0.823027 0.528460
v 0.202791 0.862131 0.471968
v 0.263132 0.874277 0.506772
v 0.156000 1.351778 0.382210
v 0.208982 1.305099 0.378473
v 0.100338 1.290667 0.356381
v 0.093168 0.570875 0.320258
v 0.109502 0.542823 0.343632
v 0.050411 0.535877 0.308136
v 0.174581 0.800087 0.658243
v 0.162792 0.869546 0.664276
v 0.109345 0.825799 0.649123
v 0.068668 0.612952 0.285198
v 0.025910 0.577954 0.273076
v 0.052334 0.641003 0.261824
v 0.121958 0.939674 0.605842
v 0.092912 0.940343 0.541376
v 0.068511 0.895927 0.590689
v 0.146950 0.582097 0.296142
v 0.175902 0.562062 0.251866
v 0.163284 0.554045 0.319516
v 0.252429 0.888250 0.624083
v 0.264218 0.818790 0.618051
v 0.288619 0.863206 0.568737
v 0.122450 0.624174 0.261082
v 0.106116 0.652225 0.237708
v 0.151401 0.604139 0.216805
v 0.211594 0.958378 0.565649
v 0.247784 0.933334 0.510303
v 0.182548 0.959047 0.501183
v -0.122594 0.802957 0.509343
v -0.132609 0.846921 0.563811
v -0.074315 0.852446 0.524173
v -0.090417 1.244120 0.618153
v -0.082141 1.299501 0.574973
v -0.031253 1.199972 0.572870
v -0.104301 0.814373 0.411696
v -0.056022 0.863862 0.426526
v -0.096025 0.869754 0.368516
v -0.068993 1.310884 0.469449
v -0.052963 1.217280 0.417213
v -0.012961 1.211388 0.475222
v -0.220891 0.803323 0.490972
v -0.270909 0.853180 0.487431
v -0.230907 0.847288 0.545440
v -0.230456 1.349724 0.553061
v -0.198730 1.288452 0.654250
v -0.278376 1.300436 0.538924
v -0.202599 0.814740 0.393324
v -0.194322 0.870120 0.350145
v -0.252617 0.864596 0.389783
v -0.203018 1.366848 0.406590
v -0.251297 1.317359 0.391760
v -0.143853 1.322700 0.361307
v -0.090302 0.509259 0.250669
v -0.107426 0.485927 0.278280
v -0.048838 0.471307 0.244314
v -0.161673 0.792657 0.547304
v -0.147492 0.861730 0.542034
v -0.095662 0.814290 0.534090
v -0.064615 0.544258 0.209254
v -0.023151 0.506306 0.202899
v -0.047490 0.567591 0.181643
v -0.104680 0.920062 0.473008
v -0.076049 0.909320 0.409252
v -0.052850 0.872622 0.465064
v -0.143827 0.518298 0.225110
v -0.173731 0.492398 0.184675
v -0.160952 0.494966 0.252720
v -0.236701 0.876795 0.499435
v -0.250882 0.807722 0.504704
v -0.274081 0.844420 0.448892
v -0.118140 0.553297 0.183694
v -0.101016 0.576630 0.156084
v -0.148044 0.527397 0.143260
v -0.193890 0.935127 0.430409
v -0.231269 0.902752 0.379866
v -0.165259 0.924385 0.366653
v 0.337565 2.110091 0.599259
v 0.291033 2.118580 0.568232
v 0.328753 2.079458 0.552527
v 0.276590 2.135502 0.491387
v 0.308679 2.143935 0.445570
v 0.314310 2.096380 0.475683
v 0.416187 2.110036 0.584470
v 0.407374 2.079402 0.537737
v 0.448275 2.118470 0.538653
v 0.387300 2.143880 0.430781
v 0.433832 2.135392 0.461809
v 0.392931 2.096324 0.460893
v 0.356109 2.417300 0.642604
v 0.350693 2.423646 0.613787
v 0.321210 2.423667 0.619333
v 0.335637 2.472004 0.533570
v 0.311571 2.465679 0.567933
v 0.339861 2.436338 0.556154
v 0.415075 2.417259 0.631512
v 0.439142 2.423584 0.597149
v 0.409659 2.423605 0.602695
v 0.394603 2.471963 0.522478
v 0.398827 2.436296 0.545062
v 0.429502 2.465597 0.545749
v -0.262710 1.836628 0.603272
v -0.204901 1.869657 0.579454
v -0.225641 1.808896 0.549823
v -0.173995 1.902613 0.490243
v -0.200898 1.902542 0.424850
v -0.190412 1.833011 0.458842
v -0.347421 1.803528 0.561698
v -0.310352 1.775796 0.508248
v -0.374323 1.803456 0.496304
v -0.285609 1.869442 0.383275
v -0.343417 1.836413 0.407093
v -0.270800 1.791069 0.415499
v -0.399015 2.114014 0.636105
v -0.403945 2.162565 0.607496
v -0.352768 2.140437 0.617051
v -0.349565 2.166745 0.493367
v -0.328043 2.166802 0.545682
v -0.379220 2.188931 0.536127
v -0.466783 2.087534 0.602846
v -0.488305 2.087477 0.550531
v -0.471713 2.136085 0.574236
v -0.417334 2.140265 0.460107
v -0.446989 2.162451 0.502867
v -0.463581 2.113842 0.479162
v -0.364885 2.111548 0.624807
v -0.326654 2.122747 0.584645
v -0.364631 2.081554 0.576846
v -0.330026 2.140607 0.506737
v -0.371629 2.147268 0.468991
v -0.368004 2.099414 0.498938
v -0.444720 2.107011 0.627222
v -0.444466 2.077017 0.579261
v -0.486323 2.113672 0.589476
v -0.451464 2.142730 0.471406
v -0.489695 2.131532 0.511568
v -0.447838 2.094876 0.501353
v -0.390741 2.417111 0.675436
v -0.392005 2.423808 0.646221
v -0.362067 2.425510 0.645315
v -0.397254 2.473094 0.565330
v -0.366051 2.468098 0.593640
v -0.394534 2.437203 0.587790
v -0.450617 2.413707 0.677248
v -0.481819 2.418704 0.648938
v -0.451881 2.420405 0.648033
v -0.457130 2.469690 0.567141
v -0.454410 2.433800 0.589602
v -0.485803 2.461292 0.597263
v -0.017030 1.208814 0.410211
v -0.021303 1.306735 0.356421
v -0.026794 1.928485 0.383648
v -0.029920 1.805040 0.287986
v -0.013118 1.214700 0.560044
v -0.013480 1.318505 0.656088
v -0.021249 1.935527 0.583447
v -0.018976 1.769155 0.689349
v -0.029239 1.566951 0.346408
v -0.020920 1.577514 0.646107
v 0.158844 0.320285 0.350115
v 0.094432 0.529333 0.303746
v 0.015923 0.565734 0.145597
v 0.053598 0.599461 0.245312
v 0.212626 0.331507 0.326000
v 0.148214 0.540555 0.279630
v 0.069705 0.576956 0.121481
v 0.107380 0.610683 0.221196
v 0.167473 0.354681 0.385365
v 0.024552 0.600130 0.180846
v 0.078334 0.611352 0.156730
v 0.221255 0.365903 0.361249
v 0.064228 0.379191 0.315797
v 0.205156 0.447922 0.214233
v 0.213785 0.482317 0.249482
v 0.072856 0.413587 0.351046
v -0.164258 0.269189 0.320645
v -0.093084 0.465667 0.241080
v -0.014416 0.473348 0.079054
v -0.050272 0.523998 0.172054
v -0.217784 0.278228 0.295085
v -0.146610 0.474706 0.215520
v -0.067942 0.482387 0.053494
v -0.103798 0.533037 0.146494
v -0.171483 0.309096 0.349888
v -0.021641 0.513256 0.108297
v -0.075167 0.522295 0.082738
v -0.225008 0.318135 0.324328
v -0.067920 0.318481 0.277178
v -0.207092 0.374764 0.165986
v -0.214316 0.414671 0.195230
v -0.075145 0.358389 0.306422
v 0.347585 2.458094 0.599580
v 0.343524 2.461442 0.570045
v 0.407028 2.458258 0.591425
v 0.402967 2.461606 0.561890
v 0.318238 2.487825 0.606985
v 0.314177 2.491173 0.577451
v 0.427217 2.488126 0.592034
v 0.423156 2.491474 0.562500
v 0.319236 2.567325 0.615860
v 0.315175 2.570673 0.586325
v 0.428215 2.567625 0.600909
v 0.424154 2.570973 0.571374
v 0.308580 2.507673 0.610563
v 0.304519 2.511020 0.581029
v 0.308955 2.537485 0.613891
v 0.304894 2.540833 0.584357
v 0.259169 2.517473 0.618469
v 0.255108 2.520821 0.588934
v 0.259419 2.537348 0.620687
v 0.255358 2.540696 0.591153
v 0.398618 2.577481 0.606096
v 0.394557 2.580829 0.576561
v 0.428340 2.577563 0.602018
v 0.424279 2.580911 0.572484
v 0.399866 2.676856 0.617189
v 0.395805 2.680204 0.587655
v 0.429587 2.676938 0.613112
v 0.425526 2.680286 0.583577
v 0.358990 2.577372 0.611533
v 0.354928 2.580720 0.581998
v 0.388711 2.577453 0.607455
v 0.384650 2.580801 0.577921
v 0.360237 2.676746 0.622626
v 0.356176 2.680094 0.593092
v 0.389959 2.676828 0.618549
v 0.385898 2.680176 0.589014
v 0.319361 2.577262 0.616970
v 0.315300 2.580610 0.587435
v 0.349082 2.577344 0.612892
v 0.345021 2.580692 0.583357
v 0.320609 2.676637 0.628063
v 0.316548 2.679985 0.598528
v 0.350330 2.676719 0.623986
v 0.346269 2.680067 0.594451
v -0.396341 2.455027 0.638417
v -0.392178 2.460872 0.609288
v -0.455759 2.457071 0.630336
v -0.451596 2.462916 0.601206
v -0.366427 2.483413 0.648388
v -0.362265 2.489258 0.619258
v -0.475361 2.487159 0.633572
v -0.471198 2.493004 0.604443
v -0.365881 2.561832 0.664201
v -0.361719 2.567677 0.635072
v -0.474815 2.565578 0.649386
v -0.470652 2.571424 0.620257
v -0.356388 2.502677 0.653688
v -0.352225 2.508522 0.624559
v -0.356183 2.532085 0.659618
v -0.352020 2.537930 0.630489
v -0.306804 2.510777 0.662399
v -0.302642 2.516622 0.633270
v -0.306668 2.530382 0.666352
v -0.302505 2.536227 0.637223
v -0.445037 2.574359 0.655404
v -0.440875 2.580204 0.626274
v -0.474746 2.575381 0.651363
v -0.470584 2.581226 0.622234
v -0.444355 2.672384 0.675171
v -0.440192 2.678229 0.646042
v -0.474064 2.673405 0.671130
v -0.469901 2.679250 0.642001
v -0.405425 2.572997 0.660791
v -0.401263 2.578842 0.631662
v -0.435134 2.574018 0.656750
v -0.430972 2.579864 0.627621
v -0.404743 2.671021 0.680558
v -0.400580 2.676867 0.651429
v -0.434452 2.672043 0.676518
v -0.430289 2.677888 0.647389
v -0.365813 2.571635 0.666178
v -0.361651 2.577480 0.637049
v -0.395522 2.572656 0.662138
v -0.391360 2.578502 0.633009
v -0.365131 2.669659 0.685946
v -0.360968 2.675504 0.656817
v -0.394840 2.670681 0.681905
v -0.390677 2.676526 0.652776
v 0.111163 1.560452 0.342997
v -0.160795 1.564197 0.650283
v -0.257244 1.551809 0.403010
v 0.206308 1.570878 0.540326
v -0.253332 1.557694 0.552843
v -0.168618 1.552427 0.350616
v 0.202397 1.564993 0.390492
v 0.118986 1.572222 0.642664
v -0.020904 1.568210 0.646474
v -0.028727 1.556439 0.346807
v 0.110685 1.622342 0.390634
v -0.163880 1.622164 0.598031
v -0.169096 1.614317 0.398253
v 0.115901 1.630189 0.590412
v 0.118074 1.527377 0.594142
v 0.112728 1.520146 0.394360
v -0.023935 1.626163 0.594227
v -0.029162 1.618340 0.394448
v -0.167113 1.517069 0.402039
v -0.161771 1.524623 0.601825
v -0.027117 1.518595 0.398206
v -0.021741 1.526038 0.597994
vn 0.0261 -0.2203 0.9751
vn 0.9588 -0.2836 -0.0166
vn 0.6556 -0.1926 0.7302
vn 0.0029 0.9994 -0.0353
vn -0.9604 -0.2761 0.0364
vn -0.0277 -0.2383 -0.9708
vn -0.5608 -0.4647 0.6852
vn -0.5587 0.2532 0.7898
vn -0.4963 -0.4345 -0.7516
vn -0.6816 0.4589 -0.5699
vn 0.6069 -0.4760 0.6365
vn 0.6034 0.2487 0.7577
vn 0.4708 -0.4463 -0.7610
vn 0.6527 0.4537 -0.6068
vn -0.7617 -0.6463 0.0453
vn -0.7187 -0.1035 0.6876
vn -0.8971 0.3601 0.2562
vn -0.5088 -0.0094 -0.8608
vn -0.0100 -0.4818 -0.8762
vn -0.0832 0.6117 -0.7867
vn 0.4610 0.0184 -0.8872
vn 0.7626 -0.6469 0.0055
vn 0.8154 0.5788 0.0151
vn 0.7607 0.0178 0.6489
vn 0.0394 -0.6785 0.7335
vn -0.0219 0.5366 0.8435
vn 0.0297 -0.9988 0.0385
vn 0.6528 -0.2240 -0.7236
vn -0.6935 -0.2187 -0.6865
vn 0.6495 0.5279 0.5473
vn -0.0390 0.6093 -0.7920
vn 0.5296 0.8470 -0.0471
vn -0.6479 0.4907 0.5826
vn -0.4281 0.5491 -0.7177
vn 0.1203 -0.9718 -0.2029
vn 0.3433 -0.5612 -0.7531
vn 0.3916 -0.0159 -0.9200
vn 0.2115 0.7898 -0.5757
vn 0.2606 -0.8393 -0.4771
vn 0.3871 -0.2156 -0.8965
vn 0.3852 -0.2116 -0.8982
vn 0.3875 -0.2165 -0.8961
vn 0.3053 0.4960 -0.8129
vn 0.0780 0.9698 -0.2310
vn 0.4887 -0.8323 -0.2615
vn 0.8819 -0.1965 -0.4286
vn 0.8801 -0.2006 -0.4303
vn 0.8797 -0.2015 -0.4306
vn 0.7784 0.5104 -0.3656
vn 0.1950 0.9734 -0.1203
vn 0.2271 -0.9685 -0.1020
vn 0.7506 -0.5488 -0.3680
vn 0.8969 -0.0006 -0.4422
vn 0.5374 0.7998 -0.2676
vn 0.9418 -0.1691 0.2905
vn 0.9418 -0.1771 0.2857
vn 0.9418 -0.1787 0.2848
vn 0.8159 0.5447 0.1939
vn 0.1995 0.9791 0.0406
vn 0.2343 -0.9594 0.1571
vn 0.8123 -0.5341 0.2342
vn 0.9570 0.0259 0.2889
vn 0.5498 0.8156 0.1805
vn 0.4354 -0.8624 0.2581
vn 0.1333 -0.9553 0.2638
vn 0.3396 -0.4993 0.7971
vn 0.3410 -0.4977 0.7975
vn 0.3392 -0.4997 0.7970
vn 0.4029 0.0491 0.9139
vn 0.2416 0.8280 0.5061
vn 0.3070 -0.7765 0.5503
vn 0.3954 -0.1503 0.9061
vn 0.3957 -0.1498 0.9061
vn 0.3953 -0.1505 0.9061
vn 0.3075 0.5949 0.7426
vn 0.0888 0.9835 0.1575
vn -0.3515 0.0521 0.9347
vn -0.2068 0.8297 0.5185
vn -0.2822 -0.7742 0.5666
vn -0.3463 -0.1468 0.9266
vn -0.3460 -0.1474 0.9266
vn -0.3459 -0.1475 0.9266
vn -0.2614 0.5972 0.7583
vn -0.0722 0.9841 0.1620
vn -0.1260 -0.9543 0.2710
vn -0.3004 -0.4952 0.8152
vn -0.2989 -0.4968 0.8147
vn -0.2986 -0.4972 0.8146
vn -0.4272 -0.8591 0.2819
vn -0.9260 -0.1698 0.3373
vn -0.9257 -0.1617 0.3421
vn -0.9260 -0.1713 0.3363
vn -0.7996 0.5511 0.2385
vn -0.1893 0.9806 0.0513
vn -0.2327 -0.9576 0.1700
vn -0.8023 -0.5278 0.2788
vn -0.9394 0.0333 0.3412
vn -0.5326 0.8198 0.2104
vn -0.7933 0.5166 -0.3221
vn -0.1937 0.9749 -0.1096
vn -0.2399 -0.9667 -0.0891
vn -0.7740 -0.5429 -0.3259
vn -0.9199 0.0066 -0.3920
vn -0.5450 0.8040 -0.2377
vn -0.5089 -0.8284 -0.2339
vn -0.9041 -0.1936 -0.3810
vn -0.9057 -0.1895 -0.3793
vn -0.9037 -0.1945 -0.3814
vn -0.1389 -0.9708 -0.1958
vn -0.3887 -0.5584 -0.7329
vn -0.4419 -0.0127 -0.8970
vn -0.2368 0.7916 -0.5633
vn -0.2931 -0.8371 -0.4618
vn -0.4358 -0.2084 -0.8756
vn -0.4376 -0.2124 -0.8737
vn -0.4380 -0.2132 -0.8733
vn -0.3458 0.4986 -0.7949
vn -0.0830 0.9705 -0.2266
vn -0.7208 0.3528 0.5966
vn 0.4412 0.8900 0.1147
vn -0.4622 0.4032 -0.7898
vn -0.3901 -0.9201 -0.0346
vn 0.7776 -0.2382 -0.5819
vn -0.4044 -0.5430 0.7359
vn -0.9809 -0.0603 -0.1852
vn 0.4625 -0.8850 0.0541
vn -0.0354 -0.3694 -0.9286
vn 0.1051 0.4847 0.8683
vn -0.4625 0.8850 -0.0541
vn 0.9720 0.1428 0.1865
vn 0.4044 0.5430 -0.7359
vn 0.0356 -0.8745 0.4838
vn -0.8429 -0.4200 0.3364
vn -0.6601 -0.3035 -0.6871
vn 0.4088 -0.7932 -0.4512
vn 0.9065 -0.3927 0.1548
vn 0.2130 0.0964 -0.9723
vn 0.8429 0.4200 -0.3364
vn 0.6596 0.3842 0.6460
vn -0.0356 0.8745 -0.4838
vn -0.2189 0.8387 0.4986
vn -0.1527 0.0251 0.9880
vn -0.8463 0.5142 -0.1392
vn 0.5190 -0.2886 0.8046
vn 0.2408 0.1972 0.9503
vn 0.9661 0.0468 -0.2538
vn 0.9667 0.0468 -0.2515
vn 0.9659 0.0469 -0.2545
vn -0.3820 0.9209 -0.0779
vn -0.3804 0.9211 -0.0829
vn -0.3762 0.9216 -0.0959
vn -0.9431 -0.1837 0.2771
vn -0.2408 -0.1972 -0.9503
vn -0.3647 -0.4779 0.7991
vn -0.7287 0.4430 0.5223
vn -0.6427 -0.7056 -0.2982
vn -0.8280 0.1100 -0.5499
vn -0.8342 0.1083 -0.5408
vn -0.8461 0.1049 -0.5226
vn 0.7508 -0.4251 0.5055
vn 0.6451 0.7036 0.2981
vn 0.4728 -0.6529 -0.5918
vn 0.1596 0.2574 -0.9530
vn -0.6169 -0.7248 0.3067
vn -0.5009 0.0082 0.8655
vn -0.9062 0.3939 0.1540
vn -0.9065 0.3933 0.1536
vn -0.9032 0.3992 0.1575
vn -0.8396 -0.2693 -0.4717
vn -0.1041 -0.8319 -0.5451
vn -0.8188 0.1124 -0.5630
vn 0.2211 -0.2044 -0.9536
vn 0.7493 -0.6601 -0.0528
vn 0.6231 0.7207 -0.3039
vn 0.6193 0.7232 -0.3056
vn 0.6169 0.7248 -0.3067
vn 0.8533 0.1717 0.4923
vn 0.8532 0.1717 0.4925
vn 0.8532 0.1718 0.4926
vn 0.2364 -0.5530 0.7989
vn -0.3033 0.9315 0.2008
vn 0.0936 -0.9793 0.1795
vn 0.3947 -0.7496 0.5313
vn 0.8829 0.1409 -0.4479
vn 0.1726 0.6879 0.7050
vn -0.9059 -0.2324 0.3541
vn -0.4199 0.6492 -0.6342
vn 0.5118 -0.3542 -0.7827
vn -0.1821 -0.1157 0.9764
vn -0.6536 0.6941 0.3017
vn -0.7559 -0.6187 -0.2143
vn 0.8529 0.1003 0.5123
vn 0.3814 0.9100 -0.1624
vn -0.3064 -0.6984 0.6468
vn -0.5118 0.3542 0.7827
vn -0.9340 0.3032 -0.1891
vn -0.1726 -0.6879 -0.7050
vn -0.1667 0.9823 0.0853
vn 0.3290 0.5667 -0.7554
vn 0.7559 0.6187 0.2143
vn 0.9043 -0.4214 0.0679
vn 0.4108 -0.0095 0.9117
vn 0.2131 -0.2486 0.9449
vn -0.9831 0.0045 -0.1830
vn -0.9835 0.0038 -0.1810
vn -0.9836 0.0037 -0.1806
vn 0.3069 0.9388 0.1566
vn 0.3051 0.9400 0.1525
vn 0.3118 0.9352 0.1678
vn 0.9756 -0.1441 0.1659
vn 0.1829 0.1142 -0.9765
vn 0.4719 -0.6416 0.6047
vn 0.7208 0.3560 0.5947
vn 0.6832 -0.5098 -0.5229
vn 0.7715 0.4056 -0.4901
vn 0.7711 0.4058 -0.4906
vn 0.7714 0.4057 -0.4903
vn -0.6631 -0.6374 0.3925
vn -0.6810 0.5120 0.5235
vn -0.4519 -0.5055 -0.7350
vn -0.2590 0.5003 -0.8262
vn 0.7074 -0.7051 0.0501
vn 0.5160 -0.1697 0.8396
vn 0.8629 0.4690 0.1881
vn 0.8649 0.4667 0.1848
vn 0.8805 0.4469 0.1579
vn 0.8220 -0.0221 -0.5691
vn 0.1416 -0.6218 -0.7703
vn 0.4643 0.8559 -0.2279
vn -0.5626 0.0052 -0.8267
vn -0.6828 -0.6999 -0.2097
vn -0.7078 0.7046 -0.0499
vn -0.7085 0.7039 -0.0497
vn -0.7074 0.7051 -0.0501
vn -0.8241 -0.0783 0.5610
vn -0.8244 -0.0783 0.5606
vn -0.1170 -0.7832 0.6106
vn 0.2255 0.8631 0.4519
vn 0.0174 -0.9935 -0.1129
vn -0.4164 -0.6400 0.6457
vn -0.8805 0.0972 -0.4640
vn -0.1445 0.7982 0.5849
vn 0.8997 -0.2034 0.3861
vn 0.4375 0.5235 -0.7311
vn -0.5286 -0.4579 -0.7148
vn 0.1844 0.0371 0.9821
vn 0.6788 0.7106 0.1851
vn 0.7330 -0.6709 -0.1123
vn -0.8457 0.2110 0.4902
vn -0.3513 0.8846 -0.3068
vn 0.3393 -0.5856 0.7361
vn 0.5286 0.4579 0.7148
vn 0.9425 0.2362 -0.2364
vn 0.1445 -0.7982 -0.5849
vn 0.2005 0.9768 -0.0745
vn -0.2644 0.4717 -0.8412
vn -0.7330 0.6709 0.1123
vn -0.9177 -0.3734 0.1359
vn -0.4049 0.1519 0.9017
vn -0.9782 0.0636 0.1979
vn 0.0398 0.9774 0.2078
vn -0.1779 0.2686 -0.9467
vn -0.0398 -0.9774 -0.2078
vn 0.9833 0.0622 -0.1711
vn -0.4861 -0.6860 0.5414
vn -0.6946 -0.4418 -0.5678
vn 0.6487 -0.6868 0.3279
vn 0.4402 -0.4426 -0.7813
vn 0.6946 0.4418 0.5678
vn -0.4402 0.4426 0.7813
vn 0.0995 -0.8407 0.5323
vn -0.7230 -0.6906 -0.0162
vn -0.1558 -0.5415 -0.8261
vn 0.6668 -0.6916 -0.2776
vn 0.8234 -0.0830 0.5614
vn 0.5686 0.2097 -0.7954
vn -0.5685 0.5815 0.5819
vn 0.1558 0.5415 0.8261
vn 0.7419 0.5806 0.3354
vn -0.5632 -0.0820 0.8222
vn -0.8185 0.2106 -0.5345
vn 0.1827 -0.1482 0.9719
vn 0.8175 0.3872 0.4263
vn -0.4323 0.8842 0.1769
vn 0.2806 0.3858 -0.8789
vn 0.3994 -0.9126 -0.0872
vn -0.8732 -0.2734 -0.4035
vn 0.5602 -0.5097 0.6530
vn 0.9238 -0.0465 -0.3800
vn -0.4179 -0.8919 0.1729
vn -0.1447 -0.3995 -0.9052
vn 0.0610 0.5113 0.8572
vn 0.4179 0.8919 -0.1729
vn -0.9171 0.1291 0.3772
vn -0.5602 0.5097 -0.6530
vn 0.0871 -0.8583 0.5057
vn 0.0872 -0.8583 0.5057
vn 0.9047 -0.3912 0.1689
vn 0.5142 -0.3129 -0.7986
vn -0.2933 -0.8593 -0.4191
vn -0.8451 -0.4056 0.3481
vn -0.4091 0.0594 -0.9106
vn -0.9047 0.3912 -0.1689
vn -0.5242 0.3922 0.7559
vn -0.0872 0.8583 -0.5057
vn 0.2933 0.8593 0.4191
vn 0.3501 0.0614 0.9347
vn 0.7861 0.5264 -0.3240
vn -0.3363 -0.2720 0.9017
vn 0.9943 0.1064 0.0111
vn -0.0485 0.9731 0.2252
vn -0.0449 0.2800 -0.9589
vn 0.0485 -0.9731 -0.2252
vn -0.9990 0.0061 0.0446
vn 0.6285 -0.6580 0.4148
vn 0.5798 -0.4002 -0.7097
vn -0.5238 -0.7235 0.4497
vn -0.5725 -0.4657 -0.6748
vn -0.5798 0.4002 0.7097
vn 0.5725 0.4657 0.6748
vn 0.0641 -0.8460 0.5294
vn 0.7399 -0.6480 -0.1806
vn 0.0045 -0.5302 -0.8478
vn -0.6714 -0.7282 -0.1379
vn -0.6776 -0.1311 0.7237
vn -0.7370 0.1781 -0.6519
vn -0.0045 0.5302 0.8478
vn -0.6836 0.5365 0.4949
vn 0.7304 -0.0510 0.6811
vn 0.6715 0.2582 -0.6946
vn 0.0389 -0.1601 0.9863
vn 0.0010 0.6696 0.7427
vn 0.0258 0.5014 0.8649
vn 0.0445 0.6112 -0.7902
vn -0.0933 0.9934 0.0667
vn -0.6931 0.3796 0.6128
vn 0.6926 0.5222 0.4976
vn 0.2665 0.4973 0.8257
vn 0.4083 -0.7013 0.5843
vn 0.9839 -0.0868 -0.1562
vn -0.4083 0.7013 -0.5843
vn -0.9669 -0.0182 0.2545
vn -0.5585 -0.5212 0.6453
vn 0.7412 0.3807 -0.5529
vn 0.7601 0.5558 -0.3367
vn -0.0889 0.3909 0.9161
vn 0.7096 0.4493 0.5428
vn -0.6712 0.6193 0.4075
vn -0.2440 0.6328 0.7348
vn -0.4281 -0.5833 0.6903
vn -0.9873 -0.0768 -0.1392
vn 0.4281 0.5833 -0.6903
vn 0.9674 -0.0104 0.2531
vn 0.5447 -0.4293 0.7204
vn -0.7315 0.3119 -0.6064
vn -0.7429 0.5202 -0.4213
vn 0.1081 0.5303 0.8409
vn -0.0125 -0.9937 -0.1109
vn 0.8174 -0.5490 -0.1746
vn -0.7094 -0.7046 0.0177
vn 0.1354 -0.1116 0.9845
vn -0.1354 0.1116 -0.9845
vn 0.9907 0.0027 -0.1359
vn -0.9907 -0.0027 0.1359
vn -0.2065 -0.9750 -0.0821
vn 0.0125 0.9937 0.1109
vn -0.0068 -0.9802 -0.1977
vn -0.8278 -0.5154 -0.2217
vn 0.6954 -0.7172 -0.0445
vn -0.1388 -0.1948 0.9710
vn 0.1388 0.1948 -0.9710
vn -0.9903 0.0341 -0.1347
vn 0.9903 -0.0341 0.1347
vn 0.1875 -0.9679 -0.1674
vn 0.0068 0.9802 0.1977
vn -0.0261 -0.0392 -0.9989
vn 0.0261 0.0392 0.9989
vn 0.9972 0.0686 -0.0287
vn -0.9996 0.0113 0.0257
vn -0.6518 -0.0171 0.7582
vn 0.3563 0.5716 -0.7391
vn -0.5790 0.8152 -0.0169
vn -0.0297 0.9988 -0.0384
vn -0.0296 0.9988 -0.0384
vn 0.4702 -0.8824 0.0190
vn 0.4707 -0.8821 0.0185
vn 0.4714 -0.8818 0.0180
vn -0.4088 -0.6978 -0.5882
vn -0.0140 -0.7312 -0.6820
vn -0.0189 -0.7206 -0.6931
vn -0.0221 -0.7166 -0.6972
vn 0.0240 -0.6828 0.7302
vn 0.0206 -0.6734 0.7390
vn 0.0268 -0.6828 0.7301
vn 0.6259 -0.5492 0.5538
vn -0.0184 -0.7422 -0.6700
vn -0.0107 -0.7312 -0.6821
vn 0.0199 -0.6923 0.7213
vn 0.0171 -0.6963 0.7175
vn -0.4992 -0.8653 0.0455
vn -0.4999 -0.8649 0.0450
vn -0.4986 -0.8656 0.0461
vn 0.3582 -0.7250 -0.5884
vn -0.6073 -0.5261 0.5953
vn 0.0116 -0.9992 0.0371
vn 0.0113 -0.9993 0.0368
vn 0.0111 -0.9992 0.0375
vn 0.0115 -0.9993 0.0365
vn 0.0120 -0.9992 0.0369
vn -0.1232 -0.1117 0.9861
vn 0.9686 -0.1300 0.2119
vn 0.7547 -0.1093 0.6469
vn 0.1046 0.9926 0.0612
vn -0.9564 -0.1225 0.2651
vn -0.0085 -0.2269 -0.9739
vn -0.6158 -0.1876 0.7653
vn -0.8087 0.5851 0.0599
vn -0.5522 -0.0273 -0.8333
vn 0.5067 0.0031 -0.8621
vn 0.9126 0.3530 0.2062
vn 0.6904 0.0752 0.7195
vn 0.4886 -0.2869 -0.8240
vn -0.5356 -0.2829 -0.7957
vn -0.0391 0.6093 -0.7920
vn 0.3360 -0.5469 -0.7668
vn 0.3563 -0.0846 -0.9305
vn 0.2404 -0.8228 -0.5150
vn 0.3848 -0.2109 -0.8986
vn 0.5271 -0.8140 -0.2439
vn 0.8822 -0.1957 -0.4283
vn 0.7642 -0.5339 -0.3619
vn 0.9116 -0.0677 -0.4055
vn 0.9418 -0.1677 0.2913
vn 0.7152 0.6529 0.2496
vn 0.8225 -0.5052 0.2613
vn 0.9662 -0.0419 0.2544
vn 0.5501 -0.8165 0.1750
vn 0.3412 -0.4975 0.7975
vn 0.3714 -0.0181 0.9283
vn 0.2182 -0.8172 0.5334
vn 0.3958 -0.1496 0.9061
vn 0.3488 0.5514 0.7578
vn -0.3197 -0.0154 0.9474
vn -0.1948 -0.8156 0.5448
vn -0.3464 -0.1467 0.9266
vn -0.3022 0.5539 0.7758
vn -0.3006 -0.4950 0.8153
vn -0.5460 -0.8122 0.2053
vn -0.9256 -0.1604 0.3428
vn -0.6952 0.6584 0.2886
vn -0.8107 -0.4988 0.3064
vn -0.9510 -0.0344 0.3074
vn -0.7872 -0.5278 -0.3191
vn -0.9331 -0.0604 -0.3545
vn -0.5461 -0.8098 -0.2143
vn -0.9060 -0.1887 -0.3789
vn -0.3821 -0.5441 -0.7470
vn -0.4078 -0.0816 -0.9094
vn -0.2749 -0.8208 -0.5008
vn -0.4355 -0.2077 -0.8759
vn -0.4079 -0.9073 0.1016
vn -0.8261 -0.3637 0.4305
vn -0.6990 -0.2177 -0.6812
vn 0.2189 -0.8387 -0.4986
vn -0.1379 0.0213 0.9902
vn 0.9669 0.0468 -0.2510
vn -0.3870 0.9200 -0.0620
vn -0.5279 -0.3365 -0.7798
vn -0.4525 0.0356 0.8910
vn -0.9095 0.3878 0.1499
vn -0.5453 0.6948 -0.4689
vn 0.5186 -0.1835 -0.8351
vn 0.6254 0.7191 -0.3028
vn 0.8534 0.1717 0.4922
vn -0.4728 0.6529 0.5918
vn -0.3586 -0.6849 0.6343
vn -0.9129 0.3431 -0.2211
vn 0.2797 0.5920 -0.7558
vn 0.8862 -0.4496 0.1120
vn -0.1829 -0.1142 0.9765
vn -0.9830 0.0047 -0.1836
vn 0.2991 0.9440 0.1391
vn 0.4949 -0.0338 -0.8683
vn 0.5646 -0.1827 0.8049
vn 0.8455 0.4886 0.2155
vn 0.7717 0.4055 -0.4899
vn -0.2748 0.0543 -0.9600
vn -0.7090 0.7035 -0.0496
vn 0.4519 0.5055 0.7350
vn 0.2867 -0.5951 0.7507
vn 0.9226 0.2712 -0.2744
vn -0.3145 0.4485 -0.8366
vn -0.9002 -0.3947 0.1840
vn -0.9732 0.0511 0.2243
vn 0.9882 0.0497 -0.1447
vn 0.4442 -0.8949 0.0421
vn 0.9059 -0.3322 0.2627
vn 0.5511 -0.2261 -0.8032
vn -0.4708 -0.8161 -0.3352
vn 0.9927 0.1193 -0.0156
vn -0.9974 -0.0068 0.0713
vn 0.6470 0.6121 0.4546
vn 0.0726 0.5363 0.8409
vn -0.0470 -0.2267 -0.9728
vn 0.1766 -0.1129 0.9778
vn -0.8964 -0.1870 0.4019
vn 0.7064 0.6482 0.2843
vn 0.8921 -0.1507 0.4260
vn -0.6821 0.7096 0.1766
vn -0.7258 0.0346 0.6870
vn -0.0298 0.9988 -0.0385
vn 0.4697 -0.8826 0.0194
vn 0.0179 -0.6694 0.7427
vn -0.0213 -0.7462 -0.6653
vn -0.5007 -0.8645 0.0444
vn 0.0106 -0.9993 0.0359
vt 0.171973 0.525509
vt 0.123271 0.470458
vt 0.172144 0.469481
vt 0.329048 0.559029
vt 0.269769 0.473003
vt 0.323413 0.469622
vt 0.224429 0.536019
vt 0.271784 0.555717
vt 0.171578 0.656843
vt 0.106282 0.592595
vt 0.171766 0.593801
vt 0.074500 0.472413
vt 0.014702 0.558079
vt 0.020877 0.468708
vt 0.125000 0.930227
vt 0.075188 0.848003
vt 0.125000 0.848094
vt 0.118558 0.132190
vt 0.128554 0.179315
vt 0.084127 0.157401
vt 0.119454 0.535702
vt 0.071980 0.555113
vt 0.178317 0.661080
vt 0.208858 0.690885
vt 0.178317 0.698336
vt 0.191748 0.987956
vt 0.192024 0.935909
vt 0.236681 0.952358
vt 0.221859 0.132190
vt 0.259325 0.156810
vt 0.215194 0.179315
vt 0.237257 0.592990
vt 0.075016 0.661080
vt 0.071683 0.698336
vt 0.041227 0.690545
vt 0.058252 0.987956
vt 0.013319 0.952358
vt 0.057976 0.935909
vt 0.075883 0.082205
vt 0.118558 0.082205
vt 0.042543 0.613558
vt 0.205958 0.781989
vt 0.171652 0.781644
vt 0.125000 0.698336
vt 0.125000 0.661080
vt 0.125000 0.982481
vt 0.044042 0.781989
vt 0.078348 0.781644
vt 0.221859 0.082205
vt 0.266690 0.132190
vt 0.300872 0.614338
vt 0.244949 0.645904
vt 0.263355 0.262163
vt 0.218526 0.262623
vt 0.171874 0.132190
vt 0.171874 0.179315
vt 0.171874 0.082205
vt 0.044107 0.843803
vt 0.012944 0.920851
vt 0.205893 0.843803
vt 0.237056 0.920851
vt 0.257957 0.283956
vt 0.218526 0.288649
vt 0.125000 0.807670
vt 0.125000 0.781644
vt 0.254571 0.305310
vt 0.218526 0.355295
vt 0.085792 0.283956
vt 0.125222 0.262623
vt 0.125222 0.288649
vt 0.204260 0.792310
vt 0.171652 0.807670
vt 0.859375 0.281250
vt 0.885106 0.256635
vt 0.891894 0.281971
vt 0.878070 0.544687
vt 0.829942 0.566924
vt 0.839826 0.536375
vt 0.877139 0.631101
vt 0.823645 0.598114
vt 0.877260 0.602341
vt 0.873976 0.447406
vt 0.934594 0.467677
vt 0.874324 0.491775
vt 0.878927 0.507119
vt 0.854765 0.501683
vt 0.877556 0.574516
vt 0.877239 0.666695
vt 0.821219 0.629738
vt 0.875000 0.406250
vt 0.903699 0.436254
vt 0.834141 0.487652
vt 0.773209 0.547252
vt 0.762023 0.666908
vt 0.754270 0.625547
vt 0.915413 0.407135
vt 0.883990 0.306981
vt 0.798480 0.513179
vt 0.760116 0.585778
vt 0.960087 0.407618
vt 0.979095 0.786317
vt 0.911469 0.770080
vt 0.963302 0.747280
vt 0.976809 0.872950
vt 0.919466 0.830703
vt 0.985192 0.827584
vt 0.904686 0.378021
vt 0.858654 0.313769
vt 0.902563 0.739887
vt 0.936872 0.715119
vt 0.917002 0.800032
vt 0.935899 0.346311
vt 0.902196 0.689550
vt 0.881474 0.703189
vt 0.833644 0.305865
vt 0.859375 0.775217
vt 0.859375 0.746487
vt 0.859375 0.833482
vt 0.859375 0.804002
vt 0.876024 0.365094
vt 0.875676 0.320725
vt 0.859375 0.711581
vt 0.915262 0.870591
vt 0.801748 0.800032
vt 0.815406 0.344823
vt 0.837276 0.703189
vt 0.807280 0.770080
vt 0.803488 0.870591
vt 0.799284 0.830703
vt 0.846301 0.376246
vt 0.826856 0.280529
vt 0.816186 0.739887
vt 0.816554 0.689550
vt 0.739655 0.786317
vt 0.755447 0.747280
vt 0.741941 0.872950
vt 0.733558 0.827584
vt 0.834587 0.405365
vt 0.834760 0.255519
vt 0.781878 0.715119
vt 0.789913 0.404882
vt 0.985902 0.668598
vt 0.931328 0.630590
vt 0.995730 0.628312
vt 0.845314 0.434479
vt 0.860096 0.248731
vt 0.958042 0.517210
vt 0.924813 0.568681
vt 0.916343 0.538099
vt 0.929860 0.599530
vt 0.991899 0.589902
vt 0.814101 0.466189
vt 0.924285 0.490207
vt 0.903231 0.502984
vt 0.981025 0.551821
vt 0.583817 0.819153
vt 0.525097 0.898741
vt 0.563570 0.808626
vt 0.628063 0.806345
vt 0.654283 0.767989
vt 0.660350 0.800277
vt 0.617358 0.920610
vt 0.599032 0.823030
vt 0.621253 0.825686
vt 0.654936 0.986696
vt 0.680806 0.942579
vt 0.689993 0.977463
vt 0.642322 0.920880
vt 0.659977 0.821184
vt 0.678207 0.917205
vt 0.503995 0.889049
vt 0.506153 0.912170
vt 0.558421 0.910405
vt 0.582191 0.915969
vt 0.564827 0.936598
vt 0.703061 0.911928
vt 0.695204 0.936090
vt 0.629540 0.948432
vt 0.548693 0.797289
vt 0.569057 0.790797
vt 0.596143 0.803693
vt 0.676036 0.814794
vt 0.636957 0.824580
vt 0.738224 0.900922
vt 0.710843 0.936791
vt 0.516849 0.922305
vt 0.578566 0.943435
vt 0.645187 0.951779
vt 0.686312 0.780446
vt 0.699604 0.799854
vt 0.470058 0.299152
vt 0.452611 0.418960
vt 0.442364 0.305175
vt 0.326228 0.305757
vt 0.276172 0.426432
vt 0.298318 0.300836
vt 0.432974 0.462553
vt 0.485991 0.461930
vt 0.463692 0.498123
vt 0.430355 0.408611
vt 0.394382 0.310892
vt 0.422638 0.308709
vt 0.382064 0.410332
vt 0.346066 0.308594
vt 0.374347 0.310429
vt 0.429441 0.289859
vt 0.444161 0.437132
vt 0.384765 0.293310
vt 0.391388 0.440615
vt 0.402099 0.410794
vt 0.474849 0.279693
vt 0.489305 0.293572
vt 0.520027 0.435520
vt 0.486323 0.427222
vt 0.524818 0.416061
vt 0.338604 0.289995
vt 0.328740 0.450756
vt 0.318037 0.433814
vt 0.349490 0.437647
vt 0.421095 0.288729
vt 0.392838 0.290911
vt 0.404539 0.442386
vt 0.432796 0.440203
vt 0.375645 0.290432
vt 0.347364 0.288596
vt 0.389416 0.441153
vt 0.329708 0.286022
vt 0.301797 0.281100
vt 0.272692 0.446167
vt 0.314557 0.453549
vt 0.465799 0.279570
vt 0.438105 0.285593
vt 0.447841 0.438424
vt 0.459775 0.251877
vt 0.432082 0.257900
vt 0.475275 0.183301
vt 0.460812 0.049200
vt 0.480066 0.050836
vt 0.530222 0.182420
vt 0.498554 0.038345
vt 0.517862 0.037557
vt 0.438530 0.235355
vt 0.473347 0.205992
vt 0.470620 0.238082
vt 0.420670 0.177159
vt 0.425798 0.029735
vt 0.444696 0.033769
vt 0.367227 0.164359
vt 0.386542 0.030870
vt 0.404785 0.037239
vt 0.462714 0.036459
vt 0.443185 0.180575
vt 0.428969 0.198365
vt 0.408252 0.024832
vt 0.372938 0.186404
vt 0.389174 0.170435
vt 0.480340 0.037957
vt 0.486285 0.203235
vt 0.498043 0.183733
vt 0.391551 0.019001
vt 0.374766 0.011918
vt 0.318631 0.167443
vt 0.315861 0.144840
vt 0.336821 0.153743
vt 0.448499 0.015952
vt 0.429602 0.011918
vt 0.384420 0.192706
vt 0.415915 0.199430
vt 0.409032 0.025077
vt 0.390788 0.018708
vt 0.329315 0.175243
vt 0.359721 0.185859
vt 0.517119 0.019354
vt 0.497811 0.020142
vt 0.498972 0.206487
vt 0.531151 0.205173
vt 0.481156 0.038000
vt 0.461902 0.036364
vt 0.441257 0.203266
vt 0.482792 0.018746
vt 0.463538 0.017110
vt 0.592442 0.299152
vt 0.609889 0.418960
vt 0.576177 0.427222
vt 0.736272 0.305757
vt 0.786328 0.426432
vt 0.744463 0.433814
vt 0.576508 0.461930
vt 0.629526 0.462553
vt 0.598808 0.498123
vt 0.668118 0.310892
vt 0.632145 0.408611
vt 0.639862 0.308709
vt 0.716434 0.308594
vt 0.680436 0.410332
vt 0.688153 0.310429
vt 0.633059 0.289859
vt 0.620136 0.305175
vt 0.618339 0.437132
vt 0.677735 0.293310
vt 0.671112 0.440615
vt 0.660401 0.410794
vt 0.587651 0.279693
vt 0.573195 0.293572
vt 0.542473 0.435520
vt 0.537682 0.416061
vt 0.723896 0.289995
vt 0.733760 0.450756
vt 0.713010 0.437647
vt 0.641405 0.288729
vt 0.669662 0.290911
vt 0.657961 0.442386
vt 0.629704 0.440203
vt 0.686855 0.290432
vt 0.715136 0.288596
vt 0.673084 0.441153
vt 0.715157 0.462097
vt 0.764182 0.300836
vt 0.732792 0.286022
vt 0.760703 0.281100
vt 0.789808 0.446167
vt 0.747943 0.453549
vt 0.596701 0.279570
vt 0.624395 0.285593
vt 0.614659 0.438424
vt 0.602725 0.251877
vt 0.630418 0.257900
vt 0.601688 0.049200
vt 0.587225 0.183301
vt 0.582434 0.050836
vt 0.563946 0.038345
vt 0.532278 0.182420
vt 0.544638 0.037557
vt 0.589153 0.205992
vt 0.623970 0.235355
vt 0.591880 0.238082
vt 0.636702 0.029735
vt 0.641830 0.177159
vt 0.617804 0.033769
vt 0.675958 0.030870
vt 0.695273 0.164359
vt 0.657715 0.037239
vt 0.599786 0.036459
vt 0.619315 0.180575
vt 0.633531 0.198365
vt 0.654248 0.024832
vt 0.689562 0.186404
vt 0.673326 0.170435
vt 0.582160 0.037957
vt 0.576215 0.203235
vt 0.564457 0.183733
vt 0.670949 0.019001
vt 0.687734 0.011918
vt 0.743869 0.167443
vt 0.725679 0.153743
vt 0.746639 0.144840
vt 0.614001 0.015952
vt 0.632898 0.011918
vt 0.678080 0.192706
vt 0.646585 0.199430
vt 0.653468 0.025077
vt 0.671712 0.018708
vt 0.733185 0.175243
vt 0.702779 0.185859
vt 0.545381 0.019354
vt 0.564689 0.020142
vt 0.563528 0.206487
vt 0.531349 0.205173
vt 0.581344 0.038000
vt 0.600598 0.036364
vt 0.621243 0.203266
vt 0.579708 0.018746
vt 0.598962 0.017110
vt 0.591894 0.553935
vt 0.596099 0.670420
vt 0.565221 0.670324
vt 0.661891 0.539884
vt 0.707992 0.517253
vt 0.696257 0.551619
vt 0.646241 0.672498
vt 0.630187 0.559218
vt 0.651158 0.561710
vt 0.654725 0.743741
vt 0.700126 0.699822
vt 0.699385 0.744482
vt 0.665705 0.672505
vt 0.688747 0.564166
vt 0.692970 0.674751
vt 0.539183 0.673586
vt 0.560483 0.699517
vt 0.618158 0.670318
vt 0.607549 0.698030
vt 0.713187 0.675663
vt 0.655466 0.699081
vt 0.573927 0.543921
vt 0.589433 0.539480
vt 0.616127 0.558247
vt 0.623226 0.538650
vt 0.705802 0.561815
vt 0.665411 0.562671
vt 0.750343 0.684231
vt 0.722704 0.536890
vt 0.729700 0.551184
vt 0.475035 0.896805
vt 0.416687 0.817484
vt 0.437045 0.807124
vt 0.346512 0.765393
vt 0.372610 0.804000
vt 0.340258 0.797746
vt 0.401378 0.820931
vt 0.382942 0.918473
vt 0.379264 0.823404
vt 0.319277 0.940305
vt 0.345072 0.984607
vt 0.309960 0.975243
vt 0.340539 0.818708
vt 0.357920 0.918673
vt 0.321961 0.914878
vt 0.496029 0.887246
vt 0.493811 0.910207
vt 0.441924 0.908287
vt 0.435599 0.934449
vt 0.418212 0.913904
vt 0.297065 0.909509
vt 0.304863 0.933754
vt 0.370652 0.946324
vt 0.451921 0.795947
vt 0.431753 0.789299
vt 0.404595 0.801781
vt 0.324470 0.812241
vt 0.363577 0.822212
vt 0.289184 0.934408
vt 0.261852 0.898364
vt 0.483153 0.920218
vt 0.421781 0.941450
vt 0.314297 0.777763
vt 0.300897 0.797177
vt 0.472674 0.553515
vt 0.466172 0.670436
vt 0.448840 0.557628
vt 0.358037 0.516687
vt 0.403337 0.539790
vt 0.369135 0.550888
vt 0.434818 0.558888
vt 0.417463 0.671612
vt 0.413919 0.561328
vt 0.361463 0.698698
vt 0.407013 0.744411
vt 0.361381 0.744329
vt 0.376363 0.563519
vt 0.396244 0.671469
vt 0.369115 0.673465
vt 0.524341 0.674079
vt 0.501864 0.699979
vt 0.497190 0.670430
vt 0.455226 0.697701
vt 0.445687 0.670282
vt 0.348855 0.673975
vt 0.407094 0.698780
vt 0.489563 0.544288
vt 0.475118 0.539766
vt 0.441734 0.538362
vt 0.359414 0.560790
vt 0.399780 0.562448
vt 0.311436 0.681605
vt 0.343237 0.535559
vt 0.335902 0.549582
vt 0.171874 0.262623
vt 0.078348 0.807670
vt 0.174812 0.848003
vt 0.221010 0.470753
vt 0.931835 0.183848
vt 0.936637 0.138592
vt 0.957238 0.215476
vt 0.927027 0.159369
vt 0.909654 0.133395
vt 0.886954 0.200037
vt 0.913576 0.184854
vt 0.913520 0.254361
vt 0.935769 0.253661
vt 0.860426 0.091102
vt 0.899525 0.125463
vt 0.879538 0.124938
vt 0.936353 0.272201
vt 0.914104 0.272902
vt 0.896707 0.262583
vt 0.870141 0.208259
vt 0.913985 0.110910
vt 0.940968 0.116107
vt 0.951589 0.134586
vt 0.972190 0.211470
vt 0.973609 0.224681
vt 0.952140 0.262865
vt 0.870996 0.194601
vt 0.893696 0.127959
vt 0.914034 0.159456
vt 0.882600 0.008348
vt 0.920824 0.076021
vt 0.782113 0.138592
vt 0.786915 0.183848
vt 0.761512 0.215477
vt 0.809096 0.133395
vt 0.791723 0.159369
vt 0.831796 0.200037
vt 0.805230 0.254361
vt 0.805174 0.184854
vt 0.782981 0.253661
vt 0.858324 0.091102
vt 0.819225 0.125463
vt 0.797926 0.076021
vt 0.782397 0.272201
vt 0.804646 0.272902
vt 0.822043 0.262583
vt 0.848609 0.208259
vt 0.804765 0.110910
vt 0.777782 0.116107
vt 0.767161 0.134585
vt 0.746560 0.211470
vt 0.745141 0.224681
vt 0.766610 0.262865
vt 0.847754 0.194601
vt 0.825054 0.127959
vt 0.804716 0.159456
vt 0.836150 0.008348
vt 0.816163 0.008873
vt 0.857453 0.895108
vt 0.834384 0.895108
vt 0.826694 0.906642
vt 0.868987 0.906642
vt 0.826694 0.937401
vt 0.868987 0.937401
vt 0.838228 0.941246
vt 0.826694 0.941246
vt 0.872832 0.914332
vt 0.892056 0.918177
vt 0.872832 0.925866
vt 0.892056 0.925866
vt 0.826694 0.979694
vt 0.838228 0.979694
vt 0.853608 0.941246
vt 0.842073 0.941246
vt 0.842073 0.979694
vt 0.853608 0.979694
vt 0.868987 0.941246
vt 0.857453 0.941246
vt 0.857453 0.979694
vt 0.868987 0.979694
vt 0.978116 0.895306
vt 0.955047 0.895306
vt 0.985806 0.906841
vt 0.943513 0.906841
vt 0.985806 0.937599
vt 0.943513 0.937599
vt 0.985806 0.941444
vt 0.974272 0.941444
vt 0.920444 0.918375
vt 0.939668 0.914530
vt 0.939668 0.926065
vt 0.920444 0.926065
vt 0.985806 0.979892
vt 0.974271 0.979892
vt 0.970427 0.941444
vt 0.958892 0.941444
vt 0.970427 0.979892
vt 0.958892 0.979892
vt 0.955047 0.941444
vt 0.943513 0.941444
vt 0.955047 0.979892
vt 0.943513 0.979892
vt 0.313333 0.262987
vt 0.264729 0.178800
vt 0.314707 0.179624
vt 0.080395 0.262029
vt 0.029043 0.179491
vt 0.079021 0.178667
vt 0.045740 0.792310
vt 0.171874 0.288649
vt 0.089178 0.305310
vt 0.125222 0.355295
vt 0.089178 0.355295
vt 0.171874 0.355295
vt 0.258261 0.428276
vt 0.222142 0.374707
vt 0.258703 0.375010
vt 0.203680 0.835893
vt 0.171456 0.824544
vt 0.122879 0.445430
vt 0.172218 0.444951
vt 0.262059 0.446607
vt 0.221554 0.445728
vt 0.078544 0.824545
vt 0.125000 0.824607
vt 0.086278 0.427757
vt 0.122719 0.374407
vt 0.046320 0.835893
vt 0.082368 0.446065
vt 0.172431 0.374407
vt 0.098275 0.645461
vt 0.075883 0.132190
vt 0.209751 0.698701
vt 0.040249 0.698701
vt 0.266690 0.082205
vt 0.254571 0.355295
vt 0.820367 0.668598
vt 0.859375 0.867625
vt 0.930940 0.664137
vt 0.621995 0.774057
vt 0.746005 0.925786
vt 0.549386 0.936459
vt 0.613431 0.950870
vt 0.347343 0.462097
vt 0.673626 0.505518
vt 0.740954 0.713101
vt 0.378865 0.771648
vt 0.354952 0.949636
vt 0.253971 0.923263
vt 0.450816 0.934174
vt 0.386808 0.948822
vt 0.392239 0.505589
vt 0.320054 0.710886
vt 0.902587 0.008873
vt 0.839212 0.124938
vt 0.030417 0.262853
vt 0.086158 0.374489
s 1
f 724/625/254 442/626/254 726/627/254
f 465/628/255 435/629/255 438/630/255
f 459/631/256 435/629/256 460/632/256
f 719/633/257 447/634/257 723/635/257
f 441/636/258 454/637/258 439/638/258
f 720/639/259 437/640/259 725/641/259
f 443/642/260 444/643/260 445/644/260
f 446/645/261 447/634/261 448/646/261
f 449/647/262 450/648/262 451/649/262
f 452/650/263 453/651/263 454/652/263
f 455/653/264 456/654/264 457/655/264
f 458/656/265 459/631/265 460/632/265
f 461/657/266 462/658/266 463/659/266
f 464/660/267 465/661/267 466/662/267
f 443/642/268 450/663/268 449/664/268
f 446/645/269 441/636/269 442/626/269
f 447/634/270 454/665/270 448/646/270
f 451/649/271 849/666/271 852/667/271
f 449/647/272 718/668/272 717/669/272
f 719/670/273 466/662/273 720/639/273
f 853/671/274 462/658/274 847/672/274
f 461/673/275 456/674/275 455/653/275
f 458/656/276 465/675/276 464/676/276
f 457/655/277 850/677/277 854/678/277
f 721/679/278 457/655/278 722/680/278
f 723/635/279 446/645/279 724/625/279
f 461/673/280 721/679/280 717/681/280
f 438/682/281 466/662/281 465/683/281
f 453/651/282 439/684/282 454/685/282
f 854/678/283 850/686/283 860/687/283
f 852/667/284 864/688/284 856/689/284
f 850/690/285 857/691/285 860/687/285
f 851/692/286 848/693/286 858/694/286
f 852/667/287 849/695/287 859/696/287
f 516/697/288 524/698/288 473/699/288
f 523/700/289 471/701/289 472/702/289
f 520/703/290 470/704/290 521/705/290
f 518/706/291 468/707/291 519/708/291
f 524/709/292 472/702/292 473/710/292
f 522/711/293 470/704/294 471/701/295
f 519/712/296 469/713/296 520/703/296
f 518/706/297 517/714/297 467/715/297
f 472/702/298 480/716/298 473/710/298
f 470/704/299 478/717/300 471/701/301
f 469/713/302 475/718/302 476/719/302
f 467/715/303 517/714/303 474/720/303
f 516/697/304 473/699/304 480/721/304
f 471/701/305 479/722/305 472/702/305
f 470/704/306 476/719/306 477/723/306
f 467/715/307 475/724/307 468/707/307
f 477/725/308 485/726/309 478/727/310
f 475/728/311 483/729/311 476/730/311
f 474/720/312 517/714/312 481/731/312
f 516/697/313 480/721/313 487/732/313
f 478/727/314 486/733/314 479/734/314
f 476/730/315 484/735/315 477/725/315
f 474/720/316 482/736/316 475/724/316
f 480/737/317 486/733/317 487/738/317
f 516/697/318 487/732/318 494/739/318
f 486/733/319 492/740/320 493/741/321
f 484/735/322 490/742/322 491/743/322
f 482/736/323 488/744/323 489/745/323
f 487/738/324 493/741/324 494/746/324
f 485/726/325 491/743/326 492/740/327
f 482/747/328 490/742/328 483/729/328
f 481/731/329 517/714/329 488/744/329
f 490/742/330 498/748/330 491/743/330
f 488/744/331 496/749/331 489/745/331
f 493/741/332 501/750/332 494/746/332
f 491/743/333 499/751/334 492/740/335
f 490/742/336 496/752/336 497/753/336
f 488/744/337 517/714/337 495/754/337
f 516/697/338 494/739/338 501/755/338
f 492/740/339 500/756/340 493/741/341
f 500/756/342 508/757/342 501/750/342
f 499/751/343 505/758/344 506/759/345
f 497/753/346 503/760/346 504/761/346
f 495/754/347 517/714/347 502/762/347
f 516/697/348 501/755/348 508/763/348
f 500/756/349 506/759/349 507/764/349
f 498/748/350 504/761/350 505/758/350
f 495/754/351 503/765/351 496/749/351
f 503/766/352 511/767/352 504/768/352
f 502/762/353 517/714/353 509/769/353
f 516/697/354 508/763/354 515/770/354
f 507/771/355 513/772/355 514/773/355
f 504/768/356 512/774/356 505/775/356
f 502/762/357 510/776/357 503/765/357
f 508/777/358 514/773/358 515/778/358
f 506/779/359 512/774/360 513/772/361
f 516/697/362 515/770/362 524/698/362
f 513/772/363 523/700/363 514/773/363
f 512/774/364 520/703/364 521/705/364
f 510/776/365 518/706/365 519/708/365
f 514/773/366 524/709/366 515/778/366
f 512/774/367 522/711/368 513/772/369
f 511/767/370 519/712/370 520/703/370
f 509/769/371 517/714/371 518/706/371
f 541/780/372 526/781/372 539/782/372
f 547/783/373 538/784/373 545/785/373
f 534/786/374 540/787/374 546/788/374
f 530/789/375 532/790/375 527/791/375
f 535/792/376 544/793/376 533/794/376
f 525/795/377 526/781/377 527/796/377
f 528/797/378 529/798/378 530/799/378
f 531/800/379 532/801/379 533/794/379
f 534/786/380 535/792/380 536/802/380
f 537/803/381 538/804/381 539/782/381
f 540/787/382 541/780/382 542/805/382
f 543/806/383 544/793/383 545/785/383
f 546/788/384 547/783/384 548/807/384
f 525/808/385 532/809/385 531/800/385
f 528/797/386 527/810/386 526/781/386
f 534/786/387 530/811/387 529/798/387
f 535/792/388 532/790/388 536/812/388
f 543/806/389 533/794/389 544/793/389
f 546/788/390 535/792/390 534/786/390
f 545/785/391 548/807/391 547/783/391
f 543/806/392 538/813/392 537/814/392
f 540/787/393 547/783/393 546/788/393
f 539/782/394 542/805/394 541/780/394
f 537/803/395 526/781/395 525/795/395
f 529/798/396 541/780/396 540/787/396
f 543/806/397 525/808/397 531/800/397
f 563/815/398 552/816/398 550/817/398
f 569/818/399 566/819/400 562/820/401
f 558/821/402 564/822/403 570/823/404
f 554/824/405 556/825/405 551/826/405
f 559/827/406 568/828/406 557/829/406
f 549/830/407 550/817/407 551/826/407
f 552/816/408 553/831/408 554/824/408
f 555/832/409 556/825/409 557/829/409
f 558/833/410 559/827/411 560/834/412
f 561/835/413 562/836/413 563/815/413
f 564/837/414 565/838/414 566/839/414
f 567/840/415 568/828/415 569/818/415
f 570/841/416 571/842/416 572/843/416
f 549/844/417 556/825/417 555/845/417
f 550/817/418 554/824/418 551/826/418
f 558/846/419 554/824/420 553/847/421
f 559/827/422 556/825/422 560/834/422
f 555/848/423 568/828/423 567/849/423
f 558/850/410 572/843/424 559/827/411
f 571/842/425 568/828/425 572/843/425
f 567/851/426 562/820/426 561/852/426
f 564/853/427 571/842/428 570/854/429
f 563/815/430 566/839/431 565/838/432
f 561/855/433 550/817/433 549/856/433
f 553/857/434 565/838/434 564/822/434
f 567/858/435 549/856/435 555/859/435
f 589/860/436 574/861/436 587/862/436
f 595/863/437 586/864/437 593/865/437
f 582/866/438 588/867/438 594/868/438
f 578/869/439 580/870/439 575/871/439
f 583/872/440 592/873/440 581/874/440
f 573/875/441 574/861/441 575/871/441
f 576/876/442 577/877/442 578/869/442
f 579/878/441 580/870/441 581/874/441
f 582/879/443 583/872/443 584/880/443
f 585/881/444 586/864/444 587/862/444
f 588/882/445 589/860/445 590/883/445
f 591/884/444 592/873/444 593/885/444
f 594/886/446 595/887/446 596/888/446
f 573/889/441 580/870/441 579/890/441
f 574/861/447 578/869/447 575/871/447
f 582/891/448 578/869/448 577/892/448
f 581/874/449 584/880/449 583/872/449
f 579/893/450 592/873/450 591/894/450
f 594/895/451 583/872/451 582/896/451
f 595/887/452 592/873/452 596/888/452
f 591/897/444 586/864/444 585/898/444
f 588/899/453 595/863/453 594/900/453
f 587/862/454 590/883/454 589/860/454
f 585/901/450 574/861/450 573/902/450
f 577/903/455 589/860/455 588/867/455
f 591/904/450 573/902/450 579/905/450
f 611/906/456 600/907/456 613/908/456
f 617/909/457 614/910/458 619/911/459
f 612/912/460 606/913/461 618/914/462
f 604/915/463 602/916/463 599/917/463
f 616/918/464 607/919/464 605/920/464
f 597/921/465 599/917/465 598/922/465
f 600/907/466 602/916/466 601/923/466
f 603/924/467 605/920/467 604/915/467
f 606/925/468 608/926/469 607/919/470
f 609/927/471 611/906/471 610/928/471
f 612/929/472 614/930/472 613/908/472
f 615/931/473 617/909/473 616/918/473
f 618/932/474 620/933/474 619/911/474
f 604/915/475 597/934/475 603/935/475
f 598/922/476 602/916/476 600/907/476
f 602/916/477 606/936/478 601/937/479
f 607/919/480 604/915/480 605/920/480
f 616/918/481 603/938/481 615/939/481
f 606/940/482 620/933/482 618/941/482
f 619/911/483 616/918/483 617/909/483
f 610/942/484 615/943/484 609/944/484
f 619/911/485 612/945/486 618/946/487
f 614/930/488 611/906/489 613/908/488
f 598/922/490 609/947/490 597/948/490
f 613/908/491 601/949/491 612/912/491
f 597/948/492 615/950/492 603/951/492
f 622/952/493 637/953/493 635/954/493
f 634/955/494 643/956/494 641/957/494
f 636/958/495 630/959/495 642/960/495
f 628/961/496 626/962/496 623/963/496
f 640/964/497 631/965/497 629/966/497
f 621/967/498 623/963/498 622/952/498
f 624/968/499 626/962/499 625/969/499
f 627/970/498 629/966/498 628/961/498
f 630/971/500 632/972/500 631/965/500
f 633/973/501 635/954/501 634/955/501
f 636/974/502 638/975/502 637/953/502
f 639/976/501 641/977/501 640/964/501
f 642/978/503 644/979/503 643/980/503
f 628/961/498 621/981/498 627/982/498
f 622/952/504 626/962/504 624/968/504
f 626/962/505 630/983/505 625/984/505
f 632/972/506 629/966/506 631/965/506
f 640/964/507 627/985/507 639/986/507
f 631/965/508 642/987/508 630/988/508
f 643/980/509 640/964/509 641/977/509
f 634/955/501 639/989/501 633/990/501
f 643/956/510 636/991/510 642/992/510
f 638/975/511 635/954/511 637/953/511
f 622/952/507 633/993/507 621/994/507
f 637/953/512 625/995/512 636/958/512
f 621/994/507 639/996/507 627/997/507
f 659/998/513 648/999/513 646/1000/513
f 667/1001/514 658/1002/514 665/1003/514
f 654/1004/515 660/1005/515 666/1006/515
f 650/1007/516 652/1008/516 647/1009/516
f 655/1010/517 664/1011/517 653/1012/517
f 645/1013/518 646/1000/518 647/1014/518
f 648/999/519 649/1015/519 650/1016/519
f 651/1017/520 652/1008/520 653/1012/520
f 654/1004/521 655/1010/521 656/1018/521
f 657/1019/514 658/1020/514 659/998/514
f 660/1005/522 661/1021/522 662/1022/522
f 663/1023/514 664/1011/514 665/1003/514
f 666/1006/523 667/1001/523 668/1024/523
f 645/1025/524 652/1008/524 651/1017/524
f 648/999/525 647/1014/525 646/1000/525
f 654/1004/526 650/1016/526 649/1015/526
f 653/1012/527 656/1018/527 655/1010/527
f 663/1023/528 653/1012/528 664/1011/528
f 666/1006/529 655/1010/529 654/1004/529
f 667/1001/530 664/1011/530 668/1024/530
f 663/1023/514 658/1026/514 657/1027/514
f 660/1005/531 667/1001/531 666/1006/531
f 659/998/532 662/1022/532 661/1021/532
f 657/1019/533 646/1000/533 645/1013/533
f 649/1015/534 661/1021/534 660/1005/534
f 663/1023/535 645/1025/535 651/1017/535
f 670/1028/536 685/1029/536 683/1030/536
f 682/1031/537 691/1032/537 689/1033/537
f 684/1034/538 678/1035/538 690/1036/538
f 676/1037/539 674/1038/539 671/1039/539
f 688/1040/540 679/1041/540 677/1042/540
f 669/1043/541 671/1044/541 670/1028/541
f 672/1045/542 674/1046/542 673/1047/542
f 675/1048/543 677/1042/543 676/1049/543
f 678/1035/544 680/1050/544 679/1041/544
f 681/1051/545 683/1030/545 682/1052/545
f 684/1034/546 686/1053/546 685/1029/546
f 687/1054/547 689/1033/547 688/1040/547
f 690/1036/548 692/1055/548 691/1032/548
f 676/1056/549 669/1057/550 675/1048/549
f 671/1058/551 672/1045/551 670/1028/551
f 674/1059/552 678/1035/552 673/1047/552
f 679/1041/553 676/1037/553 677/1042/553
f 687/1054/554 677/1042/554 675/1048/554
f 679/1041/555 690/1036/555 678/1035/555
f 692/1055/556 689/1033/556 691/1032/556
f 682/1060/557 687/1054/557 681/1061/557
f 691/1032/558 684/1034/558 690/1036/558
f 686/1053/559 683/1030/559 685/1029/559
f 670/1028/560 681/1051/560 669/1043/560
f 685/1029/561 673/1047/561 684/1034/561
f 669/1057/562 687/1054/562 675/1048/562
f 707/1062/563 696/1063/563 709/1064/563
f 706/1065/564 715/1066/564 713/1067/564
f 708/1068/565 702/1069/565 714/1070/565
f 700/1071/566 698/1072/566 695/1073/566
f 712/1074/567 703/1075/567 701/1076/567
f 693/1077/568 695/1078/568 694/1079/568
f 696/1063/569 698/1080/569 697/1081/569
f 699/1082/570 701/1076/570 700/1071/570
f 702/1069/571 704/1083/571 703/1075/571
f 705/1084/564 707/1062/564 706/1085/564
f 708/1068/572 710/1086/572 709/1064/572
f 711/1087/564 713/1067/564 712/1074/564
f 714/1070/573 716/1088/573 715/1066/573
f 700/1071/574 693/1089/574 699/1082/574
f 695/1078/575 696/1063/575 694/1079/575
f 698/1080/576 702/1069/576 697/1081/576
f 704/1083/577 701/1076/577 703/1075/577
f 711/1087/578 701/1076/578 699/1082/578
f 703/1075/579 714/1070/579 702/1069/579
f 715/1066/564 712/1074/564 713/1067/564
f 706/1090/564 711/1087/564 705/1091/564
f 715/1066/580 708/1068/580 714/1070/580
f 710/1086/581 707/1062/581 709/1064/581
f 694/1079/582 705/1084/582 693/1077/582
f 709/1064/583 697/1081/583 708/1068/583
f 693/1089/584 711/1087/584 699/1082/584
f 855/1092/585 858/694/585 848/693/585
f 856/689/284 857/1093/284 847/672/284
f 717/681/280 443/642/280 449/664/280
f 723/635/586 459/631/586 458/656/586
f 721/679/278 444/643/278 443/642/278
f 719/670/587 453/651/587 452/650/587
f 461/657/272 718/668/272 462/658/272
f 440/1094/259 720/639/259 725/641/259
f 719/633/588 458/656/588 464/676/588
f 436/1095/254 724/625/254 726/627/254
f 728/1096/589 736/1097/589 742/1098/589
f 730/1099/451 737/1100/451 736/1097/451
f 741/1101/590 732/1102/590 738/1103/590
f 732/1102/591 735/1104/591 738/1103/591
f 739/1105/450 731/1106/450 727/1107/450
f 738/1103/592 727/1108/592 731/1109/592
f 741/1101/593 731/1110/593 740/1111/593
f 736/1097/594 733/1112/594 729/1113/594
f 742/1098/595 729/1114/595 739/1115/595
f 735/1104/596 739/1116/596 727/1117/596
f 737/1100/597 740/1118/597 733/1119/597
f 730/1099/438 732/1102/438 734/1120/438
f 729/1121/450 740/1122/450 739/1105/450
f 734/1120/598 741/1101/598 737/1100/598
f 735/1104/599 728/1096/599 742/1098/599
f 752/1123/600 744/1124/600 758/1125/600
f 753/1126/508 746/1127/508 752/1123/508
f 757/1128/601 754/1129/601 748/1130/601
f 751/1131/602 748/1130/602 754/1129/602
f 755/1132/507 747/1133/507 756/1134/507
f 743/1135/603 754/1129/603 747/1136/603
f 747/1137/604 757/1128/604 756/1138/604
f 749/1139/605 752/1123/605 745/1140/605
f 745/1141/606 758/1125/606 755/1142/606
f 755/1143/607 751/1131/607 743/1144/607
f 756/1145/608 753/1126/608 749/1146/608
f 748/1130/495 746/1127/495 750/1147/495
f 745/1148/507 756/1134/507 749/1149/507
f 757/1128/609 750/1147/609 753/1126/609
f 751/1131/610 758/1125/610 744/1124/610
f 760/1150/611 761/1151/611 759/1150/611
f 762/1151/612 765/1152/612 761/1151/612
f 764/1153/613 759/1150/613 763/1153/613
f 765/1152/614 759/1150/614 761/1151/614
f 766/1152/615 760/1150/615 764/1153/615
f 766/1152/616 769/1154/616 765/1152/616
f 763/1153/617 768/1155/617 764/1153/617
f 765/1152/614 767/1155/614 763/1153/614
f 779/1156/611 782/1157/611 781/1157/611
f 771/1158/618 776/1159/618 772/1158/618
f 770/1154/619 767/1155/619 769/1154/619
f 774/1160/616 771/1158/616 772/1158/616
f 775/1159/617 778/1161/617 776/1159/617
f 774/1160/619 777/1161/619 773/1160/619
f 774/1160/615 776/1159/615 778/1161/615
f 773/1160/614 775/1159/614 771/1158/614
f 780/1156/615 786/1162/615 782/1157/615
f 786/1162/619 783/1163/619 785/1162/619
f 782/1157/616 785/1162/616 781/1157/616
f 779/1156/617 784/1163/617 780/1156/617
f 781/1157/614 783/1163/614 779/1156/614
f 787/1164/611 790/1165/611 789/1165/611
f 788/1164/615 794/1166/615 790/1165/615
f 794/1166/619 791/1167/619 793/1166/619
f 790/1165/616 793/1166/616 789/1165/616
f 787/1164/617 792/1167/617 788/1164/617
f 789/1165/614 791/1167/614 787/1164/614
f 795/1168/611 798/1169/611 797/1169/611
f 796/1168/615 802/1170/615 798/1169/615
f 802/1170/619 799/1171/619 801/1170/619
f 798/1169/616 801/1170/616 797/1169/616
f 795/1168/617 800/1171/617 796/1168/617
f 797/1169/614 799/1171/614 795/1168/614
f 805/1172/620 804/1173/620 803/1173/620
f 809/1174/621 806/1172/621 805/1172/621
f 764/1153/615 770/1154/615 766/1152/615
f 803/1173/622 808/1175/622 807/1175/622
f 803/1173/623 809/1174/623 805/1172/623
f 810/1174/624 804/1173/624 806/1172/624
f 813/1176/625 810/1174/625 809/1174/625
f 812/1177/626 807/1175/626 808/1175/626
f 811/1177/623 809/1174/623 807/1175/623
f 826/1178/620 823/1179/620 825/1178/620
f 820/1180/627 815/1181/627 816/1181/627
f 811/1177/628 814/1176/628 813/1176/628
f 815/1181/625 818/1182/625 816/1181/625
f 822/1183/626 819/1180/626 820/1180/626
f 821/1183/628 818/1182/628 817/1182/628
f 818/1182/624 820/1180/624 816/1181/624
f 819/1180/623 817/1182/623 815/1181/623
f 830/1184/624 824/1179/624 826/1178/624
f 827/1185/628 830/1184/628 829/1184/628
f 829/1184/625 826/1178/625 825/1178/625
f 828/1185/626 823/1179/626 824/1179/626
f 827/1185/623 825/1178/623 823/1179/623
f 834/1186/620 831/1187/620 833/1186/620
f 838/1188/624 832/1187/624 834/1186/624
f 835/1189/628 838/1188/628 837/1188/628
f 837/1188/625 834/1186/625 833/1186/625
f 836/1189/626 831/1187/626 832/1187/626
f 835/1189/623 833/1186/623 831/1187/623
f 842/1190/620 839/1191/620 841/1190/620
f 846/1192/624 840/1191/624 842/1190/624
f 843/1193/628 846/1192/628 845/1192/628
f 845/1192/625 842/1190/625 841/1190/625
f 844/1193/626 839/1191/626 840/1191/626
f 843/1193/623 841/1190/623 839/1191/623
f 814/1176/624 808/1175/624 810/1174/624
f 852/667/629 718/668/629 451/649/629
f 457/655/630 855/1092/630 722/680/630
f 855/1092/630 444/643/630 722/680/630
f 853/1194/631 456/1195/631 463/1196/631
f 851/1197/632 450/1198/632 445/1199/632
f 718/668/629 847/672/629 462/658/629
f 848/693/633 445/1199/633 444/643/633
f 853/1200/634 847/672/634 857/1093/634
f 854/678/585 863/1201/585 855/1092/585
f 851/1202/635 859/1203/635 849/1204/635
f 864/1205/636 858/694/637 863/1201/636
f 863/1201/636 857/691/636 864/1205/636
f 435/1206/638 862/1207/639 438/1208/640
f 439/1209/641 440/1094/641 865/1210/641
f 725/641/642 865/1210/643 440/1094/644
f 726/627/645 866/1211/646 868/1212/647
f 435/1213/648 436/1095/648 861/1214/648
f 725/641/642 862/1215/649 867/1216/650
f 726/627/645 861/1214/651 436/1095/652
f 441/1217/653 865/1218/654 866/1211/655
f 437/640/656 438/1219/656 862/1215/656
f 442/626/657 441/1220/657 866/1211/657
f 865/1218/658 868/1212/659 866/1211/660
f 862/1207/661 868/1212/659 867/1221/662
f 724/625/663 446/645/663 442/626/663
f 465/628/664 460/632/664 435/629/664
f 459/631/665 436/1095/665 435/629/665
f 719/633/666 452/1222/666 447/634/666
f 441/636/667 448/646/667 454/637/667
f 720/639/668 466/662/668 437/640/668
f 443/642/268 445/1223/268 450/663/268
f 446/645/669 448/646/669 441/636/669
f 447/634/670 452/1222/670 454/665/670
f 451/649/671 450/1224/671 849/666/671
f 449/647/272 451/649/272 718/668/272
f 719/670/273 464/660/273 466/662/273
f 853/671/672 463/1225/672 462/658/672
f 461/673/275 463/1226/275 456/674/275
f 458/656/673 460/632/673 465/675/673
f 457/655/674 456/1195/674 850/677/674
f 721/679/278 455/653/278 457/655/278
f 723/635/586 447/634/586 446/645/586
f 461/673/280 455/653/280 721/679/280
f 438/682/675 437/640/675 466/662/675
f 453/651/676 440/1094/676 439/684/676
f 852/667/284 859/696/677 864/688/284
f 850/690/285 853/1227/285 857/691/285
f 523/700/678 522/711/678 471/701/678
f 520/703/679 469/713/679 470/704/679
f 518/706/291 467/715/291 468/707/291
f 524/709/680 523/700/680 472/702/680
f 522/711/293 521/705/681 470/704/294
f 519/712/296 468/1228/296 469/713/296
f 472/702/682 479/722/682 480/716/682
f 470/704/299 477/723/683 478/717/300
f 469/713/302 468/1228/302 475/718/302
f 471/701/684 478/717/684 479/722/684
f 470/704/685 469/713/685 476/719/685
f 467/715/307 474/720/307 475/724/307
f 477/725/308 484/735/686 485/726/309
f 475/728/687 482/747/687 483/729/687
f 478/727/688 485/726/688 486/733/688
f 476/730/689 483/729/689 484/735/689
f 474/720/316 481/731/316 482/736/316
f 480/737/690 479/734/690 486/733/690
f 486/733/319 485/726/691 492/740/320
f 484/735/692 483/729/692 490/742/692
f 482/736/323 481/731/323 488/744/323
f 487/738/693 486/733/693 493/741/693
f 485/726/325 484/735/694 491/743/326
f 482/747/695 489/1229/695 490/742/695
f 490/742/696 497/753/696 498/748/696
f 488/744/331 495/754/331 496/749/331
f 493/741/697 500/756/697 501/750/697
f 491/743/333 498/748/698 499/751/334
f 490/742/699 489/1229/699 496/752/699
f 492/740/339 499/751/700 500/756/340
f 500/756/701 507/764/701 508/757/701
f 499/751/343 498/748/702 505/758/344
f 497/753/703 496/752/703 503/760/703
f 500/756/704 499/751/704 506/759/704
f 498/748/705 497/753/705 504/761/705
f 495/754/351 502/762/351 503/765/351
f 503/766/352 510/1230/352 511/767/352
f 507/771/706 506/779/706 513/772/706
f 504/768/707 511/767/707 512/774/707
f 502/762/357 509/769/357 510/776/357
f 508/777/708 507/771/708 514/773/708
f 506/779/359 505/775/709 512/774/360
f 513/772/710 522/711/710 523/700/710
f 512/774/711 511/767/711 520/703/711
f 510/776/365 509/769/365 518/706/365
f 514/773/712 523/700/712 524/709/712
f 512/774/367 521/705/713 522/711/368
f 511/767/370 510/1230/370 519/712/370
f 541/780/372 528/797/372 526/781/372
f 547/783/373 542/1231/373 538/784/373
f 534/786/374 529/798/374 540/787/374
f 530/789/714 536/812/714 532/790/714
f 535/792/376 548/807/376 544/793/376
f 525/808/385 527/1232/385 532/809/385
f 528/797/715 530/1233/715 527/810/715
f 534/786/716 536/1234/716 530/811/716
f 535/792/717 533/794/717 532/790/717
f 543/806/389 531/800/389 533/794/389
f 546/788/390 548/807/390 535/792/390
f 545/785/391 544/793/391 548/807/391
f 543/806/392 545/785/392 538/813/392
f 540/787/393 542/805/393 547/783/393
f 539/782/394 538/804/394 542/805/394
f 537/803/395 539/782/395 526/781/395
f 529/798/396 528/797/396 541/780/396
f 543/806/397 537/814/397 525/808/397
f 563/815/718 565/838/718 552/816/718
f 569/818/399 571/842/719 566/819/400
f 558/821/402 553/857/720 564/822/403
f 554/824/405 560/834/405 556/825/405
f 559/827/721 572/843/721 568/828/721
f 549/844/417 551/826/417 556/825/417
f 550/817/722 552/816/722 554/824/722
f 558/846/419 560/834/723 554/824/420
f 559/827/422 557/829/422 556/825/422
f 555/848/423 557/829/423 568/828/423
f 558/850/724 570/1235/724 572/843/724
f 571/842/725 569/818/725 568/828/725
f 567/851/426 569/818/426 562/820/426
f 564/853/427 566/819/726 571/842/428
f 563/815/430 562/836/727 566/839/431
f 561/855/433 563/815/433 550/817/433
f 553/857/728 552/816/728 565/838/728
f 567/858/435 561/855/435 549/856/435
f 589/860/436 576/876/436 574/861/436
f 595/863/437 590/883/437 586/864/437
f 582/866/438 577/903/438 588/867/438
f 578/869/439 584/880/439 580/870/439
f 583/872/440 596/888/440 592/873/440
f 573/889/441 575/871/441 580/870/441
f 574/861/729 576/876/729 578/869/729
f 582/891/448 584/880/448 578/869/448
f 581/874/730 580/870/730 584/880/730
f 579/893/450 581/874/450 592/873/450
f 594/895/451 596/888/451 583/872/451
f 595/887/731 593/885/731 592/873/731
f 591/897/444 593/865/444 586/864/444
f 588/899/453 590/883/453 595/863/453
f 587/862/732 586/864/732 590/883/732
f 585/901/450 587/862/450 574/861/450
f 577/903/455 576/876/455 589/860/455
f 591/904/450 585/901/450 573/902/450
f 611/906/733 598/922/733 600/907/733
f 617/909/457 610/942/734 614/910/458
f 612/912/460 601/949/735 606/913/461
f 604/915/463 608/926/463 602/916/463
f 616/918/736 620/933/736 607/919/736
f 604/915/475 599/917/475 597/934/475
f 598/922/737 599/917/737 602/916/737
f 602/916/477 608/926/738 606/936/478
f 607/919/480 608/926/480 604/915/480
f 616/918/481 605/920/481 603/938/481
f 606/940/468 607/919/470 620/933/739
f 619/911/740 620/933/740 616/918/740
f 610/942/484 617/909/484 615/943/484
f 619/911/485 614/910/741 612/945/486
f 614/930/488 610/928/489 611/906/489
f 598/922/490 611/906/490 609/947/490
f 613/908/742 600/907/742 601/949/742
f 597/948/492 609/947/492 615/950/492
f 622/952/493 624/968/493 637/953/493
f 634/955/494 638/975/494 643/956/494
f 636/958/495 625/995/495 630/959/495
f 628/961/496 632/972/496 626/962/496
f 640/964/497 644/979/497 631/965/497
f 628/961/498 623/963/498 621/981/498
f 622/952/743 623/963/743 626/962/743
f 626/962/505 632/972/505 630/983/505
f 632/972/744 628/961/744 629/966/744
f 640/964/507 629/966/507 627/985/507
f 631/965/508 644/979/508 642/987/508
f 643/980/745 644/979/745 640/964/745
f 634/955/501 641/957/501 639/989/501
f 643/956/510 638/975/510 636/991/510
f 638/975/746 634/955/746 635/954/746
f 622/952/507 635/954/507 633/993/507
f 637/953/512 624/968/512 625/995/512
f 621/994/507 633/993/507 639/996/507
f 659/998/747 661/1021/747 648/999/747
f 667/1001/514 662/1236/514 658/1002/514
f 654/1004/515 649/1015/515 660/1005/515
f 650/1007/516 656/1018/516 652/1008/516
f 655/1010/748 668/1024/748 664/1011/748
f 645/1025/524 647/1237/524 652/1008/524
f 648/999/525 650/1016/525 647/1014/525
f 654/1004/526 656/1018/526 650/1016/526
f 653/1012/527 652/1008/527 656/1018/527
f 663/1023/528 651/1017/528 653/1012/528
f 666/1006/529 668/1024/529 655/1010/529
f 667/1001/514 665/1003/514 664/1011/514
f 663/1023/514 665/1003/514 658/1026/514
f 660/1005/531 662/1022/531 667/1001/531
f 659/998/514 658/1020/514 662/1022/514
f 657/1019/533 659/998/533 646/1000/533
f 649/1015/534 648/999/534 661/1021/534
f 663/1023/535 657/1027/535 645/1025/535
f 670/1028/536 672/1045/536 685/1029/536
f 682/1031/537 686/1238/537 691/1032/537
f 684/1034/538 673/1047/538 678/1035/538
f 676/1037/749 680/1239/749 674/1038/749
f 688/1040/540 692/1055/540 679/1041/540
f 676/1056/549 671/1240/550 669/1057/550
f 671/1058/750 674/1241/750 672/1045/750
f 674/1059/751 680/1242/751 678/1035/751
f 679/1041/752 680/1239/752 676/1037/752
f 687/1054/554 688/1040/554 677/1042/554
f 679/1041/555 692/1055/555 690/1036/555
f 692/1055/556 688/1040/556 689/1033/556
f 682/1060/557 689/1033/557 687/1054/557
f 691/1032/558 686/1053/558 684/1034/558
f 686/1053/559 682/1052/559 683/1030/559
f 670/1028/560 683/1030/560 681/1051/560
f 685/1029/561 672/1045/561 673/1047/561
f 669/1057/562 681/1061/562 687/1054/562
f 707/1062/753 694/1079/753 696/1063/753
f 706/1065/564 710/1243/564 715/1066/564
f 708/1068/565 697/1081/565 702/1069/565
f 700/1071/566 704/1083/566 698/1072/566
f 712/1074/754 716/1088/754 703/1075/754
f 700/1071/574 695/1244/574 693/1089/574
f 695/1078/575 698/1080/575 696/1063/575
f 698/1080/576 704/1083/576 702/1069/576
f 704/1083/577 700/1071/577 701/1076/577
f 711/1087/578 712/1074/578 701/1076/578
f 703/1075/579 716/1088/579 714/1070/579
f 715/1066/755 716/1088/755 712/1074/755
f 706/1090/564 713/1067/564 711/1087/564
f 715/1066/580 710/1086/580 708/1068/580
f 710/1086/564 706/1085/564 707/1062/564
f 694/1079/582 707/1062/582 705/1084/582
f 709/1064/583 696/1063/583 697/1081/583
f 693/1089/584 705/1091/584 711/1087/584
f 855/1092/585 863/1201/585 858/694/585
f 856/689/284 864/688/284 857/1093/284
f 717/681/280 721/679/280 443/642/280
f 723/635/756 724/625/756 459/631/756
f 721/679/278 722/680/278 444/643/278
f 719/670/587 720/639/587 453/651/587
f 461/657/272 717/669/272 718/668/272
f 440/1094/757 453/651/757 720/639/757
f 719/633/257 723/635/257 458/656/257
f 436/1095/758 459/631/758 724/625/758
f 728/1096/759 730/1099/759 736/1097/759
f 730/1099/451 734/1120/451 737/1100/451
f 732/1102/591 728/1096/591 735/1104/591
f 739/1105/450 740/1122/450 731/1106/450
f 738/1103/592 735/1104/592 727/1108/592
f 741/1101/593 738/1103/593 731/1110/593
f 736/1097/594 737/1100/594 733/1112/594
f 742/1098/595 736/1097/595 729/1114/595
f 735/1104/596 742/1098/596 739/1116/596
f 737/1100/597 741/1101/597 740/1118/597
f 730/1099/438 728/1096/438 732/1102/438
f 729/1121/450 733/1245/450 740/1122/450
f 734/1120/760 732/1102/760 741/1101/760
f 752/1123/761 746/1127/761 744/1124/761
f 753/1126/508 750/1147/508 746/1127/508
f 751/1131/602 744/1124/602 748/1130/602
f 755/1132/507 743/1246/507 747/1133/507
f 743/1135/603 751/1131/603 754/1129/603
f 747/1137/604 754/1129/604 757/1128/604
f 749/1139/605 753/1126/605 752/1123/605
f 745/1141/606 752/1123/606 758/1125/606
f 755/1143/607 758/1125/607 751/1131/607
f 756/1145/608 757/1128/608 753/1126/608
f 748/1130/495 744/1124/495 746/1127/495
f 745/1148/507 755/1132/507 756/1134/507
f 757/1128/762 748/1130/762 750/1147/762
f 760/1150/611 762/1151/611 761/1151/611
f 762/1151/612 766/1152/612 765/1152/612
f 764/1153/613 760/1150/613 759/1150/613
f 765/1152/614 763/1153/614 759/1150/614
f 766/1152/615 762/1151/615 760/1150/615
f 766/1152/616 770/1154/616 769/1154/616
f 763/1153/617 767/1155/617 768/1155/617
f 765/1152/614 769/1154/614 767/1155/614
f 779/1156/611 780/1156/611 782/1157/611
f 771/1158/618 775/1159/618 776/1159/618
f 770/1154/619 768/1155/619 767/1155/619
f 774/1160/616 773/1160/616 771/1158/616
f 775/1159/617 777/1161/617 778/1161/617
f 774/1160/619 778/1161/619 777/1161/619
f 774/1160/615 772/1158/615 776/1159/615
f 773/1160/614 777/1161/614 775/1159/614
f 780/1156/615 784/1163/615 786/1162/615
f 786/1162/619 784/1163/619 783/1163/619
f 782/1157/616 786/1162/616 785/1162/616
f 779/1156/617 783/1163/617 784/1163/617
f 781/1157/614 785/1162/614 783/1163/614
f 787/1164/611 788/1164/611 790/1165/611
f 788/1164/615 792/1167/615 794/1166/615
f 794/1166/619 792/1167/619 791/1167/619
f 790/1165/616 794/1166/616 793/1166/616
f 787/1164/617 791/1167/617 792/1167/617
f 789/1165/614 793/1166/614 791/1167/614
f 795/1168/611 796/1168/611 798/1169/611
f 796/1168/615 800/1171/615 802/1170/615
f 802/1170/619 800/1171/619 799/1171/619
f 798/1169/616 802/1170/616 801/1170/616
f 795/1168/617 799/1171/617 800/1171/617
f 797/1169/614 801/1170/614 799/1171/614
f 805/1172/620 806/1172/620 804/1173/620
f 809/1174/621 810/1174/621 806/1172/621
f 764/1153/615 768/1155/615 770/1154/615
f 803/1173/622 804/1173/622 808/1175/622
f 803/1173/623 807/1175/623 809/1174/623
f 810/1174/624 808/1175/624 804/1173/624
f 813/1176/625 814/1176/625 810/1174/625
f 812/1177/626 811/1177/626 807/1175/626
f 811/1177/623 813/1176/623 809/1174/623
f 826/1178/620 824/1179/620 823/1179/620
f 820/1180/627 819/1180/627 815/1181/627
f 811/1177/628 812/1177/628 814/1176/628
f 815/1181/625 817/1182/625 818/1182/625
f 822/1183/626 821/1183/626 819/1180/626
f 821/1183/628 822/1183/628 818/1182/628
f 818/1182/624 822/1183/624 820/1180/624
f 819/1180/623 821/1183/623 817/1182/623
f 830/1184/624 828/1185/624 824/1179/624
f 827/1185/628 828/1185/628 830/1184/628
f 829/1184/625 830/1184/625 826/1178/625
f 828/1185/626 827/1185/626 823/1179/626
f 827/1185/623 829/1184/623 825/1178/623
f 834/1186/620 832/1187/620 831/1187/620
f 838/1188/624 836/1189/624 832/1187/624
f 835/1189/628 836/1189/628 838/1188/628
f 837/1188/625 838/1188/625 834/1186/625
f 836/1189/626 835/1189/626 831/1187/626
f 835/1189/623 837/1188/623 833/1186/623
f 842/1190/620 840/1191/620 839/1191/620
f 846/1192/624 844/1193/624 840/1191/624
f 843/1193/628 844/1193/628 846/1192/628
f 845/1192/625 846/1192/625 842/1190/625
f 844/1193/626 843/1193/626 839/1191/626
f 843/1193/623 845/1192/623 841/1190/623
f 814/1176/624 812/1177/624 808/1175/624
f 852/667/629 856/689/629 718/668/629
f 457/655/630 854/678/630 855/1092/630
f 855/1092/630 848/693/630 444/643/630
f 853/1194/631 850/677/631 456/1195/631
f 851/1197/632 849/1247/632 450/1198/632
f 718/668/629 856/689/629 847/672/629
f 848/693/763 851/1197/763 445/1199/763
f 854/678/585 860/687/585 863/1201/585
f 851/1202/635 858/694/635 859/1203/635
f 864/1205/636 859/1203/764 858/694/637
f 863/1201/636 860/687/764 857/691/636
f 435/1206/638 861/1214/765 862/1207/639
f 725/641/642 867/1216/650 865/1210/643
f 726/627/645 442/626/766 866/1211/646
f 725/641/642 437/640/767 862/1215/649
f 726/627/645 868/1212/647 861/1214/651
f 441/1217/653 439/1248/768 865/1218/654
f 865/1218/658 867/1221/662 868/1212/659
f 862/1207/661 861/1214/769 868/1212/659
o Android.002
v -0.022536 1.087254 0.362399
v -0.142144 1.084376 0.300872
v 0.150375 1.092599 0.234051
v 0.122448 1.091358 0.324154
v 0.005138 1.090629 -0.120635
v 0.073868 1.092123 -0.056029
v -0.139846 1.086525 -0.082390
v -0.213550 1.083932 0.030131
v -0.142732 0.734335 -0.011105
v -0.225019 0.837456 0.048014
v -0.162704 0.835576 -0.086943
v -0.250738 1.293016 0.029254
v -0.190192 1.445069 -0.038674
v -0.199452 1.315039 -0.087728
v 0.000233 0.728787 -0.056162
v -0.019739 0.830028 -0.132000
v 0.051913 0.826855 -0.070715
v 0.002583 1.470533 -0.089559
v 0.102462 1.353314 -0.115709
v -0.019159 1.330427 -0.187014
v -0.049744 0.729209 0.284575
v -0.018723 0.827639 0.370885
v -0.147029 0.833157 0.296004
v -0.088183 1.445704 0.348100
v -0.174231 1.293492 0.319334
v -0.071941 1.315832 0.395739
v 0.093221 0.723661 0.239518
v 0.147901 0.821564 0.234504
v 0.124242 0.822090 0.325828
v 0.104592 1.471168 0.297215
v 0.133854 1.331379 0.393146
v 0.204471 1.353948 0.271065
v 0.049626 2.139801 0.197470
v 0.145397 2.069475 0.251756
v 0.211005 1.962384 0.287702
v 0.208375 1.834166 0.283466
v 0.189802 1.705570 0.269939
v 0.130029 1.595509 0.232810
v 0.038156 1.520738 0.177734
v -0.028371 2.137382 0.256854
v 0.001278 2.065005 0.361485
v 0.022704 1.956544 0.431069
v 0.026781 1.828474 0.432784
v 0.023723 1.700359 0.407444
v 0.008131 1.591668 0.336677
v -0.017619 1.518948 0.231256
v -0.125508 2.134844 0.243668
v -0.178208 2.060316 0.337120
v -0.204959 1.950460 0.425196
v -0.197981 1.822514 0.418426
v -0.181718 1.694903 0.395709
v -0.142286 1.587650 0.332411
v -0.092534 1.517038 0.212209
v -0.184883 2.133673 0.165636
v -0.287919 2.058153 0.192935
v -0.355151 1.947592 0.210848
v -0.354121 1.819449 0.210787
v -0.326047 1.692072 0.203591
v -0.252981 1.585481 0.184495
v -0.146047 1.515905 0.156406
v -0.171716 2.134556 0.068467
v -0.263589 2.059785 0.013391
v -0.330209 1.949680 -0.049699
v -0.320697 1.821750 -0.046858
v -0.295242 1.694197 -0.034725
v -0.229635 1.587107 0.001221
v -0.127016 1.516824 0.081468
v -0.093719 2.136976 0.009083
v -0.119470 2.064255 -0.096338
v -0.135061 1.955563 -0.167105
v -0.132256 1.827485 -0.170215
v -0.122316 1.699451 -0.146270
v -0.100890 1.590990 -0.076685
v -0.071241 1.518614 0.027945
v 0.003418 2.139513 0.022269
v 0.060016 2.068944 -0.071973
v 0.099448 1.961691 -0.135271
v 0.099353 1.833488 -0.129896
v 0.089972 1.704949 -0.108574
v 0.056374 1.595051 -0.046459
v 0.003674 1.520523 0.046993
v -0.043746 1.493306 0.129462
v -0.061730 2.162654 0.133107
v 0.062793 2.140684 0.100301
v 0.169727 2.071106 0.072212
v 0.242793 1.964516 0.053116
v 0.248646 1.836510 0.051783
v 0.227454 1.707738 0.057583
v 0.160222 1.597177 0.075496
v 0.057186 1.521657 0.102795
v -0.054790 1.288687 0.366966
v -0.055498 1.317822 0.431392
v -0.062584 1.358607 0.374065
v -0.003862 1.390486 0.476707
v 0.048483 1.434016 0.457598
v -0.017670 1.437989 0.416269
v -0.001737 1.303082 0.283431
v -0.009531 1.373002 0.290530
v 0.050608 1.346611 0.264321
v 0.101536 1.448411 0.374062
v 0.102244 1.419276 0.309637
v 0.028661 1.459102 0.329622
v 0.169237 1.096413 0.464141
v 0.216781 1.098608 0.494714
v 0.168670 1.119721 0.515681
v 0.251855 1.212677 0.536646
v 0.209979 1.177853 0.551934
v 0.258090 1.156740 0.530967
v 0.211679 1.107929 0.397312
v 0.253555 1.142753 0.382025
v 0.259223 1.110124 0.427886
v 0.294297 1.224192 0.469818
v 0.300532 1.168256 0.464138
v 0.294864 1.200884 0.418277
v -0.171675 0.433346 0.510981
v -0.195561 0.499898 0.511558
v -0.193945 0.463438 0.450993
v -0.138411 0.822959 0.277324
v -0.091834 0.840113 0.226962
v -0.148141 0.744646 0.241652
v -0.101212 0.383949 0.460043
v -0.123481 0.414041 0.400055
v -0.054634 0.401102 0.409681
v 0.000410 0.805764 0.170408
v -0.008830 0.682310 0.200339
v -0.077677 0.695249 0.190713
v -0.104444 0.456868 0.581172
v -0.059483 0.510481 0.591375
v -0.128330 0.523419 0.581749
v 0.020358 0.917247 0.307356
v -0.095067 0.913032 0.348092
v 0.040995 0.885486 0.367710
v -0.033981 0.407470 0.530234
v 0.012597 0.424624 0.479872
v 0.010981 0.461083 0.540437
v 0.126053 0.843150 0.230948
v 0.148323 0.813059 0.290936
v 0.116324 0.764838 0.195276
v 0.119354 0.124785 0.388205
v 0.101133 0.101315 0.414985
v 0.116739 0.083182 0.349964
v -0.170100 0.389565 0.527879
v -0.177122 0.456885 0.507419
v -0.180390 0.404882 0.459618
v 0.146685 0.159990 0.348035
v 0.144070 0.118387 0.309795
v 0.164905 0.183460 0.321256
v -0.131570 0.515561 0.440470
v -0.078997 0.506916 0.393980
v -0.134838 0.463557 0.392669
v 0.159033 0.141610 0.429948
v 0.209324 0.122440 0.447365
v 0.140812 0.118139 0.456728
v -0.110989 0.484927 0.576991
v -0.103968 0.417606 0.597450
v -0.048126 0.460965 0.598761
v 0.186364 0.176815 0.389778
v 0.204585 0.200285 0.362999
v 0.236655 0.157645 0.407195
v -0.065438 0.543602 0.510041
v -0.002574 0.519640 0.531812
v -0.012864 0.534957 0.463552
v -0.348808 0.419117 -0.093777
v -0.370710 0.481233 -0.068051
v -0.321268 0.444178 -0.033665
v -0.185848 0.804212 0.086903
v -0.118998 0.827215 0.088274
v -0.158880 0.724597 0.107739
v -0.260056 0.380003 -0.118133
v -0.232516 0.405064 -0.058021
v -0.193206 0.403006 -0.116762
v -0.014867 0.804097 0.064237
v -0.030819 0.683425 0.024642
v -0.070128 0.685484 0.083383
v -0.358941 0.454114 -0.186904
v -0.341533 0.514172 -0.219918
v -0.380843 0.516230 -0.161177
v -0.111722 0.922271 -0.037867
v -0.217883 0.901326 0.019503
v -0.140003 0.895490 -0.097937
v -0.270189 0.415000 -0.211259
v -0.203339 0.438003 -0.209889
v -0.252781 0.475059 -0.244274
v 0.021406 0.863601 -0.074401
v -0.006135 0.838540 -0.134513
v 0.048374 0.783985 -0.053564
v -0.131999 0.120686 -0.315016
v -0.165976 0.099851 -0.311639
v -0.102379 0.074743 -0.300456
v -0.355773 0.388108 -0.087395
v -0.334129 0.452159 -0.066682
v -0.297105 0.394730 -0.048483
v -0.081032 0.151939 -0.320080
v -0.051413 0.105996 -0.305521
v -0.047054 0.172774 -0.323456
v -0.249185 0.504247 -0.075123
v -0.185884 0.492285 -0.104277
v -0.212161 0.446819 -0.056923
v -0.151434 0.143992 -0.366776
v -0.147728 0.129125 -0.421230
v -0.185411 0.123157 -0.363399
v -0.366520 0.491002 -0.152949
v -0.388164 0.426952 -0.173662
v -0.361888 0.472418 -0.221016
v -0.100467 0.175245 -0.371840
v -0.066489 0.196081 -0.375216
v -0.096761 0.160378 -0.426294
v -0.281576 0.543091 -0.161390
v -0.276944 0.524506 -0.229457
v -0.218276 0.531128 -0.190544
v 0.164498 1.129263 0.416865
v 0.159193 1.185420 0.421130
v 0.207502 1.162935 0.402139
v 0.200502 1.243552 0.457383
v 0.247116 1.245526 0.489370
v 0.248811 1.221067 0.438391
v 0.216417 1.075079 0.444588
v 0.259421 1.108752 0.429861
v 0.263032 1.077054 0.476575
v 0.299036 1.191343 0.517093
v 0.304341 1.135185 0.512828
v 0.300730 1.166883 0.466114
v 0.008110 1.101323 0.684002
v 0.023601 1.123123 0.697597
v 0.004131 1.143441 0.687201
v 0.053312 1.185066 0.763020
v 0.018351 1.183585 0.739030
v 0.054583 1.166721 0.724786
v 0.047049 1.060686 0.704794
v 0.082010 1.062166 0.728785
v 0.062540 1.082485 0.718389
v 0.092251 1.144429 0.783812
v 0.093522 1.126084 0.745578
v 0.096230 1.102311 0.780614
v -0.146574 1.264792 -0.103062
v -0.190516 1.303363 -0.142829
v -0.171830 1.326118 -0.078541
v -0.191520 1.397719 -0.175935
v -0.148583 1.453504 -0.169273
v -0.177785 1.423303 -0.103431
v -0.059694 1.282008 -0.056633
v -0.084950 1.343333 -0.032112
v -0.016757 1.337793 -0.049972
v -0.061704 1.470719 -0.122844
v -0.017762 1.432149 -0.083077
v -0.095857 1.443348 -0.048787
v 0.015386 1.197670 -0.359701
v 0.034787 1.224094 -0.405803
v -0.019767 1.228526 -0.391515
v 0.013778 1.348639 -0.412670
v -0.020571 1.304011 -0.417999
v 0.033983 1.299579 -0.432287
v 0.084890 1.211442 -0.322558
v 0.119239 1.256071 -0.317229
v 0.104291 1.237867 -0.368660
v 0.083282 1.362411 -0.375527
v 0.103487 1.313351 -0.395144
v 0.118436 1.331555 -0.343713
v 0.059365 1.217529 -0.304434
v 0.068190 1.268245 -0.280981
v 0.097882 1.252586 -0.326513
v 0.067387 1.343729 -0.307465
v 0.057757 1.368498 -0.357403
v 0.097079 1.328070 -0.352997
v 0.040911 1.191583 -0.377825
v 0.079428 1.226639 -0.399904
v 0.031282 1.216352 -0.427763
v 0.039303 1.342552 -0.430794
v 0.030478 1.291837 -0.454247
v 0.078624 1.302124 -0.426388
v -0.244766 1.253973 -0.251744
v -0.245067 1.282280 -0.261676
v -0.238147 1.292010 -0.234154
v -0.275161 1.369215 -0.284843
v -0.267939 1.350638 -0.247390
v -0.245670 1.338893 -0.281539
v -0.258606 1.234514 -0.306787
v -0.265828 1.253090 -0.344241
v -0.258908 1.262820 -0.316719
v -0.289002 1.349755 -0.339886
v -0.259511 1.319434 -0.336582
v -0.295621 1.311718 -0.357476
v 0.048227 0.726141 0.096447
v 0.099907 0.824210 0.081895
v 0.054124 1.450858 0.103719
v 0.154004 1.333639 0.077569
v -0.094738 0.731690 0.141504
v -0.186024 0.835307 0.172009
v -0.139188 1.445386 0.154713
v -0.231278 1.272714 0.179284
v 0.112121 1.092361 0.089011
v -0.177847 1.084154 0.165502
v 0.102574 -0.110654 0.499052
v 0.134082 0.082663 0.391183
v 0.262004 0.094711 0.264729
v 0.179633 0.141339 0.324234
v 0.142253 -0.093829 0.540795
v 0.173761 0.099488 0.432926
v 0.301683 0.111535 0.306472
v 0.219312 0.158164 0.365977
v 0.072776 -0.072671 0.512067
v 0.232207 0.132694 0.277744
v 0.271886 0.149518 0.319487
v 0.112455 -0.055846 0.553810
v 0.108446 -0.068803 0.390359
v 0.250260 0.011009 0.482114
v 0.220462 0.048992 0.495129
v 0.078648 -0.030820 0.403374
v -0.260557 -0.100327 -0.366261
v -0.132325 0.079863 -0.333275
v 0.036748 0.081983 -0.395804
v -0.047381 0.131952 -0.341715
v -0.279992 -0.077020 -0.418021
v -0.151760 0.103169 -0.385035
v 0.017313 0.105289 -0.447564
v -0.066815 0.155258 -0.393475
v -0.281385 -0.062320 -0.341327
v 0.015920 0.119989 -0.370870
v -0.003515 0.143296 -0.422630
v -0.300820 -0.039014 -0.393087
v -0.156178 -0.071544 -0.322941
v -0.172010 0.024418 -0.482442
v -0.192839 0.062425 -0.457508
v -0.177006 -0.033538 -0.298007
v 0.013830 1.130877 0.735134
v 0.032715 1.154187 0.735005
v 0.057180 1.095880 0.757406
v 0.076064 1.119190 0.757277
v -0.016422 1.155479 0.751853
v 0.002463 1.178788 0.751725
v 0.063052 1.091318 0.792686
v 0.081937 1.114628 0.792557
v -0.039296 1.174420 0.826137
v -0.020411 1.197730 0.826008
v 0.040178 1.110260 0.866969
v 0.059063 1.133569 0.866841
v -0.029365 1.166047 0.766712
v -0.010481 1.189357 0.766583
v -0.037943 1.173150 0.794569
v -0.019058 1.196460 0.794440
v -0.068349 1.197578 0.757437
v -0.049464 1.220888 0.757308
v -0.074067 1.202314 0.776008
v -0.055183 1.225624 0.775879
v 0.015644 1.130126 0.865119
v 0.034529 1.153435 0.864990
v 0.037319 1.112627 0.876255
v 0.056204 1.135937 0.876126
v -0.012948 1.153803 0.957973
v 0.005937 1.177113 0.957844
v 0.008727 1.136304 0.969109
v 0.027611 1.159614 0.968980
v -0.013255 1.153457 0.850270
v 0.005629 1.176767 0.850142
v 0.008419 1.135958 0.861407
v 0.027304 1.159268 0.861278
v -0.041848 1.177134 0.943125
v -0.022963 1.200444 0.942996
v -0.020173 1.159636 0.954261
v -0.001288 1.182946 0.954132
v -0.042155 1.176788 0.835422
v -0.023270 1.200098 0.835293
v -0.020480 1.159290 0.846558
v -0.001596 1.182600 0.846430
v -0.070747 1.200465 0.928276
v -0.051862 1.223775 0.928147
v -0.049072 1.182967 0.939412
v -0.030188 1.206277 0.939284
v -0.268322 1.322682 -0.271659
v -0.277253 1.338553 -0.295499
v -0.288681 1.272480 -0.297452
v -0.297612 1.288351 -0.321292
v -0.284912 1.352033 -0.245904
v -0.293843 1.367904 -0.269744
v -0.322237 1.259996 -0.293192
v -0.331168 1.275867 -0.317032
v -0.356298 1.363367 -0.211617
v -0.365229 1.379237 -0.235457
v -0.393623 1.271330 -0.258904
v -0.402554 1.287201 -0.282744
v -0.299365 1.363233 -0.233033
v -0.308296 1.379104 -0.256873
v -0.326135 1.367483 -0.220176
v -0.335066 1.383354 -0.244016
v -0.291322 1.406485 -0.207253
v -0.300253 1.422356 -0.231093
v -0.309169 1.409318 -0.198681
v -0.318100 1.425189 -0.222521
v -0.392366 1.297848 -0.241722
v -0.401297 1.313718 -0.265562
v -0.402546 1.272747 -0.254618
v -0.411477 1.288617 -0.278459
v -0.481599 1.312015 -0.198862
v -0.490530 1.327886 -0.222703
v -0.491778 1.286914 -0.211759
v -0.500709 1.302785 -0.235599
v -0.378794 1.331316 -0.224526
v -0.387725 1.347186 -0.248366
v -0.388973 1.306215 -0.237423
v -0.397904 1.322085 -0.261263
v -0.468026 1.345483 -0.181667
v -0.476957 1.361354 -0.205507
v -0.478206 1.320382 -0.194564
v -0.487136 1.336253 -0.218404
v -0.365221 1.364783 -0.207331
v -0.374152 1.380654 -0.231171
v -0.375400 1.339682 -0.220227
v -0.384331 1.355553 -0.244068
v -0.454453 1.378951 -0.164472
v -0.463384 1.394822 -0.188312
v -0.464633 1.353850 -0.177368
v -0.473563 1.369721 -0.201208
v 0.151963 1.071689 0.216594
v -0.217956 1.087416 0.039642
v -0.006677 1.079657 -0.121296
v -0.011660 1.077599 0.362513
v -0.149642 1.085206 -0.076239
v 0.067974 1.076319 -0.050472
v 0.131305 1.072051 0.317456
v -0.133967 1.082786 0.306708
v -0.175962 1.085101 0.173175
v 0.109969 1.074004 0.083061
v 0.106723 1.133489 0.231893
v -0.167886 1.145517 0.024903
v 0.022734 1.138119 -0.035173
v -0.083897 1.140887 0.291969
v -0.090552 1.037960 0.289392
v 0.101690 1.037728 0.234373
v -0.126042 1.142970 0.158272
v 0.064663 1.135954 0.098466
v 0.024527 1.039606 -0.034687
v -0.167269 1.039658 0.020202
v 0.062920 1.038449 0.099690
v -0.129041 1.039389 0.155209
vn -0.9279 -0.2809 0.2452
vn 0.2523 -0.2784 0.9267
vn -0.5481 -0.2355 0.8026
vn -0.0269 0.9996 0.0054
vn -0.2373 -0.2814 -0.9298
vn 0.9517 -0.1771 -0.2507
vn -0.8178 -0.4396 -0.3715
vn -0.9105 0.2011 -0.3613
vn 0.5820 -0.4108 -0.7017
vn 0.3699 0.4911 -0.7886
vn -0.4515 -0.5036 0.7366
vn -0.6140 0.2030 0.7627
vn 0.8557 -0.4664 0.2244
vn 0.7104 0.4933 0.5021
vn -0.2594 -0.6113 -0.7477
vn -0.8256 -0.1491 -0.5442
vn -0.4758 0.3399 -0.8112
vn 0.6885 0.0145 -0.7251
vn 0.8345 -0.4799 -0.2708
vn 0.7076 0.6595 -0.2538
vn 0.9797 -0.0015 0.2007
vn 0.1960 -0.6807 0.7058
vn 0.1355 0.5797 0.8035
vn -0.4156 -0.0172 0.9094
vn -0.7024 -0.6804 0.2091
vn -0.8578 0.4826 0.1766
vn -0.0402 -0.9992 -0.0047
vn 0.8659 -0.1758 0.4684
vn 0.5224 -0.1779 -0.8339
vn -0.3426 0.4974 0.7970
vn 0.7580 0.6112 -0.2279
vn 0.7581 0.6111 -0.2278
vn 0.1999 0.8222 0.5330
vn -0.7320 0.5189 -0.4415
vn 0.5794 0.5687 -0.5839
vn 0.2847 -0.9567 0.0606
vn 0.8448 -0.5117 0.1567
vn 0.9842 0.0432 0.1715
vn 0.5587 0.8252 0.0832
vn 0.5750 -0.8068 0.1361
vn 0.9727 -0.1575 0.1703
vn 0.9737 -0.1535 0.1681
vn 0.9725 -0.1584 0.1708
vn 0.8288 0.5471 0.1173
vn 0.1822 0.9827 0.0336
vn 0.4170 -0.8125 0.4074
vn 0.6297 -0.1659 0.7589
vn 0.6312 -0.1699 0.7568
vn 0.6315 -0.1708 0.7563
vn 0.5011 0.5352 0.6800
vn 0.1012 0.9797 0.1728
vn 0.2108 -0.9594 0.1876
vn 0.5627 -0.5219 0.6411
vn 0.6343 0.0305 0.7725
vn 0.3331 0.8170 0.4708
vn -0.0570 -0.1834 0.9814
vn -0.0519 -0.1911 0.9802
vn -0.0509 -0.1926 0.9800
vn -0.0361 0.5346 0.8443
vn -0.0545 0.9753 0.2139
vn -0.0399 -0.9665 0.2537
vn -0.0092 -0.5447 0.8386
vn -0.0640 0.0113 0.9979
vn -0.1005 0.8047 0.5851
vn -0.0981 -0.8753 0.4736
vn -0.1668 -0.9695 0.1797
vn -0.6662 -0.5470 0.5069
vn -0.6664 -0.5454 0.5084
vn -0.6662 -0.5474 0.5066
vn -0.7992 -0.0067 0.6011
vn -0.4879 0.7955 0.3593
vn -0.4167 -0.8083 0.4160
vn -0.7810 -0.2053 0.5899
vn -0.7809 -0.2048 0.5901
vn -0.7810 -0.2054 0.5898
vn -0.6883 0.5484 0.4749
vn -0.1937 0.9720 0.1328
vn -0.9917 -0.0079 -0.1287
vn -0.6023 0.7948 -0.0744
vn -0.5670 -0.8092 -0.1539
vn -0.9702 -0.2058 -0.1277
vn -0.9701 -0.2064 -0.1273
vn -0.9701 -0.2066 -0.1272
vn -0.8334 0.5475 -0.0754
vn -0.2347 0.9718 -0.0230
vn -0.2330 -0.9699 -0.0711
vn -0.8300 -0.5464 -0.1120
vn -0.8291 -0.5480 -0.1107
vn -0.8289 -0.5484 -0.1105
vn -0.3182 -0.8766 -0.3609
vn -0.5284 -0.1941 -0.8265
vn -0.5335 -0.1863 -0.8250
vn -0.5274 -0.1956 -0.8268
vn -0.4482 0.5320 -0.7184
vn -0.1537 0.9747 -0.1622
vn -0.1590 -0.9672 -0.1981
vn -0.4212 -0.5472 -0.7233
vn -0.5479 0.0083 -0.8365
vn -0.3766 0.8030 -0.4619
vn 0.1002 0.5328 -0.8403
vn 0.0020 0.9791 -0.2032
vn 0.0916 -0.9601 -0.2642
vn 0.1738 -0.5243 -0.8336
vn 0.1707 0.0277 -0.9849
vn 0.0569 0.8153 -0.5763
vn 0.1625 -0.8141 -0.5576
vn 0.1760 -0.1727 -0.9691
vn 0.1737 -0.1688 -0.9702
vn 0.1765 -0.1736 -0.9689
vn 0.2186 -0.9571 -0.1902
vn 0.6580 -0.5128 -0.5514
vn 0.7716 0.0419 -0.6347
vn 0.4444 0.8244 -0.3505
vn 0.4337 -0.8076 -0.3995
vn 0.7643 -0.1548 -0.6260
vn 0.7623 -0.1589 -0.6274
vn 0.7619 -0.1597 -0.6277
vn 0.6627 0.5461 -0.5125
vn 0.1412 0.9824 -0.1221
vn -0.4861 -0.1869 0.8537
vn 0.6722 -0.6718 0.3112
vn 0.5586 0.6819 0.4723
vn -0.7203 0.5961 -0.3547
vn 0.5727 0.1004 -0.8136
vn -0.9925 -0.1148 0.0410
vn -0.3499 0.6960 0.6270
vn -0.3799 0.0514 -0.9236
vn 0.3577 0.8523 -0.3815
vn -0.2163 -0.8905 0.4003
vn 0.3799 -0.0514 0.9236
vn 0.3963 -0.7243 -0.5643
vn 0.9925 0.1148 -0.0410
vn -0.8405 -0.0388 -0.5405
vn -0.8505 0.3732 0.3706
vn -0.0337 0.9883 0.1489
vn -0.0189 0.4203 -0.9072
vn 0.0559 -0.4569 -0.8877
vn 0.7844 0.5683 -0.2484
vn 0.8505 -0.3732 -0.3706
vn 0.1102 -0.9888 -0.1004
vn 0.8405 0.0388 0.5405
vn 0.1002 -0.5768 0.8107
vn -0.6926 -0.6600 0.2909
vn 0.0359 0.3652 0.9302
vn -0.4720 -0.7684 -0.4322
vn -0.7046 0.4940 0.5094
vn 0.6717 0.2380 0.7015
vn 0.6676 0.2397 0.7049
vn 0.6729 0.2375 0.7005
vn -0.0112 0.7763 -0.6303
vn 0.0054 0.7751 -0.6318
vn 0.0782 0.7675 -0.6362
vn -0.6976 -0.3512 -0.6244
vn 0.7046 -0.4940 -0.5094
vn -0.9260 -0.3339 0.1763
vn -0.7440 0.3513 -0.5684
vn -0.1123 -0.9043 -0.4119
vn 0.1117 -0.2420 -0.9638
vn 0.1020 -0.2416 -0.9650
vn 0.0898 -0.2410 -0.9664
vn -0.1497 -0.0623 0.9868
vn 0.1191 0.8948 0.4302
vn 0.6640 -0.6327 0.3986
vn 0.9424 0.0344 -0.3326
vn -0.6358 -0.7582 -0.1443
vn -0.9915 0.0979 -0.0854
vn -0.4812 0.1662 -0.8607
vn -0.4821 0.1698 -0.8595
vn -0.4764 0.1476 -0.8667
vn -0.0001 -0.5971 -0.8021
vn 0.3378 -0.9412 -0.0082
vn 0.1209 -0.2424 -0.9626
vn 0.9185 -0.3778 -0.1168
vn 0.3149 -0.4256 0.8484
vn 0.6353 0.7536 0.1690
vn 0.6357 0.7565 0.1540
vn 0.6358 0.7582 0.1443
vn -0.0220 0.5164 0.8561
vn -0.0195 0.5155 0.8566
vn -0.0192 0.5154 0.8567
vn -0.6587 -0.2426 0.7122
vn -0.2099 0.8352 -0.5084
vn -0.2269 -0.8371 0.4978
vn -0.4108 -0.6406 0.6487
vn 0.6995 0.2293 0.6769
vn -0.5960 0.7597 0.2603
vn -0.6202 -0.3303 -0.7115
vn 0.4978 0.5298 -0.6867
vn 0.8890 -0.3389 0.3079
vn -0.9889 -0.0621 0.1351
vn -0.4629 0.6155 -0.6379
vn -0.0462 -0.7354 -0.6760
vn -0.2253 0.2617 0.9385
vn 0.3007 0.9393 0.1654
vn -0.7321 -0.6810 0.0142
vn -0.8890 0.3389 -0.3079
vn -0.0938 0.1505 -0.9841
vn 0.5960 -0.7597 -0.2603
vn -0.0993 0.9521 -0.2893
vn 0.8380 0.5457 -0.0039
vn 0.0462 0.7354 0.6760
vn 0.1962 -0.2811 0.9394
vn -0.7435 0.1223 0.6575
vn -0.8353 0.0998 0.5407
vn -0.1015 0.3512 -0.9308
vn -0.1040 0.3517 -0.9303
vn -0.1045 0.3518 -0.9302
vn 0.3992 0.7645 0.5062
vn 0.3783 0.7630 0.5242
vn 0.4606 0.7656 0.4491
vn 0.0367 -0.4668 0.8836
vn 0.8875 -0.3911 -0.2436
vn -0.7134 -0.4677 0.5218
vn -0.0961 0.2214 0.9704
vn 0.3114 -0.9193 0.2406
vn 0.8175 -0.2742 0.5065
vn 0.7927 -0.2821 0.5404
vn 0.8082 -0.2773 0.5195
vn -0.8304 -0.0636 -0.5535
vn -0.3187 0.9124 -0.2567
vn 0.1944 -0.5152 -0.8347
vn 0.8668 0.1710 -0.4684
vn -0.2462 -0.8494 0.4669
vn -0.6312 -0.0108 0.7756
vn 0.2614 0.0538 0.9637
vn 0.2583 0.0596 0.9642
vn 0.2427 0.0889 0.9660
vn 0.6505 -0.6069 0.4566
vn 0.3097 -0.8785 -0.3638
vn 0.8390 0.3849 0.3847
vn 0.5190 -0.0957 -0.8494
vn -0.3895 -0.3544 -0.8501
vn 0.2409 0.8482 -0.4717
vn 0.2326 0.8464 -0.4791
vn 0.2462 0.8494 -0.4669
vn -0.6976 0.5244 -0.4883
vn -0.6986 0.5247 -0.4865
vn -0.6974 0.5243 -0.4885
vn -0.9454 -0.3253 -0.0194
vn 0.1695 0.7823 0.5993
vn -0.4495 -0.8512 -0.2710
vn -0.8168 -0.5750 0.0478
vn -0.2955 0.3370 -0.8939
vn -0.4166 0.7601 0.4987
vn 0.3509 -0.4381 0.8276
vn 0.8776 0.4640 -0.1206
vn 0.0655 -0.2628 -0.9626
vn -0.5439 -0.0861 0.8347
vn 0.4369 0.5153 0.7372
vn 0.5236 -0.8122 0.2574
vn -0.9179 0.3624 -0.1614
vn 0.0629 0.9639 -0.2589
vn -0.3344 -0.7059 0.6244
vn -0.0655 0.2628 0.9626
vn 0.8624 0.0280 0.5054
vn 0.4166 -0.7601 -0.4987
vn 0.3061 0.9058 0.2929
vn 0.4475 0.5864 -0.6751
vn -0.5236 0.8122 -0.2574
vn -0.7908 -0.1586 -0.5911
vn -0.8952 0.1692 0.4123
vn -0.6836 0.6685 -0.2929
vn -0.5587 -0.1152 0.8213
vn 0.4827 0.7186 0.5006
vn 0.5587 0.1152 -0.8213
vn 0.6117 -0.6833 0.3987
vn -0.3502 0.0380 -0.9359
vn 0.2460 0.8771 -0.4126
vn 0.3992 -0.7441 -0.5357
vn 0.9954 0.0950 -0.0125
vn -0.2460 -0.8771 0.4126
vn -0.9954 -0.0950 0.0125
vn 0.0300 -0.4324 -0.9012
vn -0.0638 0.5603 -0.8258
vn 0.7602 0.5952 -0.2603
vn 0.8540 -0.3975 -0.3357
vn 0.0554 -0.9983 -0.0192
vn 0.0554 -0.9983 -0.0191
vn 0.7876 0.0277 0.6155
vn -0.9773 0.1325 0.1655
vn -0.7602 -0.5952 0.2603
vn -0.1119 -0.7705 0.6275
vn -0.8603 -0.0427 -0.5081
vn -0.1284 0.9836 0.1264
vn -0.5513 -0.7326 -0.3993
vn -0.8351 -0.1900 -0.5162
vn 0.4951 -0.2830 -0.8215
vn 0.0218 0.9234 -0.3833
vn -0.4916 0.1877 0.8504
vn 0.8989 0.1536 0.4104
vn -0.7816 -0.4808 0.3974
vn -0.7867 0.6136 -0.0675
vn 0.2216 -0.2820 0.9335
vn 0.3188 0.8318 0.4544
vn -0.2100 -0.8075 -0.5512
vn -0.2216 0.2820 -0.9335
vn 0.7932 -0.6087 -0.0151
vn 0.7816 0.4808 -0.3974
vn -0.3430 -0.4671 0.8150
vn -0.9644 0.0783 0.2526
vn -0.3247 0.9060 0.2716
vn 0.2643 0.3218 0.9092
vn 0.6538 -0.5635 0.5050
vn 0.6396 0.7678 0.0379
vn 0.9644 -0.0783 -0.2526
vn 0.3572 -0.8673 -0.3468
vn 0.3430 0.4671 -0.8150
vn -0.2643 -0.3218 -0.9092
vn -0.5720 -0.8064 -0.1501
vn -0.5862 0.5249 -0.6172
vn 0.0419 -0.9598 0.2775
vn 0.1742 0.3002 0.9378
vn -0.9730 0.0671 0.2209
vn -0.0672 0.9459 -0.3175
vn 0.9730 -0.0671 -0.2209
vn -0.2928 -0.3193 -0.9013
vn 0.7007 -0.3963 0.5932
vn 0.6891 0.6932 0.2110
vn 0.4344 -0.7708 -0.4661
vn 0.4228 0.3187 -0.8483
vn -0.6891 -0.6932 -0.2110
vn -0.4228 -0.3187 0.8483
vn 0.6951 -0.7147 0.0779
vn 0.8511 0.1819 0.4925
vn 0.6809 0.6197 -0.3903
vn 0.5249 -0.2768 -0.8049
vn -0.2221 -0.8899 -0.3985
vn -0.2221 -0.8899 -0.3986
vn -0.2305 0.4412 -0.8673
vn -0.6809 -0.6197 0.3903
vn -0.7991 -0.4860 -0.3540
vn 0.1034 -0.4323 0.8958
vn 0.0951 0.8990 0.4276
vn 0.0951 0.8990 0.4275
vn -0.0526 -0.9373 0.3446
vn -0.7058 0.6688 0.2338
vn -0.7061 0.6683 0.2339
vn -0.7064 0.6681 0.2337
vn 0.7580 0.6112 -0.2277
vn 0.7580 0.6112 -0.2278
vn -0.8655 0.4463 0.2275
vn 0.7402 0.6597 -0.1302
vn -0.1475 0.9869 -0.0651
vn -0.7815 0.3245 -0.5329
vn -0.2460 0.6539 0.7155
vn -0.6886 0.5947 0.4149
vn -0.4555 -0.5868 0.6695
vn 0.4448 0.0424 0.8946
vn 0.4555 0.5868 -0.6695
vn -0.5368 -0.1357 -0.8327
vn -0.8014 -0.5423 -0.2521
vn 0.7643 0.4372 0.4740
vn 0.5700 0.6300 0.5275
vn -0.8863 0.4462 0.1239
vn 0.1815 0.2261 0.9570
vn -0.6897 0.7239 -0.0161
vn -0.6101 0.6111 0.5043
vn -0.8494 -0.5209 0.0844
vn -0.6162 0.1672 -0.7696
vn 0.8494 0.5209 -0.0844
vn 0.5132 -0.2562 0.8191
vn -0.1593 -0.6011 0.7832
vn -0.0662 0.5217 -0.8505
vn -0.1786 0.7114 -0.6797
vn -0.4443 0.4210 0.7908
vn 0.2859 -0.2368 -0.9285
vn 0.7597 -0.6167 -0.2062
vn -0.3087 0.2450 -0.9191
vn -0.6295 -0.7770 0.0043
vn 0.6295 0.7770 -0.0043
vn 0.7225 -0.5833 0.3712
vn -0.7225 0.5833 -0.3712
vn 0.1387 -0.1178 -0.9833
vn -0.2859 0.2368 0.9285
vn 0.8923 -0.1417 -0.4286
vn 0.2126 -0.7748 -0.5954
vn 0.8709 0.4915 0.0009
vn 0.2977 -0.5290 0.7947
vn -0.2977 0.5290 -0.7947
vn -0.3393 -0.8367 -0.4299
vn 0.3393 0.8367 0.4299
vn 0.9415 0.0252 -0.3360
vn -0.8923 0.1417 0.4286
vn 0.9531 -0.0370 -0.3004
vn -0.9531 0.0370 0.3004
vn 0.3013 0.0234 0.9532
vn -0.2981 0.0565 -0.9529
vn -0.9078 0.0116 -0.4193
vn 0.8149 0.5557 0.1649
vn -0.7063 0.6684 0.2333
vn -0.1329 0.8405 -0.5252
vn 0.0391 0.9992 0.0056
vn 0.0393 0.9992 0.0056
vn 0.0391 0.9992 0.0050
vn 0.1383 -0.8712 0.4712
vn 0.1442 -0.8678 0.4756
vn 0.1513 -0.8636 0.4809
vn 0.5055 -0.6871 -0.5219
vn 0.7037 -0.6818 -0.1997
vn 0.6864 -0.7029 -0.1863
vn 0.6800 -0.7113 -0.1782
vn -0.6457 -0.7428 0.1771
vn -0.6559 -0.7338 0.1770
vn -0.6443 -0.7436 0.1788
vn -0.3610 -0.5816 0.7290
vn 0.7248 -0.6604 -0.1962
vn 0.7021 -0.6816 -0.2061
vn -0.6400 -0.7490 0.1717
vn -0.6380 -0.7511 0.1695
vn -0.1198 -0.8824 -0.4550
vn -0.1129 -0.8748 -0.4712
vn -0.1261 -0.8891 -0.4399
vn 0.7307 -0.6471 0.2176
vn -0.6659 -0.5952 -0.4499
vn -0.0045 -1.0000 -0.0048
vn -0.0039 -1.0000 -0.0055
vn -0.0008 -1.0000 -0.0018
vn -0.0052 -1.0000 -0.0059
vn -0.0064 -1.0000 -0.0052
vn -0.9793 -0.1737 0.1035
vn 0.0230 -0.1394 0.9900
vn -0.4497 -0.1468 0.8810
vn -0.0970 0.9872 0.1264
vn -0.4681 -0.1425 -0.8721
vn 0.9584 -0.1654 -0.2326
vn -0.8724 -0.2375 -0.4272
vn -0.2788 0.5772 -0.7675
vn 0.6500 -0.0014 -0.7600
vn 0.9678 -0.0189 0.2508
vn -0.0141 0.3428 0.9393
vn -0.5022 0.0431 0.8637
vn 0.9298 -0.2328 0.2850
vn 0.6685 -0.2344 -0.7058
vn 0.7579 0.6112 -0.2279
vn 0.8556 -0.4965 0.1466
vn 0.9907 -0.0247 0.1340
vn 0.6062 -0.7880 0.1080
vn 0.9739 -0.1527 0.1677
vn 0.4076 -0.7952 0.4490
vn 0.6295 -0.1652 0.7593
vn 0.5590 -0.5072 0.6559
vn 0.6061 -0.0387 0.7945
vn -0.0579 -0.1821 0.9816
vn -0.1199 0.6386 0.7601
vn -0.0351 -0.5175 0.8550
vn -0.0243 -0.0541 0.9982
vn 0.0059 -0.8238 0.5668
vn -0.6664 -0.5452 0.5086
vn -0.8162 -0.0748 0.5729
vn -0.4180 -0.8482 0.3253
vn -0.7809 -0.2046 0.5902
vn -0.6909 0.5041 0.5182
vn -0.9925 -0.0759 -0.0956
vn -0.5234 -0.8489 -0.0742
vn -0.8570 0.5031 -0.1116
vn -0.8301 -0.5462 -0.1122
vn -0.2737 -0.8256 -0.4935
vn -0.5343 -0.1851 -0.8248
vn -0.4797 0.6364 -0.6041
vn -0.4518 -0.5201 -0.7249
vn -0.5134 -0.0572 -0.8562
vn 0.1632 -0.5097 -0.8447
vn 0.1355 -0.0416 -0.9899
vn 0.1338 -0.7969 -0.5891
vn 0.1733 -0.1680 -0.9704
vn 0.6724 -0.4976 -0.5480
vn 0.7957 -0.0260 -0.6051
vn 0.4747 -0.7888 -0.3905
vn 0.7646 -0.1540 -0.6258
vn -0.4862 -0.1869 0.8537
vn -0.8086 0.4997 -0.3106
vn -0.8692 0.2724 0.4127
vn -0.0014 0.9717 0.2360
vn -0.1002 0.5768 -0.8107
vn 0.8505 -0.3732 -0.3707
vn -0.9335 0.2397 0.2667
vn 0.6667 0.2400 0.7056
vn -0.0906 0.7788 -0.6208
vn 0.4068 -0.6559 -0.6358
vn -0.9887 0.1429 -0.0441
vn -0.4862 0.1867 -0.8537
vn 0.3156 0.3606 -0.8777
vn 0.9529 -0.2480 0.1747
vn 0.6349 0.7517 0.1785
vn -0.0226 0.5166 0.8559
vn -0.6640 0.6327 -0.3986
vn -0.7356 -0.6762 -0.0408
vn -0.0556 0.1904 -0.9801
vn 0.8243 0.5635 -0.0545
vn 0.1478 -0.3079 0.9399
vn -0.8875 0.3911 0.2436
vn -0.1008 0.3510 -0.9309
vn 0.3021 0.7529 0.5848
vn 0.7996 -0.5993 0.0390
vn -0.5983 -0.0566 0.7993
vn 0.2755 0.0268 0.9609
vn 0.8282 -0.2705 0.4908
vn 0.7253 -0.2353 -0.6470
vn 0.2273 0.8451 -0.4838
vn -0.6988 0.5248 -0.4860
vn -0.1944 0.5152 0.8347
vn -0.3831 -0.7040 0.5980
vn 0.8785 0.0696 0.4726
vn 0.4060 0.5753 -0.7101
vn -0.8141 -0.1872 -0.5498
vn -0.6949 0.6482 -0.3114
vn 0.6004 -0.7036 0.3802
vn -0.5660 0.0752 0.8210
vn -0.9817 -0.0115 0.1900
vn -0.3458 0.9207 0.1808
vn 0.4176 0.1936 0.8878
vn 0.1676 0.3280 0.9297
vn -0.2862 -0.3471 -0.8931
vn -0.4915 -0.0535 0.8692
vn -0.8337 0.4828 0.2680
vn 0.9486 -0.1655 -0.2698
vn -0.9029 -0.1733 0.3935
vn -0.6613 -0.2804 -0.6957
vn -0.0345 0.7631 0.6454
vn 0.3239 -0.3884 0.8627
vn -0.5274 0.8326 -0.1692
vn -0.8590 0.0667 -0.5077
vn -0.7066 0.6681 0.2331
vn 0.0399 0.9992 0.0037
vn 0.0397 0.9992 0.0030
vn 0.1326 -0.8743 0.4669
vn -0.6606 -0.7299 0.1754
vn 0.7335 -0.6519 -0.1924
vn -0.1048 -0.8654 -0.4901
vn -0.0039 -0.9999 -0.0095
vt 0.171973 0.525509
vt 0.123271 0.470458
vt 0.172144 0.469481
vt 0.329048 0.559029
vt 0.269769 0.473003
vt 0.323413 0.469622
vt 0.224429 0.536019
vt 0.271784 0.555717
vt 0.171578 0.656843
vt 0.106282 0.592595
vt 0.171766 0.593801
vt 0.074500 0.472413
vt 0.014702 0.558079
vt 0.020877 0.468708
vt 0.125000 0.930227
vt 0.075188 0.848003
vt 0.125000 0.848094
vt 0.118558 0.132190
vt 0.128554 0.179315
vt 0.084127 0.157401
vt 0.119454 0.535702
vt 0.071980 0.555113
vt 0.178317 0.661080
vt 0.208858 0.690885
vt 0.178317 0.698336
vt 0.191748 0.987956
vt 0.192024 0.935909
vt 0.236681 0.952358
vt 0.221859 0.132190
vt 0.259325 0.156810
vt 0.215194 0.179315
vt 0.237257 0.592990
vt 0.075016 0.661080
vt 0.071683 0.698336
vt 0.041227 0.690545
vt 0.058252 0.987956
vt 0.013319 0.952358
vt 0.057976 0.935909
vt 0.075883 0.082205
vt 0.118558 0.082205
vt 0.042543 0.613558
vt 0.205958 0.781989
vt 0.171652 0.781644
vt 0.125000 0.698336
vt 0.125000 0.661080
vt 0.125000 0.982481
vt 0.044042 0.781989
vt 0.078348 0.781644
vt 0.221859 0.082205
vt 0.266690 0.132190
vt 0.300872 0.614338
vt 0.244949 0.645904
vt 0.263355 0.262163
vt 0.218526 0.262623
vt 0.171874 0.132190
vt 0.171874 0.179315
vt 0.171874 0.082205
vt 0.044107 0.843803
vt 0.012944 0.920851
vt 0.205893 0.843803
vt 0.237056 0.920851
vt 0.257957 0.283956
vt 0.218526 0.288649
vt 0.125000 0.807670
vt 0.125000 0.781644
vt 0.254571 0.305310
vt 0.218526 0.355295
vt 0.085792 0.283956
vt 0.125222 0.262623
vt 0.125222 0.288649
vt 0.204260 0.792310
vt 0.171652 0.807670
vt 0.859375 0.281250
vt 0.885106 0.256635
vt 0.891894 0.281971
vt 0.878070 0.544687
vt 0.829942 0.566924
vt 0.839826 0.536375
vt 0.877139 0.631101
vt 0.823645 0.598114
vt 0.877260 0.602341
vt 0.873976 0.447406
vt 0.934594 0.467677
vt 0.874324 0.491775
vt 0.878927 0.507119
vt 0.854765 0.501683
vt 0.877556 0.574516
vt 0.877239 0.666695
vt 0.821219 0.629738
vt 0.875000 0.406250
vt 0.903699 0.436254
vt 0.834141 0.487652
vt 0.773209 0.547252
vt 0.762023 0.666908
vt 0.754270 0.625547
vt 0.915413 0.407135
vt 0.883990 0.306981
vt 0.798480 0.513179
vt 0.760116 0.585778
vt 0.960087 0.407618
vt 0.979095 0.786317
vt 0.911469 0.770080
vt 0.963302 0.747280
vt 0.976809 0.872950
vt 0.919466 0.830703
vt 0.985192 0.827584
vt 0.904686 0.378021
vt 0.858654 0.313769
vt 0.902563 0.739887
vt 0.936872 0.715119
vt 0.917002 0.800032
vt 0.935899 0.346311
vt 0.902196 0.689550
vt 0.881474 0.703189
vt 0.833644 0.305865
vt 0.859375 0.775217
vt 0.859375 0.746487
vt 0.859375 0.833482
vt 0.859375 0.804002
vt 0.876024 0.365094
vt 0.875676 0.320725
vt 0.859375 0.711581
vt 0.915262 0.870591
vt 0.801748 0.800032
vt 0.815406 0.344823
vt 0.837276 0.703189
vt 0.807280 0.770080
vt 0.803488 0.870591
vt 0.799284 0.830703
vt 0.846301 0.376246
vt 0.826856 0.280529
vt 0.816186 0.739887
vt 0.816554 0.689550
vt 0.739655 0.786317
vt 0.755447 0.747280
vt 0.741941 0.872950
vt 0.733558 0.827584
vt 0.834587 0.405365
vt 0.834760 0.255519
vt 0.781878 0.715119
vt 0.789913 0.404882
vt 0.985902 0.668598
vt 0.931328 0.630590
vt 0.995730 0.628312
vt 0.845314 0.434479
vt 0.860096 0.248731
vt 0.958042 0.517210
vt 0.924813 0.568681
vt 0.916343 0.538099
vt 0.929860 0.599530
vt 0.991899 0.589902
vt 0.814101 0.466189
vt 0.924285 0.490207
vt 0.903231 0.502984
vt 0.981025 0.551821
vt 0.583817 0.819153
vt 0.525097 0.898741
vt 0.563570 0.808626
vt 0.628063 0.806345
vt 0.654283 0.767989
vt 0.660350 0.800277
vt 0.617358 0.920610
vt 0.599032 0.823030
vt 0.621253 0.825686
vt 0.654936 0.986696
vt 0.680806 0.942579
vt 0.689993 0.977463
vt 0.642322 0.920880
vt 0.659977 0.821184
vt 0.678207 0.917205
vt 0.503995 0.889049
vt 0.506153 0.912170
vt 0.558421 0.910405
vt 0.582191 0.915969
vt 0.564827 0.936598
vt 0.703061 0.911928
vt 0.695204 0.936090
vt 0.629540 0.948432
vt 0.548693 0.797289
vt 0.569057 0.790797
vt 0.596143 0.803693
vt 0.676036 0.814794
vt 0.636957 0.824580
vt 0.738224 0.900922
vt 0.710843 0.936791
vt 0.516849 0.922305
vt 0.578566 0.943435
vt 0.645187 0.951779
vt 0.686312 0.780446
vt 0.699604 0.799854
vt 0.470058 0.299152
vt 0.452611 0.418960
vt 0.442364 0.305175
vt 0.326228 0.305757
vt 0.276172 0.426432
vt 0.298318 0.300836
vt 0.432974 0.462553
vt 0.485991 0.461930
vt 0.463692 0.498123
vt 0.430355 0.408611
vt 0.394382 0.310892
vt 0.422638 0.308709
vt 0.382064 0.410332
vt 0.346066 0.308594
vt 0.374347 0.310429
vt 0.429441 0.289859
vt 0.444161 0.437132
vt 0.384765 0.293310
vt 0.391388 0.440615
vt 0.402099 0.410794
vt 0.474849 0.279693
vt 0.489305 0.293572
vt 0.520027 0.435520
vt 0.486323 0.427222
vt 0.524818 0.416061
vt 0.338604 0.289995
vt 0.328740 0.450756
vt 0.318037 0.433814
vt 0.349490 0.437647
vt 0.421095 0.288729
vt 0.392838 0.290911
vt 0.404539 0.442386
vt 0.432796 0.440203
vt 0.375645 0.290432
vt 0.347364 0.288596
vt 0.389416 0.441153
vt 0.329708 0.286022
vt 0.301797 0.281100
vt 0.272692 0.446167
vt 0.314557 0.453549
vt 0.465799 0.279570
vt 0.438105 0.285593
vt 0.447841 0.438424
vt 0.459775 0.251877
vt 0.432082 0.257900
vt 0.475275 0.183301
vt 0.460812 0.049200
vt 0.480066 0.050836
vt 0.530222 0.182420
vt 0.498554 0.038345
vt 0.517862 0.037557
vt 0.438530 0.235355
vt 0.473347 0.205992
vt 0.470620 0.238082
vt 0.420670 0.177159
vt 0.425798 0.029735
vt 0.444696 0.033769
vt 0.367227 0.164359
vt 0.386542 0.030870
vt 0.404785 0.037239
vt 0.462714 0.036459
vt 0.443185 0.180575
vt 0.428969 0.198365
vt 0.408252 0.024832
vt 0.372938 0.186404
vt 0.389174 0.170435
vt 0.480340 0.037957
vt 0.486285 0.203235
vt 0.498043 0.183733
vt 0.391551 0.019001
vt 0.374766 0.011918
vt 0.318631 0.167443
vt 0.315861 0.144840
vt 0.336821 0.153743
vt 0.448499 0.015952
vt 0.429602 0.011918
vt 0.384420 0.192706
vt 0.415915 0.199430
vt 0.409032 0.025077
vt 0.390788 0.018708
vt 0.329315 0.175243
vt 0.359721 0.185859
vt 0.517119 0.019354
vt 0.497811 0.020142
vt 0.498972 0.206487
vt 0.531151 0.205173
vt 0.481156 0.038000
vt 0.461902 0.036364
vt 0.441257 0.203266
vt 0.482792 0.018746
vt 0.463538 0.017110
vt 0.592442 0.299152
vt 0.609889 0.418960
vt 0.576177 0.427222
vt 0.736272 0.305757
vt 0.786328 0.426432
vt 0.744463 0.433814
vt 0.576508 0.461930
vt 0.629526 0.462553
vt 0.598808 0.498123
vt 0.668118 0.310892
vt 0.632145 0.408611
vt 0.639862 0.308709
vt 0.716434 0.308594
vt 0.680436 0.410332
vt 0.688153 0.310429
vt 0.633059 0.289859
vt 0.620136 0.305175
vt 0.618339 0.437132
vt 0.677735 0.293310
vt 0.671112 0.440615
vt 0.660401 0.410794
vt 0.587651 0.279693
vt 0.573195 0.293572
vt 0.542473 0.435520
vt 0.537682 0.416061
vt 0.723896 0.289995
vt 0.733760 0.450756
vt 0.713010 0.437647
vt 0.641405 0.288729
vt 0.669662 0.290911
vt 0.657961 0.442386
vt 0.629704 0.440203
vt 0.686855 0.290432
vt 0.715136 0.288596
vt 0.673084 0.441153
vt 0.715157 0.462097
vt 0.764182 0.300836
vt 0.732792 0.286022
vt 0.760703 0.281100
vt 0.789808 0.446167
vt 0.747943 0.453549
vt 0.596701 0.279570
vt 0.624395 0.285593
vt 0.614659 0.438424
vt 0.602725 0.251877
vt 0.630418 0.257900
vt 0.601688 0.049200
vt 0.587225 0.183301
vt 0.582434 0.050836
vt 0.563946 0.038345
vt 0.532278 0.182420
vt 0.544638 0.037557
vt 0.589153 0.205992
vt 0.623970 0.235355
vt 0.591880 0.238082
vt 0.636702 0.029735
vt 0.641830 0.177159
vt 0.617804 0.033769
vt 0.675958 0.030870
vt 0.695273 0.164359
vt 0.657715 0.037239
vt 0.599786 0.036459
vt 0.619315 0.180575
vt 0.633531 0.198365
vt 0.654248 0.024832
vt 0.689562 0.186404
vt 0.673326 0.170435
vt 0.582160 0.037957
vt 0.576215 0.203235
vt 0.564457 0.183733
vt 0.670949 0.019001
vt 0.687734 0.011918
vt 0.743869 0.167443
vt 0.725679 0.153743
vt 0.746639 0.144840
vt 0.614001 0.015952
vt 0.632898 0.011918
vt 0.678080 0.192706
vt 0.646585 0.199430
vt 0.653468 0.025077
vt 0.671712 0.018708
vt 0.733185 0.175243
vt 0.702779 0.185859
vt 0.545381 0.019354
vt 0.564689 0.020142
vt 0.563528 0.206487
vt 0.531349 0.205173
vt 0.581344 0.038000
vt 0.600598 0.036364
vt 0.621243 0.203266
vt 0.579708 0.018746
vt 0.598962 0.017110
vt 0.591894 0.553935
vt 0.596099 0.670420
vt 0.565221 0.670324
vt 0.661891 0.539884
vt 0.707992 0.517253
vt 0.696257 0.551619
vt 0.646241 0.672498
vt 0.630187 0.559218
vt 0.651158 0.561710
vt 0.654725 0.743741
vt 0.700126 0.699822
vt 0.699385 0.744482
vt 0.665705 0.672505
vt 0.688747 0.564166
vt 0.692970 0.674751
vt 0.539183 0.673586
vt 0.560483 0.699517
vt 0.618158 0.670318
vt 0.607549 0.698030
vt 0.713187 0.675663
vt 0.655466 0.699081
vt 0.573927 0.543921
vt 0.589433 0.539480
vt 0.616127 0.558247
vt 0.623226 0.538650
vt 0.705802 0.561815
vt 0.665411 0.562671
vt 0.750343 0.684231
vt 0.722704 0.536890
vt 0.729700 0.551184
vt 0.475035 0.896805
vt 0.416687 0.817484
vt 0.437045 0.807124
vt 0.346512 0.765393
vt 0.372610 0.804000
vt 0.340258 0.797746
vt 0.401378 0.820931
vt 0.382942 0.918473
vt 0.379264 0.823404
vt 0.319277 0.940305
vt 0.345072 0.984607
vt 0.309960 0.975243
vt 0.340539 0.818708
vt 0.357920 0.918673
vt 0.321961 0.914878
vt 0.496029 0.887246
vt 0.493811 0.910207
vt 0.441924 0.908287
vt 0.435599 0.934449
vt 0.418212 0.913904
vt 0.297065 0.909509
vt 0.304863 0.933754
vt 0.370652 0.946324
vt 0.451921 0.795947
vt 0.431753 0.789299
vt 0.404595 0.801781
vt 0.324470 0.812241
vt 0.363577 0.822212
vt 0.289184 0.934408
vt 0.261852 0.898364
vt 0.483153 0.920218
vt 0.421781 0.941450
vt 0.314297 0.777763
vt 0.300897 0.797177
vt 0.472674 0.553515
vt 0.466172 0.670436
vt 0.448840 0.557628
vt 0.358037 0.516687
vt 0.403337 0.539790
vt 0.369135 0.550888
vt 0.434818 0.558888
vt 0.417463 0.671612
vt 0.413919 0.561328
vt 0.361463 0.698698
vt 0.407013 0.744411
vt 0.361381 0.744329
vt 0.376363 0.563519
vt 0.396244 0.671469
vt 0.369115 0.673465
vt 0.524341 0.674079
vt 0.501864 0.699979
vt 0.497190 0.670430
vt 0.455226 0.697701
vt 0.445687 0.670282
vt 0.348855 0.673975
vt 0.407094 0.698780
vt 0.489563 0.544288
vt 0.475118 0.539766
vt 0.441734 0.538362
vt 0.359414 0.560790
vt 0.399780 0.562448
vt 0.311436 0.681605
vt 0.343237 0.535559
vt 0.335902 0.549582
vt 0.171874 0.262623
vt 0.078348 0.807670
vt 0.174812 0.848003
vt 0.221010 0.470753
vt 0.931835 0.183848
vt 0.936637 0.138592
vt 0.957238 0.215476
vt 0.927027 0.159369
vt 0.909654 0.133395
vt 0.886954 0.200037
vt 0.913576 0.184854
vt 0.913520 0.254361
vt 0.935769 0.253661
vt 0.860426 0.091102
vt 0.899525 0.125463
vt 0.879538 0.124938
vt 0.936353 0.272201
vt 0.914104 0.272902
vt 0.896707 0.262583
vt 0.870141 0.208259
vt 0.913985 0.110910
vt 0.940968 0.116107
vt 0.951589 0.134586
vt 0.972190 0.211470
vt 0.973609 0.224681
vt 0.952140 0.262865
vt 0.870996 0.194601
vt 0.893696 0.127959
vt 0.914034 0.159456
vt 0.882600 0.008348
vt 0.920824 0.076021
vt 0.782113 0.138592
vt 0.786915 0.183848
vt 0.761512 0.215477
vt 0.809096 0.133395
vt 0.791723 0.159369
vt 0.831796 0.200037
vt 0.805230 0.254361
vt 0.805174 0.184854
vt 0.782981 0.253661
vt 0.858324 0.091102
vt 0.819225 0.125463
vt 0.797926 0.076021
vt 0.782397 0.272201
vt 0.804646 0.272902
vt 0.822043 0.262583
vt 0.848609 0.208259
vt 0.804765 0.110910
vt 0.777782 0.116107
vt 0.767161 0.134585
vt 0.746560 0.211470
vt 0.745141 0.224681
vt 0.766610 0.262865
vt 0.847754 0.194601
vt 0.825054 0.127959
vt 0.804716 0.159456
vt 0.836150 0.008348
vt 0.816163 0.008873
vt 0.857453 0.895108
vt 0.834384 0.895108
vt 0.826694 0.906642
vt 0.868987 0.906642
vt 0.826694 0.937401
vt 0.868987 0.937401
vt 0.838228 0.941246
vt 0.826694 0.941246
vt 0.872832 0.914332
vt 0.892056 0.918177
vt 0.872832 0.925866
vt 0.892056 0.925866
vt 0.826694 0.979694
vt 0.838228 0.979694
vt 0.853608 0.941246
vt 0.842073 0.941246
vt 0.842073 0.979694
vt 0.853608 0.979694
vt 0.868987 0.941246
vt 0.857453 0.941246
vt 0.857453 0.979694
vt 0.868987 0.979694
vt 0.978116 0.895306
vt 0.955047 0.895306
vt 0.985806 0.906841
vt 0.943513 0.906841
vt 0.985806 0.937599
vt 0.943513 0.937599
vt 0.985806 0.941444
vt 0.974272 0.941444
vt 0.920444 0.918375
vt 0.939668 0.914530
vt 0.939668 0.926065
vt 0.920444 0.926065
vt 0.985806 0.979892
vt 0.974271 0.979892
vt 0.970427 0.941444
vt 0.958892 0.941444
vt 0.970427 0.979892
vt 0.958892 0.979892
vt 0.955047 0.941444
vt 0.943513 0.941444
vt 0.955047 0.979892
vt 0.943513 0.979892
vt 0.313333 0.262987
vt 0.264729 0.178800
vt 0.314707 0.179624
vt 0.080395 0.262029
vt 0.029043 0.179491
vt 0.079021 0.178667
vt 0.045740 0.792310
vt 0.171874 0.288649
vt 0.089178 0.305310
vt 0.125222 0.355295
vt 0.089178 0.355295
vt 0.171874 0.355295
vt 0.258261 0.428276
vt 0.222142 0.374707
vt 0.258703 0.375010
vt 0.203680 0.835893
vt 0.171456 0.824544
vt 0.122879 0.445430
vt 0.172218 0.444951
vt 0.262059 0.446607
vt 0.221554 0.445728
vt 0.078544 0.824545
vt 0.125000 0.824607
vt 0.086278 0.427757
vt 0.122719 0.374407
vt 0.046320 0.835893
vt 0.082368 0.446065
vt 0.172431 0.374407
vt 0.098275 0.645461
vt 0.075883 0.132190
vt 0.209751 0.698701
vt 0.040249 0.698701
vt 0.266690 0.082205
vt 0.254571 0.355295
vt 0.820367 0.668598
vt 0.859375 0.867625
vt 0.930940 0.664137
vt 0.621995 0.774057
vt 0.746005 0.925786
vt 0.549386 0.936459
vt 0.613431 0.950870
vt 0.347343 0.462097
vt 0.673626 0.505518
vt 0.740954 0.713101
vt 0.378865 0.771648
vt 0.354952 0.949636
vt 0.253971 0.923263
vt 0.450816 0.934174
vt 0.386808 0.948822
vt 0.392239 0.505589
vt 0.320054 0.710886
vt 0.902587 0.008873
vt 0.839212 0.124938
vt 0.030417 0.262853
vt 0.086158 0.374489
s 1
f 1158/1249/770 876/1250/770 1160/1251/770
f 899/1252/771 869/1253/771 872/1254/771
f 893/1255/772 869/1253/772 894/1256/772
f 1153/1257/773 881/1258/773 1157/1259/773
f 875/1260/774 888/1261/774 873/1262/774
f 1154/1263/775 871/1264/775 1159/1265/775
f 877/1266/776 878/1267/776 879/1268/776
f 880/1269/777 881/1258/777 882/1270/777
f 883/1271/778 884/1272/778 885/1273/778
f 886/1274/779 887/1275/779 888/1276/779
f 889/1277/780 890/1278/780 891/1279/780
f 892/1280/781 893/1255/781 894/1256/781
f 895/1281/782 896/1282/782 897/1283/782
f 898/1284/783 899/1285/783 900/1286/783
f 877/1266/784 884/1287/784 883/1288/784
f 880/1269/785 875/1260/785 876/1250/785
f 881/1258/786 888/1289/786 882/1270/786
f 885/1273/787 1283/1290/787 1286/1291/787
f 883/1271/788 1152/1292/788 1151/1293/788
f 1153/1294/789 900/1286/789 1154/1263/789
f 1287/1295/790 896/1282/790 1281/1296/790
f 895/1297/791 890/1298/791 889/1277/791
f 892/1280/792 899/1299/792 898/1300/792
f 891/1279/793 1284/1301/793 1288/1302/793
f 1155/1303/794 891/1279/794 1156/1304/794
f 1157/1259/795 880/1269/795 1158/1249/795
f 895/1297/796 1155/1303/796 1151/1305/796
f 872/1306/797 900/1286/797 899/1307/797
f 887/1275/798 873/1308/798 888/1309/798
f 1288/1302/799 1284/1310/799 1294/1311/799
f 1286/1291/800 1298/1312/801 1290/1313/801
f 1284/1314/802 1291/1315/802 1294/1311/802
f 1285/1316/803 1282/1317/803 1292/1318/803
f 1286/1291/804 1283/1319/804 1293/1320/804
f 950/1321/805 958/1322/805 907/1323/805
f 957/1324/806 905/1325/806 906/1326/806
f 954/1327/807 904/1328/807 955/1329/807
f 952/1330/808 902/1331/808 953/1332/808
f 958/1333/809 906/1326/809 907/1334/809
f 956/1335/810 904/1328/811 905/1325/812
f 953/1336/813 903/1337/813 954/1327/813
f 952/1330/814 951/1338/814 901/1339/814
f 906/1326/815 914/1340/815 907/1334/815
f 904/1328/816 912/1341/817 905/1325/818
f 903/1337/819 909/1342/819 910/1343/819
f 901/1339/820 951/1338/820 908/1344/820
f 950/1321/821 907/1323/821 914/1345/821
f 905/1325/822 913/1346/822 906/1326/822
f 904/1328/823 910/1343/823 911/1347/823
f 901/1339/824 909/1348/824 902/1331/824
f 911/1349/825 919/1350/826 912/1351/827
f 909/1352/828 917/1353/828 910/1354/828
f 908/1344/829 951/1338/829 915/1355/829
f 950/1321/830 914/1345/830 921/1356/830
f 912/1351/831 920/1357/831 913/1358/831
f 910/1354/832 918/1359/832 911/1349/832
f 908/1344/833 916/1360/833 909/1348/833
f 914/1361/834 920/1357/834 921/1362/834
f 950/1321/835 921/1356/835 928/1363/835
f 920/1357/836 926/1364/837 927/1365/838
f 918/1359/839 924/1366/839 925/1367/839
f 916/1360/840 922/1368/840 923/1369/840
f 921/1362/841 927/1365/841 928/1370/841
f 919/1350/842 925/1367/843 926/1364/844
f 916/1371/845 924/1366/845 917/1353/845
f 915/1355/846 951/1338/846 922/1368/846
f 924/1366/847 932/1372/847 925/1367/847
f 922/1368/848 930/1373/848 923/1369/848
f 927/1365/849 935/1374/849 928/1370/849
f 925/1367/850 933/1375/851 926/1364/852
f 924/1366/853 930/1376/853 931/1377/853
f 922/1368/854 951/1338/854 929/1378/854
f 950/1321/855 928/1363/855 935/1379/855
f 926/1364/856 934/1380/857 927/1365/858
f 934/1380/859 942/1381/859 935/1374/859
f 933/1375/860 939/1382/861 940/1383/862
f 931/1377/863 937/1384/863 938/1385/863
f 929/1378/864 951/1338/864 936/1386/864
f 950/1321/865 935/1379/865 942/1387/865
f 934/1380/866 940/1383/866 941/1388/866
f 932/1372/867 938/1385/867 939/1382/867
f 929/1378/868 937/1389/868 930/1373/868
f 937/1390/869 945/1391/869 938/1392/869
f 936/1386/870 951/1338/870 943/1393/870
f 950/1321/871 942/1387/871 949/1394/871
f 941/1395/872 947/1396/872 948/1397/872
f 938/1392/873 946/1398/873 939/1399/873
f 936/1386/874 944/1400/874 937/1389/874
f 942/1401/875 948/1397/875 949/1402/875
f 940/1403/876 946/1398/877 947/1396/878
f 950/1321/879 949/1394/879 958/1322/879
f 947/1396/880 957/1324/880 948/1397/880
f 946/1398/881 954/1327/881 955/1329/881
f 944/1400/882 952/1330/882 953/1332/882
f 948/1397/883 958/1333/883 949/1402/883
f 946/1398/884 956/1335/885 947/1396/886
f 945/1391/887 953/1336/887 954/1327/887
f 943/1393/888 951/1338/888 952/1330/888
f 975/1404/889 960/1405/889 973/1406/889
f 981/1407/890 972/1408/890 979/1409/890
f 968/1410/891 974/1411/891 980/1412/891
f 964/1413/892 966/1414/892 961/1415/892
f 969/1416/893 978/1417/893 967/1418/893
f 959/1419/894 960/1405/894 961/1420/894
f 962/1421/895 963/1422/895 964/1423/895
f 965/1424/896 966/1425/896 967/1418/896
f 968/1410/897 969/1416/897 970/1426/897
f 971/1427/898 972/1428/898 973/1406/898
f 974/1411/899 975/1404/899 976/1429/899
f 977/1430/900 978/1417/900 979/1409/900
f 980/1412/901 981/1407/901 982/1431/901
f 959/1432/902 966/1433/902 965/1424/902
f 962/1421/903 961/1434/903 960/1405/903
f 968/1410/904 964/1435/904 963/1422/904
f 969/1416/905 966/1414/905 970/1436/905
f 977/1430/906 967/1418/906 978/1417/906
f 980/1412/907 969/1416/907 968/1410/907
f 979/1409/908 982/1431/908 981/1407/908
f 977/1430/909 972/1437/909 971/1438/909
f 974/1411/910 981/1407/910 980/1412/910
f 973/1406/911 976/1429/911 975/1404/911
f 971/1427/912 960/1405/912 959/1419/912
f 963/1422/913 975/1404/913 974/1411/913
f 977/1430/914 959/1432/914 965/1424/914
f 997/1439/915 986/1440/915 984/1441/915
f 1003/1442/916 1000/1443/917 996/1444/918
f 992/1445/919 998/1446/920 1004/1447/921
f 988/1448/922 990/1449/922 985/1450/922
f 993/1451/923 1002/1452/923 991/1453/923
f 983/1454/924 984/1441/924 985/1450/924
f 986/1440/925 987/1455/925 988/1448/925
f 989/1456/926 990/1449/926 991/1453/926
f 992/1457/927 993/1451/928 994/1458/929
f 995/1459/930 996/1460/930 997/1439/930
f 998/1461/931 999/1462/931 1000/1463/931
f 1001/1464/932 1002/1452/932 1003/1442/932
f 1004/1465/933 1005/1466/933 1006/1467/933
f 983/1468/934 990/1449/934 989/1469/934
f 984/1441/935 988/1448/935 985/1450/935
f 992/1470/936 988/1448/937 987/1471/938
f 993/1451/939 990/1449/939 994/1458/939
f 989/1472/940 1002/1452/940 1001/1473/940
f 992/1474/927 1006/1467/941 993/1451/928
f 1005/1466/942 1002/1452/942 1006/1467/942
f 1001/1475/943 996/1444/943 995/1476/943
f 998/1477/944 1005/1466/945 1004/1478/946
f 997/1439/947 1000/1463/948 999/1462/949
f 995/1479/950 984/1441/950 983/1480/950
f 987/1481/951 999/1462/951 998/1446/951
f 1001/1482/952 983/1480/952 989/1483/952
f 1023/1484/953 1008/1485/953 1021/1486/953
f 1029/1487/954 1020/1488/954 1027/1489/954
f 1016/1490/955 1022/1491/955 1028/1492/955
f 1012/1493/956 1014/1494/956 1009/1495/956
f 1017/1496/957 1026/1497/957 1015/1498/957
f 1007/1499/958 1008/1485/958 1009/1495/958
f 1010/1500/959 1011/1501/959 1012/1493/959
f 1013/1502/958 1014/1494/958 1015/1498/958
f 1016/1503/960 1017/1496/960 1018/1504/960
f 1019/1505/961 1020/1488/961 1021/1486/961
f 1022/1506/962 1023/1484/962 1024/1507/962
f 1025/1508/961 1026/1497/961 1027/1509/961
f 1028/1510/963 1029/1511/963 1030/1512/963
f 1007/1513/958 1014/1494/958 1013/1514/958
f 1008/1485/964 1012/1493/964 1009/1495/964
f 1016/1515/965 1012/1493/965 1011/1516/965
f 1015/1498/966 1018/1504/966 1017/1496/966
f 1013/1517/967 1026/1497/967 1025/1518/967
f 1028/1519/968 1017/1496/968 1016/1520/968
f 1029/1511/969 1026/1497/969 1030/1512/969
f 1025/1521/961 1020/1488/961 1019/1522/961
f 1022/1523/970 1029/1487/970 1028/1524/970
f 1021/1486/971 1024/1507/971 1023/1484/971
f 1019/1525/967 1008/1485/967 1007/1526/967
f 1011/1527/972 1023/1484/972 1022/1491/972
f 1025/1528/967 1007/1526/967 1013/1529/967
f 1045/1530/973 1034/1531/973 1047/1532/973
f 1051/1533/974 1048/1534/975 1053/1535/976
f 1046/1536/977 1040/1537/978 1052/1538/979
f 1038/1539/980 1036/1540/980 1033/1541/980
f 1050/1542/981 1041/1543/981 1039/1544/981
f 1031/1545/982 1033/1541/982 1032/1546/982
f 1034/1531/983 1036/1540/983 1035/1547/983
f 1037/1548/984 1039/1544/984 1038/1539/984
f 1040/1549/985 1042/1550/986 1041/1543/987
f 1043/1551/988 1045/1530/988 1044/1552/988
f 1046/1553/989 1048/1554/989 1047/1532/989
f 1049/1555/990 1051/1533/990 1050/1542/990
f 1052/1556/991 1054/1557/991 1053/1535/991
f 1038/1539/992 1031/1558/992 1037/1559/992
f 1032/1546/993 1036/1540/993 1034/1531/993
f 1036/1540/994 1040/1560/995 1035/1561/996
f 1041/1543/997 1038/1539/997 1039/1544/997
f 1050/1542/998 1037/1562/998 1049/1563/998
f 1040/1564/999 1054/1557/999 1052/1565/999
f 1053/1535/1000 1050/1542/1000 1051/1533/1000
f 1044/1566/1001 1049/1567/1001 1043/1568/1001
f 1053/1535/1002 1046/1569/1003 1052/1570/1004
f 1048/1554/1005 1045/1530/1006 1047/1532/1007
f 1032/1546/1008 1043/1571/1008 1031/1572/1008
f 1047/1532/1009 1035/1573/1009 1046/1536/1009
f 1031/1572/1010 1049/1574/1010 1037/1575/1010
f 1056/1576/1011 1071/1577/1011 1069/1578/1011
f 1068/1579/1012 1077/1580/1012 1075/1581/1012
f 1070/1582/1013 1064/1583/1013 1076/1584/1013
f 1062/1585/1014 1060/1586/1014 1057/1587/1014
f 1074/1588/1015 1065/1589/1015 1063/1590/1015
f 1055/1591/1016 1057/1587/1016 1056/1576/1016
f 1058/1592/1017 1060/1586/1017 1059/1593/1017
f 1061/1594/1016 1063/1590/1016 1062/1585/1016
f 1064/1595/1018 1066/1596/1018 1065/1589/1018
f 1067/1597/1019 1069/1578/1019 1068/1579/1019
f 1070/1598/1020 1072/1599/1020 1071/1577/1020
f 1073/1600/1019 1075/1601/1019 1074/1588/1019
f 1076/1602/1021 1078/1603/1021 1077/1604/1021
f 1062/1585/1016 1055/1605/1016 1061/1606/1016
f 1056/1576/1022 1060/1586/1022 1058/1592/1022
f 1060/1586/1023 1064/1607/1023 1059/1608/1023
f 1066/1596/1024 1063/1590/1024 1065/1589/1024
f 1074/1588/1025 1061/1609/1025 1073/1610/1025
f 1065/1589/1026 1076/1611/1026 1064/1612/1026
f 1077/1604/1027 1074/1588/1027 1075/1601/1027
f 1068/1579/1019 1073/1613/1019 1067/1614/1019
f 1077/1580/1028 1070/1615/1028 1076/1616/1028
f 1072/1599/1029 1069/1578/1029 1071/1577/1029
f 1056/1576/1025 1067/1617/1025 1055/1618/1025
f 1071/1577/1030 1059/1619/1030 1070/1582/1030
f 1055/1618/1025 1073/1620/1025 1061/1621/1025
f 1093/1622/1031 1082/1623/1031 1080/1624/1031
f 1101/1625/1032 1092/1626/1032 1099/1627/1032
f 1088/1628/1033 1094/1629/1033 1100/1630/1033
f 1084/1631/1034 1086/1632/1034 1081/1633/1034
f 1089/1634/1035 1098/1635/1035 1087/1636/1035
f 1079/1637/1036 1080/1624/1036 1081/1638/1036
f 1082/1623/1037 1083/1639/1037 1084/1640/1037
f 1085/1641/1038 1086/1632/1038 1087/1636/1038
f 1088/1628/1039 1089/1634/1039 1090/1642/1039
f 1091/1643/1032 1092/1644/1032 1093/1622/1032
f 1094/1629/1040 1095/1645/1040 1096/1646/1040
f 1097/1647/1032 1098/1635/1032 1099/1627/1032
f 1100/1630/1041 1101/1625/1041 1102/1648/1041
f 1079/1649/1042 1086/1632/1042 1085/1641/1042
f 1082/1623/1043 1081/1638/1043 1080/1624/1043
f 1088/1628/1044 1084/1640/1044 1083/1639/1044
f 1087/1636/1045 1090/1642/1045 1089/1634/1045
f 1097/1647/1046 1087/1636/1047 1098/1635/1046
f 1100/1630/1048 1089/1634/1048 1088/1628/1048
f 1101/1625/1049 1098/1635/1049 1102/1648/1049
f 1097/1647/1032 1092/1650/1032 1091/1651/1032
f 1094/1629/1050 1101/1625/1050 1100/1630/1050
f 1093/1622/1051 1096/1646/1051 1095/1645/1051
f 1091/1643/1052 1080/1624/1052 1079/1637/1052
f 1083/1639/1053 1095/1645/1053 1094/1629/1053
f 1097/1647/1054 1079/1649/1054 1085/1641/1054
f 1104/1652/1055 1119/1653/1055 1117/1654/1055
f 1116/1655/1056 1125/1656/1056 1123/1657/1056
f 1118/1658/1057 1112/1659/1057 1124/1660/1057
f 1110/1661/1058 1108/1662/1058 1105/1663/1058
f 1122/1664/1059 1113/1665/1059 1111/1666/1059
f 1103/1667/1060 1105/1668/1060 1104/1652/1060
f 1106/1669/1061 1108/1670/1061 1107/1671/1061
f 1109/1672/1062 1111/1666/1062 1110/1673/1062
f 1112/1659/1063 1114/1674/1063 1113/1665/1063
f 1115/1675/1064 1117/1654/1064 1116/1676/1064
f 1118/1658/1065 1120/1677/1065 1119/1653/1065
f 1121/1678/1066 1123/1657/1066 1122/1664/1066
f 1124/1660/1067 1126/1679/1067 1125/1656/1067
f 1110/1680/1068 1103/1681/1068 1109/1672/1068
f 1105/1682/1069 1106/1669/1069 1104/1652/1069
f 1108/1683/1070 1112/1659/1070 1107/1671/1070
f 1113/1665/1071 1110/1661/1071 1111/1666/1071
f 1121/1678/1072 1111/1666/1072 1109/1672/1072
f 1113/1665/1073 1124/1660/1073 1112/1659/1073
f 1126/1679/1074 1123/1657/1074 1125/1656/1074
f 1116/1684/1075 1121/1678/1075 1115/1685/1075
f 1125/1656/1076 1118/1658/1076 1124/1660/1076
f 1120/1677/1077 1117/1654/1077 1119/1653/1077
f 1104/1652/1078 1115/1675/1078 1103/1667/1078
f 1119/1653/1079 1107/1671/1079 1118/1658/1079
f 1103/1681/1080 1121/1678/1080 1109/1672/1080
f 1141/1686/1081 1130/1687/1081 1143/1688/1081
f 1140/1689/1082 1149/1690/1082 1147/1691/1082
f 1142/1692/1083 1136/1693/1083 1148/1694/1083
f 1134/1695/1084 1132/1696/1084 1129/1697/1084
f 1146/1698/1085 1137/1699/1085 1135/1700/1085
f 1127/1701/1086 1129/1702/1086 1128/1703/1086
f 1130/1687/1087 1132/1704/1087 1131/1705/1087
f 1133/1706/1088 1135/1700/1088 1134/1695/1088
f 1136/1693/1089 1138/1707/1089 1137/1699/1089
f 1139/1708/1082 1141/1686/1082 1140/1709/1082
f 1142/1692/1090 1144/1710/1090 1143/1688/1090
f 1145/1711/1082 1147/1691/1082 1146/1698/1082
f 1148/1694/1091 1150/1712/1091 1149/1690/1091
f 1134/1695/1092 1127/1713/1092 1133/1706/1092
f 1129/1702/1093 1130/1687/1093 1128/1703/1093
f 1132/1704/1094 1136/1693/1094 1131/1705/1094
f 1138/1707/1095 1135/1700/1095 1137/1699/1095
f 1145/1711/1096 1135/1700/1097 1133/1706/1097
f 1137/1699/1098 1148/1694/1098 1136/1693/1098
f 1149/1690/1082 1146/1698/1082 1147/1691/1082
f 1140/1714/1082 1145/1711/1082 1139/1715/1082
f 1149/1690/1099 1142/1692/1099 1148/1694/1099
f 1144/1710/1100 1141/1686/1100 1143/1688/1100
f 1128/1703/1101 1139/1708/1101 1127/1701/1101
f 1143/1688/1102 1131/1705/1102 1142/1692/1103
f 1127/1713/1104 1145/1711/1104 1133/1706/1104
f 1289/1716/1105 1292/1318/1106 1282/1317/1107
f 1290/1313/801 1291/1717/1108 1281/1296/1109
f 1151/1305/796 877/1266/796 883/1288/796
f 1157/1259/1110 893/1255/1110 892/1280/1110
f 1155/1303/794 878/1267/794 877/1266/794
f 1153/1294/1111 887/1275/1111 886/1274/1111
f 895/1281/788 1152/1292/788 896/1282/788
f 874/1718/775 1154/1263/775 1159/1265/775
f 1153/1257/1112 892/1280/1112 898/1300/1112
f 870/1719/770 1158/1249/770 1160/1251/770
f 1162/1720/1113 1170/1721/1113 1176/1722/1113
f 1164/1723/968 1171/1724/968 1170/1721/968
f 1175/1725/1114 1166/1726/1114 1172/1727/1114
f 1166/1726/1115 1169/1728/1115 1172/1727/1115
f 1173/1729/967 1165/1730/967 1161/1731/967
f 1172/1727/1116 1161/1732/1116 1165/1733/1116
f 1175/1725/1117 1165/1734/1117 1174/1735/1117
f 1170/1721/1118 1167/1736/1118 1163/1737/1118
f 1176/1722/1119 1163/1738/1119 1173/1739/1119
f 1169/1728/1120 1173/1740/1120 1161/1741/1120
f 1171/1724/1121 1174/1742/1121 1167/1743/1121
f 1164/1723/955 1166/1726/955 1168/1744/955
f 1163/1745/967 1174/1746/967 1173/1729/967
f 1168/1744/1122 1175/1725/1122 1171/1724/1122
f 1169/1728/1123 1162/1720/1123 1176/1722/1123
f 1186/1747/1124 1178/1748/1124 1192/1749/1124
f 1187/1750/1026 1180/1751/1026 1186/1747/1026
f 1191/1752/1125 1188/1753/1125 1182/1754/1125
f 1185/1755/1126 1182/1754/1126 1188/1753/1126
f 1189/1756/1025 1181/1757/1025 1190/1758/1025
f 1177/1759/1127 1188/1753/1127 1181/1760/1127
f 1181/1761/1128 1191/1752/1128 1190/1762/1128
f 1183/1763/1129 1186/1747/1129 1179/1764/1129
f 1179/1765/1130 1192/1749/1130 1189/1766/1130
f 1189/1767/1131 1185/1755/1131 1177/1768/1131
f 1190/1769/1132 1187/1750/1132 1183/1770/1132
f 1182/1754/1013 1180/1751/1013 1184/1771/1013
f 1179/1772/1025 1190/1758/1025 1183/1773/1025
f 1191/1752/1133 1184/1771/1133 1187/1750/1133
f 1185/1755/1134 1192/1749/1134 1178/1748/1134
f 1194/1774/1135 1195/1775/1135 1193/1774/1135
f 1196/1775/1136 1199/1776/1136 1195/1775/1136
f 1198/1777/1137 1193/1774/1137 1197/1777/1137
f 1199/1776/1138 1193/1774/1138 1195/1775/1138
f 1200/1776/1139 1194/1774/1139 1198/1777/1139
f 1200/1776/1140 1203/1778/1140 1199/1776/1140
f 1197/1777/1141 1202/1779/1141 1198/1777/1141
f 1199/1776/1138 1201/1779/1138 1197/1777/1138
f 1213/1780/1135 1216/1781/1135 1215/1781/1135
f 1205/1782/1142 1210/1783/1142 1206/1782/1142
f 1204/1778/1143 1201/1779/1143 1203/1778/1143
f 1208/1784/1140 1205/1782/1140 1206/1782/1140
f 1209/1783/1141 1212/1785/1141 1210/1783/1141
f 1208/1784/1143 1211/1785/1143 1207/1784/1143
f 1208/1784/1139 1210/1783/1139 1212/1785/1139
f 1207/1784/1138 1209/1783/1138 1205/1782/1138
f 1214/1780/1139 1220/1786/1139 1216/1781/1139
f 1220/1786/1143 1217/1787/1143 1219/1786/1143
f 1216/1781/1140 1219/1786/1140 1215/1781/1140
f 1213/1780/1141 1218/1787/1141 1214/1780/1141
f 1215/1781/1138 1217/1787/1138 1213/1780/1138
f 1221/1788/1135 1224/1789/1135 1223/1789/1135
f 1222/1788/1139 1228/1790/1139 1224/1789/1139
f 1228/1790/1143 1225/1791/1143 1227/1790/1143
f 1224/1789/1140 1227/1790/1140 1223/1789/1140
f 1221/1788/1141 1226/1791/1141 1222/1788/1141
f 1223/1789/1138 1225/1791/1138 1221/1788/1138
f 1229/1792/1135 1232/1793/1135 1231/1793/1135
f 1230/1792/1139 1236/1794/1139 1232/1793/1139
f 1236/1794/1143 1233/1795/1143 1235/1794/1143
f 1232/1793/1140 1235/1794/1140 1231/1793/1140
f 1229/1792/1141 1234/1795/1141 1230/1792/1141
f 1231/1793/1138 1233/1795/1138 1229/1792/1138
f 1239/1796/1144 1238/1797/1144 1237/1797/1144
f 1243/1798/1145 1240/1796/1145 1239/1796/1145
f 1198/1777/1139 1204/1778/1139 1200/1776/1139
f 1237/1797/1146 1242/1799/1146 1241/1799/1146
f 1237/1797/1147 1243/1798/1147 1239/1796/1147
f 1244/1798/1148 1238/1797/1148 1240/1796/1148
f 1247/1800/1149 1244/1798/1149 1243/1798/1149
f 1246/1801/1150 1241/1799/1150 1242/1799/1150
f 1245/1801/1147 1243/1798/1147 1241/1799/1147
f 1260/1802/1144 1257/1803/1144 1259/1802/1144
f 1254/1804/1151 1249/1805/1151 1250/1805/1151
f 1245/1801/1152 1248/1800/1152 1247/1800/1152
f 1249/1805/1149 1252/1806/1149 1250/1805/1149
f 1256/1807/1150 1253/1804/1150 1254/1804/1150
f 1255/1807/1152 1252/1806/1152 1251/1806/1152
f 1252/1806/1148 1254/1804/1148 1250/1805/1148
f 1253/1804/1147 1251/1806/1147 1249/1805/1147
f 1264/1808/1148 1258/1803/1148 1260/1802/1148
f 1261/1809/1152 1264/1808/1152 1263/1808/1152
f 1263/1808/1149 1260/1802/1149 1259/1802/1149
f 1262/1809/1150 1257/1803/1150 1258/1803/1150
f 1261/1809/1147 1259/1802/1147 1257/1803/1147
f 1268/1810/1144 1265/1811/1144 1267/1810/1144
f 1272/1812/1148 1266/1811/1148 1268/1810/1148
f 1269/1813/1152 1272/1812/1152 1271/1812/1152
f 1271/1812/1149 1268/1810/1149 1267/1810/1149
f 1270/1813/1150 1265/1811/1150 1266/1811/1150
f 1269/1813/1147 1267/1810/1147 1265/1811/1147
f 1276/1814/1144 1273/1815/1144 1275/1814/1144
f 1280/1816/1148 1274/1815/1148 1276/1814/1148
f 1277/1817/1152 1280/1816/1152 1279/1816/1152
f 1279/1816/1149 1276/1814/1149 1275/1814/1149
f 1278/1817/1150 1273/1815/1150 1274/1815/1150
f 1277/1817/1147 1275/1814/1147 1273/1815/1147
f 1248/1800/1148 1242/1799/1148 1244/1798/1148
f 1286/1291/1153 1152/1292/1153 885/1273/1153
f 891/1279/1154 1289/1716/1154 1156/1304/1154
f 1289/1716/1154 878/1267/1154 1156/1304/1154
f 1287/1818/1155 890/1819/1155 897/1820/1155
f 1285/1821/1156 884/1822/1156 879/1823/1156
f 1152/1292/1153 1281/1296/1153 896/1282/1153
f 1282/1317/1157 879/1823/1157 878/1267/1157
f 1287/1824/1158 1281/1296/1158 1291/1717/1158
f 1288/1302/1159 1297/1825/1105 1289/1716/1105
f 1285/1826/1160 1293/1827/1160 1283/1828/1160
f 1298/1829/1161 1292/1318/1162 1297/1825/1161
f 1297/1825/1161 1291/1315/1163 1298/1829/1161
f 869/1830/1164 1296/1831/1165 872/1832/1166
f 873/1833/1167 874/1718/1167 1299/1834/1167
f 1159/1265/1168 1299/1834/1169 874/1718/1170
f 1160/1251/1171 1300/1835/1172 1302/1836/1173
f 869/1837/1174 870/1719/1174 1295/1838/1174
f 1159/1265/1168 1296/1839/1175 1301/1840/1176
f 1160/1251/1171 1295/1838/1177 870/1719/1178
f 875/1841/1179 1299/1842/1180 1300/1835/1181
f 871/1264/1182 872/1843/1182 1296/1839/1182
f 876/1250/1183 875/1844/1183 1300/1835/1183
f 1299/1842/1184 1302/1836/1185 1300/1835/1186
f 1296/1831/1187 1302/1836/1185 1301/1845/1188
f 1158/1249/1189 880/1269/1189 876/1250/1189
f 899/1252/1190 894/1256/1190 869/1253/1190
f 893/1255/1191 870/1719/1191 869/1253/1191
f 1153/1257/1192 886/1846/1192 881/1258/1192
f 875/1260/1193 882/1270/1193 888/1261/1193
f 1154/1263/1194 900/1286/1194 871/1264/1194
f 877/1266/784 879/1847/784 884/1287/784
f 880/1269/1195 882/1270/1195 875/1260/1195
f 881/1258/1196 886/1846/1196 888/1289/1196
f 885/1273/1197 884/1848/1197 1283/1290/1197
f 883/1271/788 885/1273/788 1152/1292/788
f 1153/1294/789 898/1284/789 900/1286/789
f 1287/1295/1198 897/1849/1198 896/1282/1198
f 895/1297/791 897/1850/791 890/1298/791
f 892/1280/1199 894/1256/1199 899/1299/1199
f 891/1279/1200 890/1819/1200 1284/1301/1200
f 1155/1303/794 889/1277/794 891/1279/794
f 1157/1259/1110 881/1258/1110 880/1269/1110
f 895/1297/796 889/1277/796 1155/1303/796
f 872/1306/1201 871/1264/1201 900/1286/1201
f 887/1275/1202 874/1718/1202 873/1308/1202
f 1286/1291/800 1293/1320/1203 1298/1312/801
f 1284/1314/802 1287/1851/802 1291/1315/802
f 957/1324/1204 956/1335/1204 905/1325/1204
f 954/1327/1205 903/1337/1205 904/1328/1205
f 952/1330/808 901/1339/808 902/1331/808
f 958/1333/1206 957/1324/1206 906/1326/1206
f 956/1335/810 955/1329/1207 904/1328/811
f 953/1336/813 902/1852/813 903/1337/813
f 906/1326/1208 913/1346/1208 914/1340/1208
f 904/1328/816 911/1347/1209 912/1341/817
f 903/1337/819 902/1852/819 909/1342/819
f 905/1325/1210 912/1341/1210 913/1346/1210
f 904/1328/1211 903/1337/1211 910/1343/1211
f 901/1339/824 908/1344/824 909/1348/824
f 911/1349/825 918/1359/1212 919/1350/826
f 909/1352/1213 916/1371/1213 917/1353/1213
f 912/1351/1214 919/1350/1214 920/1357/1214
f 910/1354/1215 917/1353/1215 918/1359/1215
f 908/1344/833 915/1355/833 916/1360/833
f 914/1361/1216 913/1358/1216 920/1357/1216
f 920/1357/836 919/1350/1217 926/1364/837
f 918/1359/1218 917/1353/1218 924/1366/1218
f 916/1360/840 915/1355/840 922/1368/840
f 921/1362/1219 920/1357/1219 927/1365/1219
f 919/1350/842 918/1359/1220 925/1367/843
f 916/1371/1221 923/1853/1221 924/1366/1221
f 924/1366/1222 931/1377/1222 932/1372/1222
f 922/1368/848 929/1378/848 930/1373/848
f 927/1365/1223 934/1380/1223 935/1374/1223
f 925/1367/850 932/1372/850 933/1375/851
f 924/1366/1224 923/1853/1224 930/1376/1224
f 926/1364/856 933/1375/1225 934/1380/857
f 934/1380/1226 941/1388/1226 942/1381/1226
f 933/1375/860 932/1372/1227 939/1382/861
f 931/1377/1228 930/1376/1228 937/1384/1228
f 934/1380/1229 933/1375/1229 940/1383/1229
f 932/1372/1230 931/1377/1230 938/1385/1230
f 929/1378/868 936/1386/868 937/1389/868
f 937/1390/869 944/1854/869 945/1391/869
f 941/1395/1231 940/1403/1231 947/1396/1231
f 938/1392/1232 945/1391/1232 946/1398/1232
f 936/1386/874 943/1393/874 944/1400/874
f 942/1401/1233 941/1395/1233 948/1397/1233
f 940/1403/876 939/1399/1234 946/1398/877
f 947/1396/1235 956/1335/1235 957/1324/1235
f 946/1398/1236 945/1391/1236 954/1327/1236
f 944/1400/882 943/1393/882 952/1330/882
f 948/1397/1237 957/1324/1237 958/1333/1237
f 946/1398/884 955/1329/1238 956/1335/885
f 945/1391/887 944/1854/887 953/1336/887
f 975/1404/889 962/1421/1239 960/1405/889
f 981/1407/890 976/1855/890 972/1408/890
f 968/1410/891 963/1422/891 974/1411/891
f 964/1413/1240 970/1436/1240 966/1414/1240
f 969/1416/893 982/1431/893 978/1417/893
f 959/1432/902 961/1856/902 966/1433/902
f 962/1421/1241 964/1857/1241 961/1434/1241
f 968/1410/1242 970/1858/1242 964/1435/1242
f 969/1416/1243 967/1418/1243 966/1414/1243
f 977/1430/906 965/1424/906 967/1418/906
f 980/1412/907 982/1431/907 969/1416/907
f 979/1409/908 978/1417/1244 982/1431/908
f 977/1430/909 979/1409/909 972/1437/909
f 974/1411/910 976/1429/910 981/1407/910
f 973/1406/911 972/1428/911 976/1429/911
f 971/1427/912 973/1406/912 960/1405/912
f 963/1422/913 962/1421/913 975/1404/913
f 977/1430/914 971/1438/914 959/1432/914
f 997/1439/1245 999/1462/1245 986/1440/1245
f 1003/1442/916 1005/1466/1246 1000/1443/917
f 992/1445/919 987/1481/1247 998/1446/920
f 988/1448/922 994/1458/922 990/1449/922
f 993/1451/1248 1006/1467/1248 1002/1452/1248
f 983/1468/934 985/1450/934 990/1449/934
f 984/1441/1249 986/1440/1249 988/1448/1249
f 992/1470/936 994/1458/1250 988/1448/937
f 993/1451/939 991/1453/939 990/1449/939
f 989/1472/940 991/1453/940 1002/1452/940
f 992/1474/1251 1004/1859/1251 1006/1467/1251
f 1005/1466/1252 1003/1442/1252 1002/1452/1252
f 1001/1475/943 1003/1442/943 996/1444/943
f 998/1477/944 1000/1443/1253 1005/1466/945
f 997/1439/947 996/1460/1254 1000/1463/948
f 995/1479/950 997/1439/950 984/1441/950
f 987/1481/1255 986/1440/1255 999/1462/1255
f 1001/1482/952 995/1479/952 983/1480/952
f 1023/1484/953 1010/1500/953 1008/1485/953
f 1029/1487/954 1024/1507/954 1020/1488/954
f 1016/1490/955 1011/1527/955 1022/1491/955
f 1012/1493/956 1018/1504/956 1014/1494/956
f 1017/1496/957 1030/1512/957 1026/1497/957
f 1007/1513/958 1009/1495/958 1014/1494/958
f 1008/1485/1256 1010/1500/1256 1012/1493/1256
f 1016/1515/965 1018/1504/965 1012/1493/965
f 1015/1498/1257 1014/1494/1257 1018/1504/1257
f 1013/1517/967 1015/1498/967 1026/1497/967
f 1028/1519/968 1030/1512/968 1017/1496/968
f 1029/1511/1258 1027/1509/1258 1026/1497/1258
f 1025/1521/961 1027/1489/961 1020/1488/961
f 1022/1523/970 1024/1507/970 1029/1487/970
f 1021/1486/1259 1020/1488/1259 1024/1507/1259
f 1019/1525/967 1021/1486/967 1008/1485/967
f 1011/1527/972 1010/1500/972 1023/1484/972
f 1025/1528/967 1019/1525/967 1007/1526/967
f 1045/1530/1260 1032/1546/1260 1034/1531/1260
f 1051/1533/974 1044/1566/1261 1048/1534/975
f 1046/1536/977 1035/1573/1262 1040/1537/978
f 1038/1539/980 1042/1550/980 1036/1540/980
f 1050/1542/1263 1054/1557/1263 1041/1543/1263
f 1038/1539/992 1033/1541/992 1031/1558/992
f 1032/1546/1264 1033/1541/1264 1036/1540/1264
f 1036/1540/994 1042/1550/1265 1040/1560/995
f 1041/1543/997 1042/1550/997 1038/1539/997
f 1050/1542/998 1039/1544/998 1037/1562/998
f 1040/1564/985 1041/1543/987 1054/1557/1266
f 1053/1535/1267 1054/1557/1267 1050/1542/1267
f 1044/1566/1001 1051/1533/1001 1049/1567/1001
f 1053/1535/1002 1048/1534/1268 1046/1569/1003
f 1048/1554/1005 1044/1552/1269 1045/1530/1006
f 1032/1546/1008 1045/1530/1008 1043/1571/1008
f 1047/1532/1270 1034/1531/1270 1035/1573/1270
f 1031/1572/1010 1043/1571/1010 1049/1574/1010
f 1056/1576/1011 1058/1592/1011 1071/1577/1011
f 1068/1579/1012 1072/1599/1012 1077/1580/1012
f 1070/1582/1013 1059/1619/1013 1064/1583/1013
f 1062/1585/1014 1066/1596/1014 1060/1586/1014
f 1074/1588/1015 1078/1603/1015 1065/1589/1015
f 1062/1585/1016 1057/1587/1016 1055/1605/1016
f 1056/1576/1271 1057/1587/1271 1060/1586/1271
f 1060/1586/1023 1066/1596/1023 1064/1607/1023
f 1066/1596/1272 1062/1585/1272 1063/1590/1272
f 1074/1588/1025 1063/1590/1025 1061/1609/1025
f 1065/1589/1026 1078/1603/1026 1076/1611/1026
f 1077/1604/1273 1078/1603/1273 1074/1588/1273
f 1068/1579/1019 1075/1581/1019 1073/1613/1019
f 1077/1580/1028 1072/1599/1028 1070/1615/1028
f 1072/1599/1274 1068/1579/1274 1069/1578/1274
f 1056/1576/1025 1069/1578/1025 1067/1617/1025
f 1071/1577/1030 1058/1592/1030 1059/1619/1030
f 1055/1618/1025 1067/1617/1025 1073/1620/1025
f 1093/1622/1275 1095/1645/1275 1082/1623/1275
f 1101/1625/1032 1096/1860/1032 1092/1626/1032
f 1088/1628/1033 1083/1639/1033 1094/1629/1033
f 1084/1631/1034 1090/1642/1034 1086/1632/1034
f 1089/1634/1276 1102/1648/1276 1098/1635/1276
f 1079/1649/1042 1081/1861/1042 1086/1632/1042
f 1082/1623/1043 1084/1640/1043 1081/1638/1043
f 1088/1628/1044 1090/1642/1044 1084/1640/1044
f 1087/1636/1045 1086/1632/1045 1090/1642/1045
f 1097/1647/1046 1085/1641/1047 1087/1636/1047
f 1100/1630/1048 1102/1648/1048 1089/1634/1048
f 1101/1625/1032 1099/1627/1032 1098/1635/1032
f 1097/1647/1032 1099/1627/1032 1092/1650/1032
f 1094/1629/1050 1096/1646/1050 1101/1625/1050
f 1093/1622/1032 1092/1644/1032 1096/1646/1032
f 1091/1643/1052 1093/1622/1052 1080/1624/1052
f 1083/1639/1053 1082/1623/1053 1095/1645/1053
f 1097/1647/1054 1091/1651/1054 1079/1649/1054
f 1104/1652/1055 1106/1669/1055 1119/1653/1055
f 1116/1655/1056 1120/1862/1056 1125/1656/1056
f 1118/1658/1057 1107/1671/1057 1112/1659/1057
f 1110/1661/1277 1114/1863/1277 1108/1662/1277
f 1122/1664/1059 1126/1679/1059 1113/1665/1059
f 1110/1680/1068 1105/1864/1068 1103/1681/1068
f 1105/1682/1278 1108/1865/1278 1106/1669/1278
f 1108/1683/1279 1114/1866/1279 1112/1659/1279
f 1113/1665/1280 1114/1863/1280 1110/1661/1280
f 1121/1678/1072 1122/1664/1072 1111/1666/1072
f 1113/1665/1073 1126/1679/1073 1124/1660/1073
f 1126/1679/1074 1122/1664/1074 1123/1657/1074
f 1116/1684/1075 1123/1657/1075 1121/1678/1075
f 1125/1656/1076 1120/1677/1076 1118/1658/1076
f 1120/1677/1077 1116/1676/1077 1117/1654/1077
f 1104/1652/1078 1117/1654/1078 1115/1675/1078
f 1119/1653/1079 1106/1669/1079 1107/1671/1079
f 1103/1681/1080 1115/1685/1080 1121/1678/1080
f 1141/1686/1281 1128/1703/1281 1130/1687/1281
f 1140/1689/1082 1144/1867/1082 1149/1690/1082
f 1142/1692/1083 1131/1705/1083 1136/1693/1083
f 1134/1695/1084 1138/1707/1084 1132/1696/1084
f 1146/1698/1282 1150/1712/1282 1137/1699/1282
f 1134/1695/1092 1129/1868/1092 1127/1713/1092
f 1129/1702/1093 1132/1704/1093 1130/1687/1093
f 1132/1704/1094 1138/1707/1094 1136/1693/1094
f 1138/1707/1095 1134/1695/1095 1135/1700/1095
f 1145/1711/1096 1146/1698/1096 1135/1700/1097
f 1137/1699/1098 1150/1712/1098 1148/1694/1098
f 1149/1690/1283 1150/1712/1283 1146/1698/1283
f 1140/1714/1082 1147/1691/1082 1145/1711/1082
f 1149/1690/1099 1144/1710/1099 1142/1692/1099
f 1144/1710/1082 1140/1709/1082 1141/1686/1082
f 1128/1703/1101 1141/1686/1101 1139/1708/1101
f 1143/1688/1102 1130/1687/1102 1131/1705/1102
f 1127/1713/1104 1139/1715/1104 1145/1711/1104
f 1289/1716/1105 1297/1825/1105 1292/1318/1106
f 1290/1313/801 1298/1312/801 1291/1717/1108
f 1151/1305/796 1155/1303/796 877/1266/796
f 1157/1259/1284 1158/1249/1284 893/1255/1284
f 1155/1303/794 1156/1304/794 878/1267/794
f 1153/1294/1111 1154/1263/1111 887/1275/1111
f 895/1281/788 1151/1293/788 1152/1292/788
f 874/1718/1285 887/1275/1285 1154/1263/1285
f 1153/1257/773 1157/1259/773 892/1280/773
f 870/1719/1286 893/1255/1286 1158/1249/1286
f 1162/1720/1287 1164/1723/1287 1170/1721/1287
f 1164/1723/968 1168/1744/968 1171/1724/968
f 1166/1726/1115 1162/1720/1115 1169/1728/1115
f 1173/1729/967 1174/1746/967 1165/1730/967
f 1172/1727/1116 1169/1728/1116 1161/1732/1116
f 1175/1725/1117 1172/1727/1117 1165/1734/1117
f 1170/1721/1118 1171/1724/1118 1167/1736/1118
f 1176/1722/1119 1170/1721/1119 1163/1738/1119
f 1169/1728/1120 1176/1722/1120 1173/1740/1120
f 1171/1724/1121 1175/1725/1121 1174/1742/1121
f 1164/1723/955 1162/1720/955 1166/1726/955
f 1163/1745/967 1167/1869/967 1174/1746/967
f 1168/1744/1288 1166/1726/1288 1175/1725/1288
f 1186/1747/1289 1180/1751/1289 1178/1748/1289
f 1187/1750/1026 1184/1771/1026 1180/1751/1026
f 1185/1755/1126 1178/1748/1126 1182/1754/1126
f 1189/1756/1025 1177/1870/1025 1181/1757/1025
f 1177/1759/1127 1185/1755/1127 1188/1753/1127
f 1181/1761/1128 1188/1753/1128 1191/1752/1128
f 1183/1763/1129 1187/1750/1129 1186/1747/1129
f 1179/1765/1130 1186/1747/1130 1192/1749/1130
f 1189/1767/1131 1192/1749/1131 1185/1755/1131
f 1190/1769/1132 1191/1752/1132 1187/1750/1132
f 1182/1754/1013 1178/1748/1013 1180/1751/1013
f 1179/1772/1025 1189/1756/1025 1190/1758/1025
f 1191/1752/1290 1182/1754/1290 1184/1771/1290
f 1194/1774/1135 1196/1775/1135 1195/1775/1135
f 1196/1775/1136 1200/1776/1136 1199/1776/1136
f 1198/1777/1137 1194/1774/1137 1193/1774/1137
f 1199/1776/1138 1197/1777/1138 1193/1774/1138
f 1200/1776/1139 1196/1775/1139 1194/1774/1139
f 1200/1776/1140 1204/1778/1140 1203/1778/1140
f 1197/1777/1141 1201/1779/1141 1202/1779/1141
f 1199/1776/1138 1203/1778/1138 1201/1779/1138
f 1213/1780/1135 1214/1780/1135 1216/1781/1135
f 1205/1782/1142 1209/1783/1142 1210/1783/1142
f 1204/1778/1143 1202/1779/1143 1201/1779/1143
f 1208/1784/1140 1207/1784/1140 1205/1782/1140
f 1209/1783/1141 1211/1785/1141 1212/1785/1141
f 1208/1784/1143 1212/1785/1143 1211/1785/1143
f 1208/1784/1139 1206/1782/1139 1210/1783/1139
f 1207/1784/1138 1211/1785/1138 1209/1783/1138
f 1214/1780/1139 1218/1787/1139 1220/1786/1139
f 1220/1786/1143 1218/1787/1143 1217/1787/1143
f 1216/1781/1140 1220/1786/1140 1219/1786/1140
f 1213/1780/1141 1217/1787/1141 1218/1787/1141
f 1215/1781/1138 1219/1786/1138 1217/1787/1138
f 1221/1788/1135 1222/1788/1135 1224/1789/1135
f 1222/1788/1139 1226/1791/1139 1228/1790/1139
f 1228/1790/1143 1226/1791/1143 1225/1791/1143
f 1224/1789/1140 1228/1790/1140 1227/1790/1140
f 1221/1788/1141 1225/1791/1141 1226/1791/1141
f 1223/1789/1138 1227/1790/1138 1225/1791/1138
f 1229/1792/1135 1230/1792/1135 1232/1793/1135
f 1230/1792/1139 1234/1795/1139 1236/1794/1139
f 1236/1794/1143 1234/1795/1143 1233/1795/1143
f 1232/1793/1140 1236/1794/1140 1235/1794/1140
f 1229/1792/1141 1233/1795/1141 1234/1795/1141
f 1231/1793/1138 1235/1794/1138 1233/1795/1138
f 1239/1796/1144 1240/1796/1144 1238/1797/1144
f 1243/1798/1145 1244/1798/1145 1240/1796/1145
f 1198/1777/1139 1202/1779/1139 1204/1778/1139
f 1237/1797/1146 1238/1797/1146 1242/1799/1146
f 1237/1797/1147 1241/1799/1147 1243/1798/1147
f 1244/1798/1148 1242/1799/1148 1238/1797/1148
f 1247/1800/1149 1248/1800/1149 1244/1798/1149
f 1246/1801/1150 1245/1801/1150 1241/1799/1150
f 1245/1801/1147 1247/1800/1147 1243/1798/1147
f 1260/1802/1144 1258/1803/1144 1257/1803/1144
f 1254/1804/1151 1253/1804/1151 1249/1805/1151
f 1245/1801/1152 1246/1801/1152 1248/1800/1152
f 1249/1805/1149 1251/1806/1149 1252/1806/1149
f 1256/1807/1150 1255/1807/1150 1253/1804/1150
f 1255/1807/1152 1256/1807/1152 1252/1806/1152
f 1252/1806/1148 1256/1807/1148 1254/1804/1148
f 1253/1804/1147 1255/1807/1147 1251/1806/1147
f 1264/1808/1148 1262/1809/1148 1258/1803/1148
f 1261/1809/1152 1262/1809/1152 1264/1808/1152
f 1263/1808/1149 1264/1808/1149 1260/1802/1149
f 1262/1809/1150 1261/1809/1150 1257/1803/1150
f 1261/1809/1147 1263/1808/1147 1259/1802/1147
f 1268/1810/1144 1266/1811/1144 1265/1811/1144
f 1272/1812/1148 1270/1813/1148 1266/1811/1148
f 1269/1813/1152 1270/1813/1152 1272/1812/1152
f 1271/1812/1149 1272/1812/1149 1268/1810/1149
f 1270/1813/1150 1269/1813/1150 1265/1811/1150
f 1269/1813/1147 1271/1812/1147 1267/1810/1147
f 1276/1814/1144 1274/1815/1144 1273/1815/1144
f 1280/1816/1148 1278/1817/1148 1274/1815/1148
f 1277/1817/1152 1278/1817/1152 1280/1816/1152
f 1279/1816/1149 1280/1816/1149 1276/1814/1149
f 1278/1817/1150 1277/1817/1150 1273/1815/1150
f 1277/1817/1147 1279/1816/1147 1275/1814/1147
f 1248/1800/1148 1246/1801/1148 1242/1799/1148
f 1286/1291/1153 1290/1313/1153 1152/1292/1153
f 891/1279/1154 1288/1302/1154 1289/1716/1154
f 1289/1716/1154 1282/1317/1154 878/1267/1154
f 1287/1818/1155 1284/1301/1155 890/1819/1155
f 1285/1821/1156 1283/1871/1156 884/1822/1156
f 1152/1292/1153 1290/1313/1153 1281/1296/1153
f 1282/1317/1291 1285/1821/1291 879/1823/1291
f 1288/1302/1159 1294/1311/1292 1297/1825/1105
f 1285/1826/1160 1292/1318/1160 1293/1827/1160
f 1298/1829/1161 1293/1827/1293 1292/1318/1162
f 1297/1825/1161 1294/1311/1294 1291/1315/1163
f 869/1830/1164 1295/1838/1295 1296/1831/1165
f 1159/1265/1168 1301/1840/1176 1299/1834/1169
f 1160/1251/1171 876/1250/1296 1300/1835/1172
f 1159/1265/1168 871/1264/1297 1296/1839/1175
f 1160/1251/1171 1302/1836/1173 1295/1838/1177
f 875/1841/1179 873/1872/1298 1299/1842/1180
f 1299/1842/1184 1301/1845/1188 1302/1836/1185
f 1296/1831/1187 1295/1838/1299 1302/1836/1185
o Android.003
v 0.167526 0.797222 0.310479
v 0.051215 0.736317 0.281112
v 0.228301 0.955430 0.177526
v 0.252764 0.907478 0.255000
v -0.051273 0.971877 -0.084138
v 0.030016 0.997429 -0.043651
v -0.136511 0.861620 -0.028659
v -0.133851 0.775516 0.074680
v 0.000545 0.524158 -0.057773
v -0.082391 0.581437 0.045865
v -0.074570 0.619968 -0.097502
v -0.260437 0.894181 0.197133
v -0.321544 1.059495 0.215489
v -0.290874 0.980252 0.105126
v 0.112747 0.577187 -0.142026
v 0.037633 0.672996 -0.181755
v 0.123746 0.688361 -0.146422
v -0.217696 1.219772 0.152824
v -0.102054 1.213668 0.047992
v -0.215172 1.140895 -0.000055
v 0.189306 0.515201 0.187969
v 0.217706 0.606098 0.283001
v 0.075924 0.573924 0.251971
v -0.057165 1.003497 0.510391
v -0.062152 0.852182 0.418310
v 0.039601 0.910254 0.473755
v 0.301508 0.568230 0.103716
v 0.318596 0.679115 0.107247
v 0.329908 0.659127 0.198748
v 0.046683 1.163774 0.447726
v 0.181397 1.056897 0.442299
v 0.162325 1.157669 0.342894
v -0.359026 1.616207 0.748963
v -0.229047 1.613761 0.736148
v -0.112729 1.572241 0.693592
v -0.056040 1.484286 0.619328
v -0.015394 1.388566 0.540270
v -0.025238 1.285971 0.460006
v -0.084073 1.192122 0.390756
v -0.385705 1.544361 0.810138
v -0.278343 1.481008 0.849183
v -0.177137 1.398790 0.841281
v -0.112691 1.313443 0.770682
v -0.066737 1.232014 0.679455
v -0.061469 1.170117 0.564538
v -0.097687 1.137175 0.443427
v -0.461990 1.483023 0.815980
v -0.419298 1.367669 0.859977
v -0.343559 1.246947 0.875178
v -0.281222 1.166298 0.797238
v -0.220095 1.097069 0.704849
v -0.171615 1.069918 0.586623
v -0.160908 1.092736 0.440765
v -0.543193 1.468122 0.763066
v -0.569343 1.340137 0.762207
v -0.557348 1.214733 0.727640
v -0.495968 1.127902 0.656125
v -0.418688 1.061637 0.574261
v -0.324210 1.042926 0.486008
v -0.226916 1.074617 0.404802
v -0.581749 1.508389 0.682394
v -0.640584 1.414540 0.613144
v -0.668174 1.315704 0.513086
v -0.599267 1.233664 0.442474
v -0.514319 1.159389 0.376656
v -0.398001 1.117869 0.334101
v -0.250276 1.111665 0.341080
v -0.555070 1.580235 0.621220
v -0.591288 1.547293 0.500108
v -0.586020 1.485396 0.385192
v -0.524871 1.400748 0.310915
v -0.445229 1.312183 0.257266
v -0.344023 1.229965 0.249363
v -0.236661 1.166612 0.288408
v -0.478785 1.641574 0.615378
v -0.450332 1.660632 0.489314
v -0.401852 1.633481 0.371089
v -0.338594 1.544135 0.304153
v -0.274126 1.443368 0.251666
v -0.216132 1.326405 0.247072
v -0.173441 1.211051 0.291070
v -0.154683 1.134987 0.351509
v -0.482878 1.579205 0.730088
v -0.397581 1.656474 0.668291
v -0.300287 1.688165 0.587085
v -0.205809 1.669453 0.498832
v -0.141594 1.586290 0.425472
v -0.093278 1.482559 0.362460
v -0.081282 1.357156 0.327893
v -0.107433 1.229170 0.327033
v -0.020840 0.955551 0.453703
v -0.026940 0.994686 0.512281
v -0.012965 1.025740 0.450311
v 0.030833 1.061693 0.558889
v 0.094706 1.089566 0.546919
v 0.040605 1.100085 0.491579
v 0.049133 0.944291 0.383156
v 0.057008 1.014480 0.379764
v 0.113007 0.972165 0.371186
v 0.164680 1.078306 0.476372
v 0.170780 1.039172 0.417794
v 0.106376 1.096161 0.415693
v 0.127985 0.740379 0.621488
v 0.167903 0.737833 0.661489
v 0.123104 0.771686 0.668350
v 0.220422 0.847590 0.696061
v 0.169323 0.825292 0.705637
v 0.214122 0.791439 0.698775
v 0.183963 0.731370 0.565051
v 0.235062 0.753669 0.555475
v 0.223882 0.728825 0.605051
v 0.276400 0.838582 0.639623
v 0.270101 0.782431 0.642337
v 0.281281 0.807275 0.592761
v 0.007923 0.519930 0.615017
v 0.011979 0.583959 0.585286
v -0.023673 0.532158 0.552951
v 0.084612 0.718528 0.212304
v 0.110335 0.689455 0.153202
v 0.034070 0.649250 0.224386
v 0.029589 0.426829 0.585646
v -0.002007 0.439056 0.523580
v 0.055312 0.397756 0.526544
v 0.170818 0.645285 0.073760
v 0.113055 0.514848 0.197979
v 0.055736 0.556148 0.195015
v 0.100894 0.530431 0.650316
v 0.162270 0.553159 0.623549
v 0.104951 0.594459 0.620585
v 0.264682 0.722684 0.161734
v 0.181640 0.793057 0.217872
v 0.294251 0.707529 0.225678
v 0.122561 0.437330 0.620945
v 0.148284 0.408257 0.561843
v 0.183937 0.460058 0.594178
v 0.297182 0.583031 0.117677
v 0.328778 0.570804 0.179743
v 0.246640 0.513753 0.129759
v 0.133867 0.122099 0.408851
v 0.129006 0.102890 0.443598
v 0.103507 0.082252 0.382574
v 0.019483 0.441658 0.650095
v 0.015013 0.509054 0.629170
v -0.022936 0.459244 0.596325
v 0.141158 0.150914 0.356730
v 0.110798 0.111066 0.330454
v 0.146019 0.170123 0.321983
v 0.027166 0.557077 0.542302
v 0.043788 0.537706 0.476360
v -0.010784 0.507268 0.509457
v 0.192062 0.129810 0.421255
v 0.239296 0.100244 0.411517
v 0.187201 0.110601 0.456002
v 0.112005 0.521905 0.649844
v 0.116475 0.454510 0.670769
v 0.171047 0.484947 0.637672
v 0.199353 0.158625 0.369134
v 0.204214 0.177834 0.334387
v 0.246587 0.129058 0.359397
v 0.124158 0.569929 0.562976
v 0.183200 0.532971 0.550804
v 0.140780 0.550557 0.497033
v -0.285845 0.256117 -0.106649
v -0.289397 0.308870 -0.059697
v -0.233394 0.265703 -0.060207
v -0.029518 0.586540 0.073951
v 0.033299 0.610382 0.051915
v -0.003147 0.505076 0.060984
v -0.219477 0.227206 -0.175638
v -0.167025 0.236793 -0.129195
v -0.156660 0.251049 -0.197674
v 0.125485 0.641524 -0.041278
v 0.073587 0.490421 -0.076483
v 0.063222 0.476165 -0.008005
v -0.331484 0.313539 -0.174618
v -0.324671 0.380548 -0.196145
v -0.335036 0.366292 -0.127666
v -0.005526 0.734813 -0.037580
v -0.078708 0.696715 0.052934
v -0.058612 0.722290 -0.084622
v -0.265115 0.284629 -0.243607
v -0.202298 0.308471 -0.265643
v -0.258302 0.351637 -0.265133
v 0.094027 0.691448 -0.141063
v 0.041575 0.681861 -0.187505
v 0.120398 0.609984 -0.154031
v -0.135014 0.108823 -0.505711
v -0.172112 0.096309 -0.513905
v -0.114603 0.058331 -0.521007
v -0.329310 0.234349 -0.159456
v -0.299168 0.270069 -0.106395
v -0.273655 0.206954 -0.125515
v -0.079367 0.127593 -0.493420
v -0.058956 0.077101 -0.508716
v -0.042269 0.140107 -0.485226
v -0.206423 0.301353 -0.085910
v -0.143820 0.296917 -0.118486
v -0.180910 0.238238 -0.105030
v -0.146153 0.160468 -0.534150
v -0.140594 0.178835 -0.587364
v -0.183251 0.147954 -0.542344
v -0.317733 0.356143 -0.153793
v -0.347875 0.320423 -0.206854
v -0.310785 0.379103 -0.220311
v -0.090506 0.179238 -0.521859
v -0.053408 0.191752 -0.513665
v -0.084947 0.197605 -0.575073
v -0.224988 0.387427 -0.133308
v -0.218040 0.410387 -0.199825
v -0.162385 0.382991 -0.165884
v 0.157611 0.719872 0.596392
v 0.120199 0.759872 0.610544
v 0.163180 0.772317 0.575935
v 0.124978 0.832945 0.642754
v 0.167170 0.866018 0.660812
v 0.167959 0.845389 0.608145
v 0.237215 0.712943 0.600299
v 0.242784 0.765388 0.579841
v 0.279406 0.746016 0.618357
v 0.246773 0.859089 0.664719
v 0.284185 0.819089 0.650567
v 0.247563 0.838461 0.612051
v 0.144120 0.613982 0.888292
v 0.145912 0.641385 0.900371
v 0.116061 0.643983 0.898906
v 0.148905 0.711660 0.964029
v 0.117261 0.686856 0.950485
v 0.149497 0.696189 0.924528
v 0.203823 0.608786 0.891222
v 0.235466 0.633590 0.904765
v 0.205615 0.636188 0.903300
v 0.208607 0.706464 0.966959
v 0.209199 0.690993 0.927458
v 0.236667 0.676464 0.956345
v -0.193681 1.001489 0.127899
v -0.260891 0.985120 0.142558
v -0.232796 1.044962 0.167650
v -0.348947 1.031165 0.131337
v -0.369794 1.093580 0.105457
v -0.319870 1.095097 0.165502
v -0.147318 1.080274 0.087360
v -0.186433 1.123746 0.127111
v -0.168164 1.142689 0.061480
v -0.323430 1.172365 0.064918
v -0.256220 1.188735 0.050259
v -0.272524 1.177972 0.134035
v -0.237117 0.891788 -0.159640
v -0.276270 0.893847 -0.200418
v -0.290885 0.878693 -0.147913
v -0.378007 0.965461 -0.177594
v -0.361330 0.915529 -0.156890
v -0.346715 0.930683 -0.209395
v -0.200026 0.954816 -0.192072
v -0.216704 1.004748 -0.212775
v -0.239179 0.956874 -0.232849
v -0.340916 1.028489 -0.210025
v -0.309624 0.993711 -0.241826
v -0.287148 1.041585 -0.221752
v -0.268546 0.912870 -0.111712
v -0.321128 0.932910 -0.105919
v -0.278403 0.968334 -0.116861
v -0.369829 0.977783 -0.150803
v -0.365949 1.002616 -0.201482
v -0.327104 1.013207 -0.161745
v -0.212084 0.917662 -0.168184
v -0.221941 0.973127 -0.173333
v -0.208204 0.942495 -0.218862
v -0.309486 1.007408 -0.257953
v -0.256905 0.987368 -0.263747
v -0.270642 1.018000 -0.218217
v -0.385988 0.668718 -0.264020
v -0.404251 0.685546 -0.280851
v -0.425425 0.683749 -0.259674
v -0.469910 0.711257 -0.344317
v -0.472820 0.692632 -0.306308
v -0.440777 0.719200 -0.314515
v -0.343642 0.672313 -0.306373
v -0.340731 0.690937 -0.344382
v -0.361905 0.689140 -0.323205
v -0.427564 0.714851 -0.386671
v -0.398430 0.722795 -0.356869
v -0.388127 0.699821 -0.391016
v 0.210172 0.572564 -0.015191
v 0.221171 0.683738 -0.019588
v -0.075704 1.178505 0.288968
v 0.039938 1.172400 0.184136
v 0.097970 0.519535 0.069062
v -0.003234 0.577680 0.148918
v -0.189354 1.031496 0.362940
v -0.162857 0.845212 0.303811
v 0.129158 0.976430 0.066937
v -0.041318 0.755917 0.177896
v 0.136661 -0.105027 0.536935
v 0.139873 0.077788 0.408217
v 0.179194 0.063056 0.232898
v 0.152026 0.125811 0.321350
v 0.194856 -0.097316 0.549339
v 0.198068 0.085499 0.420622
v 0.237389 0.070767 0.245303
v 0.210221 0.133522 0.333754
v 0.126115 -0.061644 0.559444
v 0.168648 0.106440 0.255407
v 0.226843 0.114151 0.267811
v 0.184310 -0.053933 0.571848
v 0.090618 -0.064715 0.437663
v 0.271280 -0.017570 0.431442
v 0.260734 0.025814 0.453951
v 0.080072 -0.021331 0.460172
v -0.293608 -0.016220 -0.670671
v -0.140578 0.086504 -0.544063
v 0.031000 0.093274 -0.598974
v -0.047833 0.117788 -0.523578
v -0.304747 0.035424 -0.699110
v -0.151717 0.138148 -0.572502
v 0.019861 0.144918 -0.627412
v -0.058972 0.169432 -0.552017
v -0.309838 0.003858 -0.627853
v 0.014769 0.113352 -0.556155
v 0.003630 0.164996 -0.584593
v -0.320977 0.055502 -0.656291
v -0.189724 -0.036581 -0.621748
v -0.176768 0.133995 -0.696821
v -0.192999 0.154073 -0.654002
v -0.205954 -0.016503 -0.578929
v 0.143974 0.649938 0.938496
v 0.148865 0.678123 0.947532
v 0.203108 0.639787 0.938152
v 0.207999 0.667973 0.947188
v 0.113040 0.646079 0.967274
v 0.117931 0.674265 0.976310
v 0.221452 0.627470 0.966644
v 0.226343 0.655655 0.975680
v 0.109394 0.622256 1.043557
v 0.114285 0.650442 1.052594
v 0.217806 0.603646 1.042927
v 0.222697 0.631832 1.051963
v 0.102273 0.641815 0.986402
v 0.107163 0.670001 0.995438
v 0.100906 0.632882 1.015008
v 0.105796 0.661067 1.024045
v 0.052539 0.647296 0.996224
v 0.057429 0.675482 1.005260
v 0.051627 0.641340 1.015295
v 0.056518 0.669526 1.024331
v 0.187784 0.605744 1.052634
v 0.192674 0.633929 1.061671
v 0.217351 0.600668 1.052463
v 0.222241 0.628854 1.061499
v 0.183226 0.575964 1.147989
v 0.188117 0.604150 1.157025
v 0.212793 0.570889 1.147817
v 0.217684 0.599075 1.156853
v 0.148361 0.612511 1.052864
v 0.153252 0.640696 1.061900
v 0.177928 0.607435 1.052692
v 0.182819 0.635621 1.061728
v 0.143803 0.582731 1.148218
v 0.148694 0.610917 1.157254
v 0.173370 0.577656 1.148046
v 0.178261 0.605842 1.157082
v 0.108938 0.619278 1.053092
v 0.113829 0.647463 1.062129
v 0.138505 0.614203 1.052921
v 0.143396 0.642388 1.061957
v 0.104381 0.589499 1.148447
v 0.109271 0.617684 1.157483
v 0.133948 0.584423 1.148275
v 0.138838 0.612609 1.157311
v -0.431177 0.667532 -0.309482
v -0.441931 0.694263 -0.317838
v -0.386075 0.673446 -0.348608
v -0.396829 0.700177 -0.356963
v -0.470336 0.651281 -0.311073
v -0.481090 0.678012 -0.319428
v -0.387649 0.662124 -0.382804
v -0.398403 0.688855 -0.391159
v -0.514623 0.615833 -0.367483
v -0.525377 0.642564 -0.375838
v -0.431936 0.626676 -0.439214
v -0.442690 0.653407 -0.447569
v -0.488925 0.641433 -0.318654
v -0.499678 0.668164 -0.327010
v -0.505532 0.628140 -0.339808
v -0.516286 0.654871 -0.348163
v -0.532045 0.632074 -0.293101
v -0.542799 0.658805 -0.301456
v -0.543117 0.623211 -0.307203
v -0.553871 0.649942 -0.315558
v -0.460023 0.619287 -0.426702
v -0.470776 0.646018 -0.435057
v -0.437472 0.622244 -0.446265
v -0.448225 0.648976 -0.454620
v -0.515382 0.574977 -0.497214
v -0.526135 0.601708 -0.505569
v -0.492831 0.577934 -0.516777
v -0.503584 0.604665 -0.525132
v -0.490091 0.615345 -0.400618
v -0.500844 0.642075 -0.408973
v -0.467540 0.618302 -0.420181
v -0.478293 0.645033 -0.428536
v -0.545450 0.571034 -0.471130
v -0.556203 0.597765 -0.479486
v -0.522899 0.573991 -0.490693
v -0.533652 0.600722 -0.499048
v -0.520159 0.611402 -0.374534
v -0.530912 0.638133 -0.382889
v -0.497608 0.614359 -0.394097
v -0.508361 0.641090 -0.402452
v -0.575518 0.567091 -0.445046
v -0.586271 0.593822 -0.453402
v -0.552967 0.570048 -0.464609
v -0.563720 0.596779 -0.472964
v 0.240414 0.913437 0.150612
v -0.154484 0.815470 0.097157
v -0.022282 0.906452 -0.114609
v 0.145613 0.840132 0.334293
v -0.134484 0.853423 -0.030356
v 0.069920 0.921528 -0.071348
v 0.257815 0.893161 0.250041
v 0.016009 0.807380 0.319118
v -0.069238 0.811425 0.208137
v 0.155167 0.917483 0.039632
v 0.187173 0.951860 0.192909
v -0.132925 0.889245 0.083286
v 0.016679 0.959950 -0.029052
v 0.037569 0.881155 0.305246
v 0.087183 0.760056 0.254275
v 0.215859 0.873848 0.164423
v -0.047368 0.883407 0.194067
v 0.101184 0.956394 0.082846
v 0.037460 0.898815 -0.049113
v -0.091733 0.786125 0.041289
v 0.126790 0.884454 0.057701
v -0.004739 0.775504 0.150738
vn -0.4248 -0.8797 0.2138
vn 0.7717 -0.3202 0.5495
vn 0.1054 -0.7771 0.6205
vn -0.4901 0.6634 0.5654
vn -0.4973 -0.0514 -0.8661
vn 0.6563 0.5843 -0.4774
vn -0.7230 -0.6563 -0.2158
vn -0.9384 -0.3454 -0.0127
vn 0.3899 -0.0749 -0.9178
vn -0.3497 0.8302 -0.4341
vn 0.0136 -0.7246 0.6890
vn -0.1700 -0.5082 0.8443
vn 0.9775 -0.1458 -0.1527
vn 0.5326 0.6433 0.5500
vn -0.3105 -0.5615 -0.7670
vn -0.8004 -0.4705 -0.3714
vn -0.9074 0.1786 -0.3804
vn 0.3477 0.3591 -0.8661
vn 0.7871 -0.1019 -0.6083
vn 0.0803 0.9963 0.0306
vn 0.9386 0.3311 -0.0967
vn 0.6292 -0.6469 0.4308
vn 0.2196 0.2286 0.9484
vn -0.0399 -0.2856 0.9575
vn -0.3422 -0.9111 0.2297
vn -0.7687 -0.2902 0.5699
vn 0.2640 -0.9350 -0.2369
vn 0.9464 0.2993 0.1218
vn 0.0562 0.4878 -0.8711
vn -0.1703 0.2299 0.9582
vn 0.4056 0.8704 -0.2791
vn 0.4045 0.8708 -0.2793
vn 0.1181 0.7619 0.6368
vn -0.9609 0.2675 -0.0711
vn 0.1340 0.8116 -0.5686
vn 0.6908 -0.4857 -0.5356
vn 0.9367 0.1555 -0.3136
vn 0.7833 0.6214 -0.0187
vn 0.0587 0.9041 0.4232
vn 0.8691 -0.2168 -0.4446
vn 0.8693 0.4770 -0.1292
vn 0.8671 0.4812 -0.1289
vn 0.8698 0.4761 -0.1293
vn 0.4045 0.8807 0.2463
vn -0.3154 0.7802 0.5402
vn 0.8897 -0.4110 -0.1988
vn 0.9119 0.0582 0.4063
vn 0.9138 0.0571 0.4021
vn 0.9142 0.0569 0.4012
vn 0.4472 0.4778 0.7561
vn -0.3049 0.6805 0.6663
vn 0.7004 -0.5767 -0.4206
vn 0.9735 -0.1914 0.1253
vn 0.8289 0.1910 0.5258
vn 0.0881 0.6266 0.7743
vn 0.5275 -0.4760 0.7037
vn 0.5344 -0.4775 0.6975
vn 0.5357 -0.4777 0.6963
vn 0.1356 0.0720 0.9881
vn -0.3964 0.5621 0.7259
vn 0.5530 -0.7673 -0.3246
vn 0.6633 -0.6458 0.3782
vn 0.4383 -0.3528 0.8267
vn -0.1667 0.2969 0.9402
vn 0.5754 -0.8135 -0.0850
vn 0.4253 -0.8292 -0.3628
vn 0.0211 -0.9731 0.2295
vn 0.0210 -0.9726 0.2317
vn 0.0212 -0.9732 0.2290
vn -0.2856 -0.7214 0.6309
vn -0.5566 0.1082 0.8237
vn 0.2825 -0.9586 -0.0356
vn -0.1838 -0.8415 0.5080
vn -0.1838 -0.8412 0.5085
vn -0.1838 -0.8416 0.5078
vn -0.5292 -0.2292 0.8169
vn -0.5364 0.4943 0.6840
vn -0.7844 -0.6158 0.0744
vn -0.8530 0.1710 0.4930
vn -0.1070 -0.8761 -0.4701
vn -0.6745 -0.7372 -0.0388
vn -0.6740 -0.7377 -0.0389
vn -0.6739 -0.7378 -0.0389
vn -0.9054 -0.1495 0.3973
vn -0.6429 0.5169 0.5653
vn 0.2539 -0.7928 -0.5540
vn -0.4031 -0.8827 -0.2414
vn -0.4010 -0.8837 -0.2415
vn -0.4006 -0.8839 -0.2415
vn 0.0050 -0.6926 -0.7213
vn -0.7006 -0.2159 -0.6801
vn -0.7073 -0.2144 -0.6736
vn -0.6993 -0.2162 -0.6813
vn -0.9326 0.2982 -0.2034
vn -0.6535 0.6166 0.4391
vn 0.2442 -0.7019 -0.6691
vn -0.4044 -0.4196 -0.8127
vn -0.8156 -0.0872 -0.5720
vn -0.8824 0.4485 0.1419
vn -0.5920 0.6979 -0.4030
vn -0.5619 0.7350 0.3796
vn 0.3916 -0.5113 -0.7650
vn -0.0346 0.0221 -0.9992
vn -0.3724 0.4454 -0.8142
vn -0.6276 0.7782 -0.0240
vn 0.2301 -0.2713 -0.9346
vn -0.2659 0.3070 -0.9138
vn -0.2700 0.3085 -0.9121
vn -0.2650 0.3066 -0.9142
vn 0.5194 -0.4494 -0.7268
vn 0.4527 0.2580 -0.8535
vn 0.2322 0.7381 -0.6335
vn -0.2377 0.9669 0.0925
vn 0.5030 -0.1392 -0.8530
vn 0.3242 0.5962 -0.7345
vn 0.3240 0.5925 -0.7375
vn 0.3240 0.5918 -0.7381
vn -0.0260 0.9719 -0.2339
vn -0.4219 0.8028 0.4214
vn -0.6712 0.0651 0.7384
vn 0.4202 -0.7337 0.5339
vn 0.6036 0.6214 0.4995
vn -0.4756 0.6634 -0.5777
vn 0.7253 -0.1596 -0.6696
vn -0.9802 0.1017 -0.1701
vn -0.2877 0.8493 0.4427
vn -0.1722 -0.0283 -0.9847
vn 0.6168 0.6826 -0.3918
vn -0.4949 -0.7455 0.4465
vn 0.1722 0.0283 0.9847
vn 0.3131 -0.8755 -0.3681
vn 0.9802 -0.1018 0.1701
vn -0.7057 0.0450 -0.7071
vn -0.7919 0.5984 0.1213
vn 0.1748 0.9845 0.0162
vn 0.2563 0.2552 -0.9323
vn 0.1148 -0.6022 -0.7900
vn 0.9299 0.3432 -0.1324
vn 0.7919 -0.5984 -0.1213
vn -0.1114 -0.9926 0.0480
vn 0.7057 -0.0450 0.7071
vn -0.1976 -0.4392 0.8764
vn -0.8725 -0.4434 0.2053
vn -0.0574 0.5021 0.8629
vn -0.5495 -0.7159 -0.4307
vn -0.2167 0.9310 0.2937
vn 0.9302 0.1079 0.3509
vn 0.9282 0.1138 0.3543
vn 0.9307 0.1062 0.3499
vn 0.1408 0.6640 -0.7344
vn 0.2291 0.5965 -0.7692
vn 0.4603 0.3627 -0.8103
vn -0.9625 -0.1534 -0.2238
vn 0.2167 -0.9310 -0.2937
vn -0.8338 0.2751 0.4787
vn -0.7260 0.4371 -0.5310
vn -0.5836 -0.8000 0.1395
vn -0.3785 -0.5449 -0.7482
vn -0.3712 -0.5489 -0.7490
vn -0.3607 -0.5545 -0.7500
vn 0.2397 0.3963 0.8863
vn 0.6063 0.7898 -0.0932
vn 0.4899 -0.6787 0.5471
vn 0.6780 -0.5746 -0.4584
vn -0.8680 -0.3214 0.3785
vn -0.8364 0.5460 0.0476
vn -0.7343 0.1113 -0.6696
vn -0.7369 0.0804 -0.6712
vn -0.7228 0.1999 -0.6615
vn -0.5316 -0.7640 -0.3657
vn -0.0574 -0.9055 0.4205
vn -0.3861 -0.5407 -0.7474
vn 0.5940 -0.8021 -0.0606
vn 0.4468 -0.1729 0.8777
vn 0.8792 0.3303 -0.3434
vn 0.8726 0.3250 -0.3647
vn 0.8680 0.3214 -0.3785
vn 0.5080 0.7325 0.4532
vn 0.5169 0.7249 0.4553
vn 0.5182 0.7238 0.4556
vn -0.3638 0.4112 0.8358
vn -0.0763 0.5652 -0.8214
vn -0.2978 -0.3495 0.8883
vn -0.1058 -0.5423 0.8335
vn 0.9818 0.0705 0.1763
vn -0.2109 0.8677 0.4502
vn -0.9537 -0.1859 -0.2362
vn 0.1366 0.4156 -0.8992
vn 0.8350 -0.5227 -0.1721
vn -0.7519 0.1495 0.6421
vn -0.6116 0.7040 -0.3610
vn -0.5367 -0.7044 -0.4645
vn 0.3680 0.2979 0.8808
vn 0.5084 0.8524 -0.1223
vn -0.7192 -0.5092 0.4727
vn -0.8350 0.5227 0.1721
vn -0.5796 0.1732 -0.7963
vn 0.2109 -0.8677 -0.4502
vn -0.0632 0.9531 -0.2959
vn 0.7870 0.3543 -0.5050
vn 0.5367 0.7044 0.4645
vn 0.6158 -0.3223 0.7189
vn -0.2351 0.2740 0.9326
vn -0.5154 -0.0671 0.8543
vn -0.4561 0.5761 -0.6783
vn -0.4596 0.5766 -0.6755
vn -0.4604 0.5767 -0.6749
vn 0.5229 0.7161 0.4624
vn 0.5268 0.7220 0.4486
vn 0.5703 0.7923 0.2166
vn 0.3680 -0.6768 0.6376
vn 0.6637 -0.2891 -0.6899
vn -0.4619 -0.6068 0.6469
vn 0.3436 -0.0381 0.9383
vn 0.3045 -0.9407 -0.1497
vn 0.9401 -0.3361 0.0568
vn 0.9381 -0.3389 0.0715
vn 0.9390 -0.3377 0.0649
vn -0.9888 0.0562 -0.1380
vn -0.3317 0.9350 0.1254
vn -0.2225 -0.2776 -0.9346
vn 0.5975 0.3111 -0.7391
vn -0.0964 -0.9476 0.3044
vn -0.2412 -0.2282 0.9432
vn 0.7059 -0.1460 0.6931
vn 0.7107 -0.1559 0.6860
vn 0.7291 -0.1959 0.6558
vn 0.7284 -0.6844 -0.0322
vn 0.0502 -0.7460 -0.6640
vn 0.9365 0.3243 -0.1330
vn 0.0997 0.1410 -0.9850
vn -0.7418 -0.1356 -0.6568
vn 0.0852 0.9476 -0.3079
vn 0.0682 0.9473 -0.3131
vn 0.0964 0.9476 -0.3044
vn -0.7898 0.6133 -0.0004
vn -0.7902 0.6128 0.0063
vn -0.7898 0.6134 -0.0013
vn -0.8884 -0.3372 0.3116
vn 0.4736 0.6069 0.6383
vn -0.5927 -0.7660 -0.2492
vn -0.9013 -0.3413 -0.2668
vn -0.1636 0.8321 -0.5299
vn -0.3246 0.4016 0.8564
vn 0.2068 -0.8855 0.4160
vn 0.9487 0.2827 0.1418
vn 0.0983 0.3247 -0.9407
vn -0.6157 -0.4457 0.6498
vn 0.4552 -0.0845 0.8864
vn 0.3608 -0.8926 -0.2704
vn -0.8301 0.5482 0.1025
vn 0.2409 0.9094 0.3391
vn -0.4947 -0.8613 0.1160
vn -0.0983 -0.3247 0.9407
vn 0.8121 -0.4205 0.4047
vn 0.3246 -0.4016 -0.8564
vn 0.4263 0.5052 0.7504
vn 0.5903 0.7739 -0.2294
vn -0.3608 0.8926 0.2704
vn -0.7563 0.3515 -0.5518
vn -0.8853 0.0627 0.4607
vn -0.9981 0.0608 0.0101
vn -0.0795 -0.3977 0.9141
vn 0.0550 0.8885 0.4556
vn 0.0795 0.3977 -0.9141
vn 0.9879 -0.1120 0.1076
vn -0.5631 -0.2477 -0.7884
vn -0.4941 0.8070 -0.3235
vn 0.5859 -0.3477 -0.7320
vn 0.6549 0.7070 -0.2671
vn 0.4941 -0.8070 0.3235
vn -0.6549 -0.7070 0.2671
vn 0.0140 -0.3647 -0.9310
vn -0.6474 0.3425 -0.6809
vn 0.0984 0.9271 -0.3616
vn 0.7598 0.2200 -0.6118
vn 0.6544 -0.7326 -0.1872
vn 0.7394 0.5587 0.3755
vn -0.7363 -0.5119 0.4426
vn -0.0984 -0.9271 0.3616
vn 0.5905 -0.6273 0.5077
vn -0.7495 -0.6104 -0.2561
vn -0.6650 0.6810 0.3066
vn -0.0647 -0.9371 -0.3429
vn -0.4690 -0.8125 0.3461
vn -0.0983 -0.4090 -0.9072
vn -0.8851 0.4332 -0.1704
vn 0.1854 0.3611 0.9139
vn 0.4563 0.7599 -0.4630
vn 0.2974 -0.4846 0.8226
vn -0.7690 0.0082 0.6392
vn 0.8328 0.4252 0.3545
vn -0.2189 0.9723 0.0823
vn 0.1840 -0.9568 -0.2250
vn -0.8328 -0.4252 -0.3545
vn 0.7193 -0.0471 -0.6931
vn -0.2974 0.4846 -0.8226
vn 0.6921 -0.0364 0.7209
vn -0.2584 -0.2679 0.9282
vn -0.6136 0.6156 0.4946
vn 0.3973 0.8463 0.3549
vn 0.9416 0.2030 -0.2688
vn -0.3008 0.8527 -0.4271
vn 0.2584 0.2679 -0.9282
vn 0.5532 -0.6148 -0.5622
vn -0.6921 0.0364 -0.7209
vn -0.3973 -0.8463 -0.3549
vn 0.2874 -0.9085 0.3032
vn -0.9550 -0.2589 0.1449
vn 0.8724 -0.4858 0.0536
vn -0.7076 -0.1238 0.6956
vn -0.3623 -0.8257 -0.4323
vn -0.6290 0.5115 -0.5855
vn 0.3623 0.8257 0.4323
vn 0.6810 0.0066 -0.7323
vn 0.1532 0.1183 0.9811
vn -0.5498 0.7660 0.3332
vn 0.9681 0.1875 0.1660
vn 0.2652 0.8351 -0.4819
vn 0.5498 -0.7660 -0.3332
vn -0.2652 -0.8352 0.4819
vn 0.6867 0.1872 0.7024
vn -0.2428 0.5415 0.8049
vn -0.1742 0.9805 -0.0910
vn -0.1743 0.9805 -0.0910
vn 0.7553 0.6262 -0.1934
vn 0.9026 -0.4098 -0.1317
vn 0.0459 0.3867 -0.9211
vn 0.1742 -0.9805 0.0910
vn 0.4319 -0.6975 -0.5718
vn -0.0932 -0.4943 0.8643
vn -0.9503 0.3022 0.0753
vn 0.5842 -0.6129 0.5321
vn -0.7394 0.3365 0.5831
vn -0.7413 0.3306 0.5842
vn -0.7437 0.3270 0.5831
vn 0.4051 0.8704 -0.2798
vn 0.4056 0.8701 -0.2799
vn -0.7321 -0.3364 0.5924
vn 0.1647 0.9784 0.1248
vn -0.6070 0.5980 0.5234
vn -0.8703 0.4871 -0.0726
vn 0.3027 0.6868 0.6608
vn -0.2341 0.7253 0.6474
vn -0.1215 -0.4802 0.8687
vn 0.8554 -0.0590 0.5146
vn 0.1215 0.4802 -0.8687
vn -0.9148 -0.0129 -0.4038
vn -0.8942 -0.3573 0.2697
vn 0.9639 0.2611 -0.0516
vn 0.8682 0.4906 0.0747
vn -0.5805 0.6243 0.5228
vn 0.1390 -0.3955 0.9079
vn -0.5579 0.7145 0.4222
vn -0.5399 0.3137 0.7811
vn -0.9275 -0.3128 -0.2049
vn -0.5168 0.6830 -0.5162
vn 0.9275 0.3128 0.2049
vn 0.3970 -0.7640 0.5087
vn -0.3180 -0.8990 0.3010
vn 0.0887 0.9143 -0.3951
vn -0.0044 0.9897 -0.1432
vn -0.4309 -0.0317 0.9018
vn 0.0456 0.2978 -0.9535
vn 0.8453 0.0244 -0.5337
vn -0.6647 0.3302 -0.6702
vn -0.1630 -0.9395 -0.3012
vn 0.1630 0.9395 0.3012
vn 0.9856 -0.1692 -0.0057
vn -0.9856 0.1692 0.0057
vn -0.1486 0.3252 -0.9339
vn -0.0456 -0.2978 0.9535
vn 0.5536 0.4431 0.7051
vn 0.9325 0.3278 -0.1514
vn -0.1401 0.2436 0.9597
vn 0.3585 -0.8910 0.2785
vn -0.3585 0.8910 -0.2785
vn 0.7517 0.0986 -0.6521
vn -0.7517 -0.0986 0.6521
vn 0.3954 0.4152 0.8193
vn -0.5536 -0.4431 -0.7051
vn 0.7480 0.3535 -0.5617
vn -0.7480 -0.3535 0.5617
vn 0.5979 0.0085 0.8015
vn -0.6190 0.0662 -0.7826
vn -0.9556 -0.2672 -0.1240
vn 0.6121 0.7890 0.0538
vn -0.7453 0.3308 0.5788
vn -0.5574 0.7940 -0.2426
vn -0.2687 0.9315 0.2451
vn -0.2668 0.9319 0.2458
vn -0.2687 0.9315 0.2450
vn -0.2709 0.9321 0.2405
vn 0.6174 -0.7620 -0.1954
vn 0.6980 -0.7028 -0.1377
vn 0.7693 -0.6340 -0.0780
vn 0.4236 0.0819 -0.9021
vn 0.7616 0.0455 -0.6464
vn 0.7570 0.0759 -0.6489
vn 0.7501 0.0929 -0.6548
vn 0.2301 -0.9184 -0.3219
vn 0.1034 -0.9625 -0.2510
vn 0.2498 -0.9131 -0.3221
vn 0.4839 -0.8671 -0.1184
vn 0.7530 0.0112 -0.6579
vn 0.7692 0.0442 -0.6375
vn 0.2627 -0.8807 -0.3942
vn 0.2707 -0.8718 -0.4083
vn 0.0317 -0.5914 -0.8058
vn 0.0139 -0.5311 -0.8472
vn 0.0535 -0.6614 -0.7481
vn 0.9334 -0.0864 -0.3482
vn -0.2955 -0.7377 -0.6071
vn 0.3944 -0.8169 -0.4208
vn 0.3955 -0.8121 -0.4291
vn 0.4185 -0.8097 -0.4112
vn 0.3897 -0.8143 -0.4301
vn 0.3856 -0.8225 -0.4181
vn -0.5827 -0.7951 0.1681
vn 0.5694 -0.3961 0.7203
vn 0.1738 -0.6769 0.7153
vn -0.4761 0.5702 0.6694
vn -0.7034 -0.1265 -0.6994
vn 0.6645 0.5909 -0.4575
vn -0.7352 -0.5990 -0.3172
vn -0.8543 0.4560 -0.2494
vn 0.3059 0.3348 -0.8912
vn 0.9512 0.3042 -0.0511
vn 0.2892 -0.0749 0.9543
vn -0.1509 -0.2558 0.9549
vn 0.9300 0.3609 -0.0703
vn 0.2527 0.5043 -0.8257
vn 0.4062 0.8701 -0.2791
vn 0.9325 0.1761 -0.3153
vn 0.8017 0.5911 -0.0881
vn 0.8692 -0.1745 -0.4627
vn 0.8667 0.4820 -0.1289
vn 0.8950 -0.4187 -0.1538
vn 0.9115 0.0584 0.4071
vn 0.9711 -0.1886 0.1461
vn 0.8518 0.1182 0.5103
vn 0.5264 -0.4757 0.7047
vn -0.0163 0.1148 0.9932
vn 0.6396 -0.6494 0.4114
vn 0.4985 -0.3716 0.7832
vn 0.6729 -0.7397 -0.0000
vn 0.0210 -0.9725 0.2319
vn -0.2796 -0.7702 0.5733
vn 0.2558 -0.9578 -0.1311
vn -0.1838 -0.8411 0.5086
vn -0.4890 -0.2750 0.8278
vn -0.7366 -0.6734 0.0636
vn -0.0172 -0.9000 -0.4356
vn -0.6746 -0.7372 -0.0388
vn -0.9194 -0.1838 0.3477
vn -0.4034 -0.8826 -0.2414
vn -0.0519 -0.5862 -0.8085
vn -0.7084 -0.2142 -0.6726
vn -0.9488 0.3124 -0.0469
vn -0.4403 -0.4207 -0.7932
vn -0.7691 -0.1031 -0.6308
vn -0.0546 0.0287 -0.9981
vn -0.3679 0.3765 -0.8502
vn 0.1854 -0.2684 -0.9453
vn -0.2708 0.3088 -0.9118
vn 0.4577 0.2767 -0.8450
vn 0.2965 0.6981 -0.6517
vn 0.5284 -0.1023 -0.8428
vn 0.3243 0.5969 -0.7339
vn -0.5912 0.5962 -0.5432
vn -0.8418 0.5123 0.1700
vn 0.1849 0.9766 0.1097
vn 0.1976 0.4392 -0.8764
vn -0.5975 0.7585 0.2602
vn 0.9278 0.1150 0.3550
vn -0.1442 0.8142 -0.5624
vn -0.1434 -0.9534 -0.2654
vn -0.8016 0.5950 0.0586
vn -0.7393 0.0400 -0.6722
vn 0.1806 -0.2953 -0.9382
vn 0.7848 -0.6097 0.1114
vn 0.8833 0.3337 -0.3293
vn 0.5057 0.7344 0.4527
vn -0.4899 0.6787 -0.5471
vn -0.7508 -0.5034 0.4277
vn -0.5387 0.2040 -0.8174
vn 0.7518 0.3750 -0.5424
vn 0.5713 -0.3382 0.7478
vn -0.6637 0.2891 0.6899
vn -0.4551 0.5759 -0.6791
vn 0.4523 0.6094 0.6511
vn 0.6864 -0.5654 -0.4573
vn -0.2054 -0.2776 0.9385
vn 0.6909 -0.1166 0.7135
vn 0.9408 -0.3351 0.0513
vn 0.3596 -0.0398 -0.9322
vn 0.0571 0.9469 -0.3165
vn -0.7903 0.6127 0.0079
vn 0.2225 0.2776 0.9346
vn -0.5926 -0.7660 -0.2492
vn -0.5401 -0.8360 0.0969
vn 0.8373 -0.3714 0.4012
vn 0.5505 0.7923 -0.2632
vn -0.7871 0.3092 -0.5337
vn -0.9993 0.0370 -0.0075
vn 0.9866 -0.1358 0.0900
vn 0.2225 0.2324 0.9468
vn -0.2364 -0.3721 0.8976
vn -0.6852 0.5657 0.4588
vn 0.5332 0.8198 0.2091
vn -0.7276 -0.1129 0.6766
vn 0.7009 -0.0042 -0.7132
vn -0.5092 -0.7774 0.3694
vn 0.1743 -0.9805 0.0910
vn -0.7062 -0.3035 0.6396
vn 0.6391 0.5962 -0.4858
vn -0.3845 -0.8371 0.3892
vn -0.9699 -0.1285 -0.2067
vn 0.4589 0.7488 0.4782
vn 0.1857 -0.8607 0.4740
vn -0.3682 0.8595 0.3545
vn -0.9604 -0.1871 -0.2063
vn -0.7477 0.3272 0.5778
vn -0.2678 0.9351 0.2320
vn -0.2718 0.9353 0.2266
vn 0.5420 -0.8046 -0.2427
vn 0.0575 -0.9701 -0.2357
vn 0.7440 -0.0062 -0.6682
vn -0.0107 -0.4428 -0.8965
vn 0.3850 -0.7995 -0.4611
vt 0.171973 0.525509
vt 0.123271 0.470458
vt 0.172144 0.469481
vt 0.329048 0.559029
vt 0.269769 0.473003
vt 0.323413 0.469622
vt 0.224429 0.536019
vt 0.271784 0.555717
vt 0.171578 0.656843
vt 0.106282 0.592595
vt 0.171766 0.593801
vt 0.074500 0.472413
vt 0.014702 0.558079
vt 0.020877 0.468708
vt 0.125000 0.930227
vt 0.075188 0.848003
vt 0.125000 0.848094
vt 0.118558 0.132190
vt 0.128554 0.179315
vt 0.084127 0.157401
vt 0.119454 0.535702
vt 0.071980 0.555113
vt 0.178317 0.661080
vt 0.208858 0.690885
vt 0.178317 0.698336
vt 0.191748 0.987956
vt 0.192024 0.935909
vt 0.236681 0.952358
vt 0.221859 0.132190
vt 0.259325 0.156810
vt 0.215194 0.179315
vt 0.237257 0.592990
vt 0.075016 0.661080
vt 0.071683 0.698336
vt 0.041227 0.690545
vt 0.058252 0.987956
vt 0.013319 0.952358
vt 0.057976 0.935909
vt 0.075883 0.082205
vt 0.118558 0.082205
vt 0.042543 0.613558
vt 0.205958 0.781989
vt 0.171652 0.781644
vt 0.125000 0.698336
vt 0.125000 0.661080
vt 0.125000 0.982481
vt 0.044042 0.781989
vt 0.078348 0.781644
vt 0.221859 0.082205
vt 0.266690 0.132190
vt 0.300872 0.614338
vt 0.244949 0.645904
vt 0.263355 0.262163
vt 0.218526 0.262623
vt 0.171874 0.132190
vt 0.171874 0.179315
vt 0.171874 0.082205
vt 0.044107 0.843803
vt 0.012944 0.920851
vt 0.205893 0.843803
vt 0.237056 0.920851
vt 0.257957 0.283956
vt 0.218526 0.288649
vt 0.125000 0.807670
vt 0.125000 0.781644
vt 0.254571 0.305310
vt 0.218526 0.355295
vt 0.085792 0.283956
vt 0.125222 0.262623
vt 0.125222 0.288649
vt 0.204260 0.792310
vt 0.171652 0.807670
vt 0.859375 0.281250
vt 0.885106 0.256635
vt 0.891894 0.281971
vt 0.878070 0.544687
vt 0.829942 0.566924
vt 0.839826 0.536375
vt 0.877139 0.631101
vt 0.823645 0.598114
vt 0.877260 0.602341
vt 0.873976 0.447406
vt 0.934594 0.467677
vt 0.874324 0.491775
vt 0.878927 0.507119
vt 0.854765 0.501683
vt 0.877556 0.574516
vt 0.877239 0.666695
vt 0.821219 0.629738
vt 0.875000 0.406250
vt 0.903699 0.436254
vt 0.834141 0.487652
vt 0.773209 0.547252
vt 0.762023 0.666908
vt 0.754270 0.625547
vt 0.915413 0.407135
vt 0.883990 0.306981
vt 0.798480 0.513179
vt 0.760116 0.585778
vt 0.960087 0.407618
vt 0.979095 0.786317
vt 0.911469 0.770080
vt 0.963302 0.747280
vt 0.976809 0.872950
vt 0.919466 0.830703
vt 0.985192 0.827584
vt 0.904686 0.378021
vt 0.858654 0.313769
vt 0.902563 0.739887
vt 0.936872 0.715119
vt 0.917002 0.800032
vt 0.935899 0.346311
vt 0.902196 0.689550
vt 0.881474 0.703189
vt 0.833644 0.305865
vt 0.859375 0.775217
vt 0.859375 0.746487
vt 0.859375 0.833482
vt 0.859375 0.804002
vt 0.876024 0.365094
vt 0.875676 0.320725
vt 0.859375 0.711581
vt 0.915262 0.870591
vt 0.801748 0.800032
vt 0.815406 0.344823
vt 0.837276 0.703189
vt 0.807280 0.770080
vt 0.803488 0.870591
vt 0.799284 0.830703
vt 0.846301 0.376246
vt 0.826856 0.280529
vt 0.816186 0.739887
vt 0.816554 0.689550
vt 0.739655 0.786317
vt 0.755447 0.747280
vt 0.741941 0.872950
vt 0.733558 0.827584
vt 0.834587 0.405365
vt 0.834760 0.255519
vt 0.781878 0.715119
vt 0.789913 0.404882
vt 0.985902 0.668598
vt 0.931328 0.630590
vt 0.995730 0.628312
vt 0.845314 0.434479
vt 0.860096 0.248731
vt 0.958042 0.517210
vt 0.924813 0.568681
vt 0.916343 0.538099
vt 0.929860 0.599530
vt 0.991899 0.589902
vt 0.814101 0.466189
vt 0.924285 0.490207
vt 0.903231 0.502984
vt 0.981025 0.551821
vt 0.583817 0.819153
vt 0.525097 0.898741
vt 0.563570 0.808626
vt 0.628063 0.806345
vt 0.654283 0.767989
vt 0.660350 0.800277
vt 0.617358 0.920610
vt 0.599032 0.823030
vt 0.621253 0.825686
vt 0.654936 0.986696
vt 0.680806 0.942579
vt 0.689993 0.977463
vt 0.642322 0.920880
vt 0.659977 0.821184
vt 0.678207 0.917205
vt 0.503995 0.889049
vt 0.506153 0.912170
vt 0.558421 0.910405
vt 0.582191 0.915969
vt 0.564827 0.936598
vt 0.703061 0.911928
vt 0.695204 0.936090
vt 0.629540 0.948432
vt 0.548693 0.797289
vt 0.569057 0.790797
vt 0.596143 0.803693
vt 0.676036 0.814794
vt 0.636957 0.824580
vt 0.738224 0.900922
vt 0.710843 0.936791
vt 0.516849 0.922305
vt 0.578566 0.943435
vt 0.645187 0.951779
vt 0.686312 0.780446
vt 0.699604 0.799854
vt 0.470058 0.299152
vt 0.452611 0.418960
vt 0.442364 0.305175
vt 0.326228 0.305757
vt 0.276172 0.426432
vt 0.298318 0.300836
vt 0.432974 0.462553
vt 0.485991 0.461930
vt 0.463692 0.498123
vt 0.430355 0.408611
vt 0.394382 0.310892
vt 0.422638 0.308709
vt 0.382064 0.410332
vt 0.346066 0.308594
vt 0.374347 0.310429
vt 0.429441 0.289859
vt 0.444161 0.437132
vt 0.384765 0.293310
vt 0.391388 0.440615
vt 0.402099 0.410794
vt 0.474849 0.279693
vt 0.489305 0.293572
vt 0.520027 0.435520
vt 0.486323 0.427222
vt 0.524818 0.416061
vt 0.338604 0.289995
vt 0.328740 0.450756
vt 0.318037 0.433814
vt 0.349490 0.437647
vt 0.421095 0.288729
vt 0.392838 0.290911
vt 0.404539 0.442386
vt 0.432796 0.440203
vt 0.375645 0.290432
vt 0.347364 0.288596
vt 0.389416 0.441153
vt 0.329708 0.286022
vt 0.301797 0.281100
vt 0.272692 0.446167
vt 0.314557 0.453549
vt 0.465799 0.279570
vt 0.438105 0.285593
vt 0.447841 0.438424
vt 0.459775 0.251877
vt 0.432082 0.257900
vt 0.475275 0.183301
vt 0.460812 0.049200
vt 0.480066 0.050836
vt 0.530222 0.182420
vt 0.498554 0.038345
vt 0.517862 0.037557
vt 0.438530 0.235355
vt 0.473347 0.205992
vt 0.470620 0.238082
vt 0.420670 0.177159
vt 0.425798 0.029735
vt 0.444696 0.033769
vt 0.367227 0.164359
vt 0.386542 0.030870
vt 0.404785 0.037239
vt 0.462714 0.036459
vt 0.443185 0.180575
vt 0.428969 0.198365
vt 0.408252 0.024832
vt 0.372938 0.186404
vt 0.389174 0.170435
vt 0.480340 0.037957
vt 0.486285 0.203235
vt 0.498043 0.183733
vt 0.391551 0.019001
vt 0.374766 0.011918
vt 0.318631 0.167443
vt 0.315861 0.144840
vt 0.336821 0.153743
vt 0.448499 0.015952
vt 0.429602 0.011918
vt 0.384420 0.192706
vt 0.415915 0.199430
vt 0.409032 0.025077
vt 0.390788 0.018708
vt 0.329315 0.175243
vt 0.359721 0.185859
vt 0.517119 0.019354
vt 0.497811 0.020142
vt 0.498972 0.206487
vt 0.531151 0.205173
vt 0.481156 0.038000
vt 0.461902 0.036364
vt 0.441257 0.203266
vt 0.482792 0.018746
vt 0.463538 0.017110
vt 0.592442 0.299152
vt 0.609889 0.418960
vt 0.576177 0.427222
vt 0.736272 0.305757
vt 0.786328 0.426432
vt 0.744463 0.433814
vt 0.576508 0.461930
vt 0.629526 0.462553
vt 0.598808 0.498123
vt 0.668118 0.310892
vt 0.632145 0.408611
vt 0.639862 0.308709
vt 0.716434 0.308594
vt 0.680436 0.410332
vt 0.688153 0.310429
vt 0.633059 0.289859
vt 0.620136 0.305175
vt 0.618339 0.437132
vt 0.677735 0.293310
vt 0.671112 0.440615
vt 0.660401 0.410794
vt 0.587651 0.279693
vt 0.573195 0.293572
vt 0.542473 0.435520
vt 0.537682 0.416061
vt 0.723896 0.289995
vt 0.733760 0.450756
vt 0.713010 0.437647
vt 0.641405 0.288729
vt 0.669662 0.290911
vt 0.657961 0.442386
vt 0.629704 0.440203
vt 0.686855 0.290432
vt 0.715136 0.288596
vt 0.673084 0.441153
vt 0.715157 0.462097
vt 0.764182 0.300836
vt 0.732792 0.286022
vt 0.760703 0.281100
vt 0.789808 0.446167
vt 0.747943 0.453549
vt 0.596701 0.279570
vt 0.624395 0.285593
vt 0.614659 0.438424
vt 0.602725 0.251877
vt 0.630418 0.257900
vt 0.601688 0.049200
vt 0.587225 0.183301
vt 0.582434 0.050836
vt 0.563946 0.038345
vt 0.532278 0.182420
vt 0.544638 0.037557
vt 0.589153 0.205992
vt 0.623970 0.235355
vt 0.591880 0.238082
vt 0.636702 0.029735
vt 0.641830 0.177159
vt 0.617804 0.033769
vt 0.675958 0.030870
vt 0.695273 0.164359
vt 0.657715 0.037239
vt 0.599786 0.036459
vt 0.619315 0.180575
vt 0.633531 0.198365
vt 0.654248 0.024832
vt 0.689562 0.186404
vt 0.673326 0.170435
vt 0.582160 0.037957
vt 0.576215 0.203235
vt 0.564457 0.183733
vt 0.670949 0.019001
vt 0.687734 0.011918
vt 0.743869 0.167443
vt 0.725679 0.153743
vt 0.746639 0.144840
vt 0.614001 0.015952
vt 0.632898 0.011918
vt 0.678080 0.192706
vt 0.646585 0.199430
vt 0.653468 0.025077
vt 0.671712 0.018708
vt 0.733185 0.175243
vt 0.702779 0.185859
vt 0.545381 0.019354
vt 0.564689 0.020142
vt 0.563528 0.206487
vt 0.531349 0.205173
vt 0.581344 0.038000
vt 0.600598 0.036364
vt 0.621243 0.203266
vt 0.579708 0.018746
vt 0.598962 0.017110
vt 0.591894 0.553935
vt 0.596099 0.670420
vt 0.565221 0.670324
vt 0.661891 0.539884
vt 0.707992 0.517253
vt 0.696257 0.551619
vt 0.646241 0.672498
vt 0.630187 0.559218
vt 0.651158 0.561710
vt 0.654725 0.743741
vt 0.700126 0.699822
vt 0.699385 0.744482
vt 0.665705 0.672505
vt 0.688747 0.564166
vt 0.692970 0.674751
vt 0.539183 0.673586
vt 0.560483 0.699517
vt 0.618158 0.670318
vt 0.607549 0.698030
vt 0.713187 0.675663
vt 0.655466 0.699081
vt 0.573927 0.543921
vt 0.589433 0.539480
vt 0.616127 0.558247
vt 0.623226 0.538650
vt 0.705802 0.561815
vt 0.665411 0.562671
vt 0.750343 0.684231
vt 0.722704 0.536890
vt 0.729700 0.551184
vt 0.475035 0.896805
vt 0.416687 0.817484
vt 0.437045 0.807124
vt 0.346512 0.765393
vt 0.372610 0.804000
vt 0.340258 0.797746
vt 0.401378 0.820931
vt 0.382942 0.918473
vt 0.379264 0.823404
vt 0.319277 0.940305
vt 0.345072 0.984607
vt 0.309960 0.975243
vt 0.340539 0.818708
vt 0.357920 0.918673
vt 0.321961 0.914878
vt 0.496029 0.887246
vt 0.493811 0.910207
vt 0.441924 0.908287
vt 0.435599 0.934449
vt 0.418212 0.913904
vt 0.297065 0.909509
vt 0.304863 0.933754
vt 0.370652 0.946324
vt 0.451921 0.795947
vt 0.431753 0.789299
vt 0.404595 0.801781
vt 0.324470 0.812241
vt 0.363577 0.822212
vt 0.289184 0.934408
vt 0.261852 0.898364
vt 0.483153 0.920218
vt 0.421781 0.941450
vt 0.314297 0.777763
vt 0.300897 0.797177
vt 0.472674 0.553515
vt 0.466172 0.670436
vt 0.448840 0.557628
vt 0.358037 0.516687
vt 0.403337 0.539790
vt 0.369135 0.550888
vt 0.434818 0.558888
vt 0.417463 0.671612
vt 0.413919 0.561328
vt 0.361463 0.698698
vt 0.407013 0.744411
vt 0.361381 0.744329
vt 0.376363 0.563519
vt 0.396244 0.671469
vt 0.369115 0.673465
vt 0.524341 0.674079
vt 0.501864 0.699979
vt 0.497190 0.670430
vt 0.455226 0.697701
vt 0.445687 0.670282
vt 0.348855 0.673975
vt 0.407094 0.698780
vt 0.489563 0.544288
vt 0.475118 0.539766
vt 0.441734 0.538362
vt 0.359414 0.560790
vt 0.399780 0.562448
vt 0.311436 0.681605
vt 0.343237 0.535559
vt 0.335902 0.549582
vt 0.171874 0.262623
vt 0.078348 0.807670
vt 0.174812 0.848003
vt 0.221010 0.470753
vt 0.931835 0.183848
vt 0.936637 0.138592
vt 0.957238 0.215476
vt 0.927027 0.159369
vt 0.909654 0.133395
vt 0.886954 0.200037
vt 0.913576 0.184854
vt 0.913520 0.254361
vt 0.935769 0.253661
vt 0.860426 0.091102
vt 0.899525 0.125463
vt 0.879538 0.124938
vt 0.936353 0.272201
vt 0.914104 0.272902
vt 0.896707 0.262583
vt 0.870141 0.208259
vt 0.913985 0.110910
vt 0.940968 0.116107
vt 0.951589 0.134586
vt 0.972190 0.211470
vt 0.973609 0.224681
vt 0.952140 0.262865
vt 0.870996 0.194601
vt 0.893696 0.127959
vt 0.914034 0.159456
vt 0.882600 0.008348
vt 0.920824 0.076021
vt 0.782113 0.138592
vt 0.786915 0.183848
vt 0.761512 0.215477
vt 0.809096 0.133395
vt 0.791723 0.159369
vt 0.831796 0.200037
vt 0.805230 0.254361
vt 0.805174 0.184854
vt 0.782981 0.253661
vt 0.858324 0.091102
vt 0.819225 0.125463
vt 0.797926 0.076021
vt 0.782397 0.272201
vt 0.804646 0.272902
vt 0.822043 0.262583
vt 0.848609 0.208259
vt 0.804765 0.110910
vt 0.777782 0.116107
vt 0.767161 0.134585
vt 0.746560 0.211470
vt 0.745141 0.224681
vt 0.766610 0.262865
vt 0.847754 0.194601
vt 0.825054 0.127959
vt 0.804716 0.159456
vt 0.836150 0.008348
vt 0.816163 0.008873
vt 0.857453 0.895108
vt 0.834384 0.895108
vt 0.826694 0.906642
vt 0.868987 0.906642
vt 0.826694 0.937401
vt 0.868987 0.937401
vt 0.838228 0.941246
vt 0.826694 0.941246
vt 0.872832 0.914332
vt 0.892056 0.918177
vt 0.872832 0.925866
vt 0.892056 0.925866
vt 0.826694 0.979694
vt 0.838228 0.979694
vt 0.853608 0.941246
vt 0.842073 0.941246
vt 0.842073 0.979694
vt 0.853608 0.979694
vt 0.868987 0.941246
vt 0.857453 0.941246
vt 0.857453 0.979694
vt 0.868987 0.979694
vt 0.978116 0.895306
vt 0.955047 0.895306
vt 0.985806 0.906841
vt 0.943513 0.906841
vt 0.985806 0.937599
vt 0.943513 0.937599
vt 0.985806 0.941444
vt 0.974272 0.941444
vt 0.920444 0.918375
vt 0.939668 0.914530
vt 0.939668 0.926065
vt 0.920444 0.926065
vt 0.985806 0.979892
vt 0.974271 0.979892
vt 0.970427 0.941444
vt 0.958892 0.941444
vt 0.970427 0.979892
vt 0.958892 0.979892
vt 0.955047 0.941444
vt 0.943513 0.941444
vt 0.955047 0.979892
vt 0.943513 0.979892
vt 0.313333 0.262987
vt 0.264729 0.178800
vt 0.314707 0.179624
vt 0.080395 0.262029
vt 0.029043 0.179491
vt 0.079021 0.178667
vt 0.045740 0.792310
vt 0.171874 0.288649
vt 0.089178 0.305310
vt 0.125222 0.355295
vt 0.089178 0.355295
vt 0.171874 0.355295
vt 0.258261 0.428276
vt 0.222142 0.374707
vt 0.258703 0.375010
vt 0.203680 0.835893
vt 0.171456 0.824544
vt 0.122879 0.445430
vt 0.172218 0.444951
vt 0.262059 0.446607
vt 0.221554 0.445728
vt 0.078544 0.824545
vt 0.125000 0.824607
vt 0.086278 0.427757
vt 0.122719 0.374407
vt 0.046320 0.835893
vt 0.082368 0.446065
vt 0.172431 0.374407
vt 0.098275 0.645461
vt 0.075883 0.132190
vt 0.209751 0.698701
vt 0.040249 0.698701
vt 0.266690 0.082205
vt 0.254571 0.355295
vt 0.820367 0.668598
vt 0.859375 0.867625
vt 0.930940 0.664137
vt 0.621995 0.774057
vt 0.746005 0.925786
vt 0.549386 0.936459
vt 0.613431 0.950870
vt 0.347343 0.462097
vt 0.673626 0.505518
vt 0.740954 0.713101
vt 0.378865 0.771648
vt 0.354952 0.949636
vt 0.253971 0.923263
vt 0.450816 0.934174
vt 0.386808 0.948822
vt 0.392239 0.505589
vt 0.320054 0.710886
vt 0.902587 0.008873
vt 0.839212 0.124938
vt 0.030417 0.262853
vt 0.086158 0.374489
s 1
f 1592/1873/1300 1310/1874/1300 1594/1875/1300
f 1333/1876/1301 1303/1877/1301 1306/1878/1301
f 1327/1879/1302 1303/1877/1302 1328/1880/1302
f 1587/1881/1303 1315/1882/1303 1591/1883/1303
f 1309/1884/1304 1322/1885/1304 1307/1886/1304
f 1588/1887/1305 1305/1888/1305 1593/1889/1305
f 1311/1890/1306 1312/1891/1306 1313/1892/1306
f 1314/1893/1307 1315/1882/1307 1316/1894/1307
f 1317/1895/1308 1318/1896/1308 1319/1897/1308
f 1320/1898/1309 1321/1899/1309 1322/1900/1309
f 1323/1901/1310 1324/1902/1310 1325/1903/1310
f 1326/1904/1311 1327/1879/1311 1328/1880/1311
f 1329/1905/1312 1330/1906/1312 1331/1907/1312
f 1332/1908/1313 1333/1909/1313 1334/1910/1313
f 1311/1890/1314 1318/1911/1314 1317/1912/1314
f 1314/1893/1315 1309/1884/1315 1310/1874/1315
f 1315/1882/1316 1322/1913/1316 1316/1894/1316
f 1319/1897/1317 1717/1914/1317 1720/1915/1317
f 1317/1895/1318 1586/1916/1318 1585/1917/1318
f 1587/1918/1319 1334/1910/1319 1588/1887/1319
f 1721/1919/1320 1330/1906/1320 1715/1920/1320
f 1329/1921/1321 1324/1922/1321 1323/1901/1321
f 1326/1904/1322 1333/1923/1322 1332/1924/1322
f 1325/1903/1323 1718/1925/1323 1722/1926/1323
f 1589/1927/1324 1325/1903/1324 1590/1928/1324
f 1591/1883/1325 1314/1893/1325 1592/1873/1325
f 1329/1921/1326 1589/1927/1326 1585/1929/1326
f 1306/1930/1327 1334/1910/1327 1333/1931/1327
f 1321/1899/1328 1307/1932/1328 1322/1933/1328
f 1722/1926/1329 1718/1934/1329 1728/1935/1329
f 1720/1915/1330 1732/1936/1331 1724/1937/1331
f 1718/1938/1332 1725/1939/1332 1728/1935/1332
f 1719/1940/1333 1716/1941/1333 1726/1942/1333
f 1720/1915/1334 1717/1943/1334 1727/1944/1334
f 1384/1945/1335 1392/1946/1335 1341/1947/1335
f 1391/1948/1336 1339/1949/1336 1340/1950/1336
f 1388/1951/1337 1338/1952/1337 1389/1953/1337
f 1386/1954/1338 1336/1955/1338 1387/1956/1338
f 1392/1957/1339 1340/1950/1339 1341/1958/1339
f 1390/1959/1340 1338/1952/1341 1339/1949/1342
f 1387/1960/1343 1337/1961/1343 1388/1951/1343
f 1386/1954/1344 1385/1962/1344 1335/1963/1344
f 1340/1950/1345 1348/1964/1345 1341/1958/1345
f 1338/1952/1346 1346/1965/1347 1339/1949/1348
f 1337/1961/1349 1343/1966/1349 1344/1967/1349
f 1335/1963/1350 1385/1962/1350 1342/1968/1350
f 1384/1945/1351 1341/1947/1351 1348/1969/1351
f 1339/1949/1352 1347/1970/1352 1340/1950/1352
f 1338/1952/1353 1344/1967/1353 1345/1971/1353
f 1335/1963/1354 1343/1972/1354 1336/1955/1354
f 1345/1973/1355 1353/1974/1356 1346/1975/1357
f 1343/1976/1358 1351/1977/1358 1344/1978/1358
f 1342/1968/1359 1385/1962/1359 1349/1979/1359
f 1384/1945/1360 1348/1969/1360 1355/1980/1360
f 1346/1975/1361 1354/1981/1361 1347/1982/1361
f 1344/1978/1362 1352/1983/1362 1345/1973/1362
f 1342/1968/1363 1350/1984/1363 1343/1972/1363
f 1348/1985/1364 1354/1981/1364 1355/1986/1364
f 1384/1945/1365 1355/1980/1365 1362/1987/1365
f 1354/1981/1366 1360/1988/1367 1361/1989/1368
f 1352/1983/1369 1358/1990/1369 1359/1991/1369
f 1350/1984/1370 1356/1992/1370 1357/1993/1370
f 1355/1986/1371 1361/1989/1371 1362/1994/1371
f 1353/1974/1372 1359/1991/1373 1360/1988/1374
f 1350/1995/1375 1358/1990/1375 1351/1977/1375
f 1349/1979/1376 1385/1962/1376 1356/1992/1376
f 1358/1990/1377 1366/1996/1377 1359/1991/1377
f 1356/1992/1378 1364/1997/1378 1357/1993/1378
f 1361/1989/1379 1369/1998/1379 1362/1994/1379
f 1359/1991/1380 1367/1999/1381 1360/1988/1382
f 1358/1990/1383 1364/2000/1383 1365/2001/1383
f 1356/1992/1384 1385/1962/1384 1363/2002/1384
f 1384/1945/1385 1362/1987/1385 1369/2003/1385
f 1360/1988/1386 1368/2004/1387 1361/1989/1388
f 1368/2004/1389 1376/2005/1389 1369/1998/1389
f 1367/1999/1390 1373/2006/1391 1374/2007/1392
f 1365/2001/1393 1371/2008/1393 1372/2009/1393
f 1363/2002/1394 1385/1962/1394 1370/2010/1394
f 1384/1945/1395 1369/2003/1395 1376/2011/1395
f 1368/2004/1396 1374/2007/1396 1375/2012/1396
f 1366/1996/1397 1372/2009/1397 1373/2006/1397
f 1363/2002/1398 1371/2013/1398 1364/1997/1398
f 1371/2014/1399 1379/2015/1399 1372/2016/1399
f 1370/2010/1400 1385/1962/1400 1377/2017/1400
f 1384/1945/1401 1376/2011/1401 1383/2018/1401
f 1375/2019/1402 1381/2020/1402 1382/2021/1402
f 1372/2016/1403 1380/2022/1403 1373/2023/1403
f 1370/2010/1404 1378/2024/1404 1371/2013/1404
f 1376/2025/1405 1382/2021/1405 1383/2026/1405
f 1374/2027/1406 1380/2022/1407 1381/2020/1408
f 1384/1945/1409 1383/2018/1409 1392/1946/1409
f 1381/2020/1410 1391/1948/1410 1382/2021/1410
f 1380/2022/1411 1388/1951/1411 1389/1953/1411
f 1378/2024/1412 1386/1954/1412 1387/1956/1412
f 1382/2021/1413 1392/1957/1413 1383/2026/1413
f 1380/2022/1414 1390/1959/1415 1381/2020/1416
f 1379/2015/1417 1387/1960/1417 1388/1951/1417
f 1377/2017/1418 1385/1962/1418 1386/1954/1418
f 1409/2028/1419 1394/2029/1419 1407/2030/1419
f 1415/2031/1420 1406/2032/1420 1413/2033/1420
f 1402/2034/1421 1408/2035/1421 1414/2036/1421
f 1398/2037/1422 1400/2038/1422 1395/2039/1422
f 1403/2040/1423 1412/2041/1423 1401/2042/1423
f 1393/2043/1424 1394/2029/1424 1395/2044/1424
f 1396/2045/1425 1397/2046/1425 1398/2047/1425
f 1399/2048/1426 1400/2049/1426 1401/2042/1426
f 1402/2034/1427 1403/2040/1427 1404/2050/1427
f 1405/2051/1428 1406/2052/1428 1407/2030/1428
f 1408/2035/1429 1409/2028/1429 1410/2053/1429
f 1411/2054/1430 1412/2041/1430 1413/2033/1430
f 1414/2036/1431 1415/2031/1431 1416/2055/1431
f 1393/2056/1432 1400/2057/1432 1399/2048/1432
f 1396/2045/1433 1395/2058/1433 1394/2029/1433
f 1402/2034/1434 1398/2059/1434 1397/2046/1434
f 1403/2040/1435 1400/2038/1435 1404/2060/1435
f 1411/2054/1436 1401/2042/1436 1412/2041/1436
f 1414/2036/1437 1403/2040/1437 1402/2034/1437
f 1413/2033/1438 1416/2055/1438 1415/2031/1438
f 1411/2054/1439 1406/2061/1439 1405/2062/1439
f 1408/2035/1440 1415/2031/1440 1414/2036/1440
f 1407/2030/1441 1410/2053/1441 1409/2028/1441
f 1405/2051/1442 1394/2029/1442 1393/2043/1442
f 1397/2046/1443 1409/2028/1443 1408/2035/1443
f 1411/2054/1444 1393/2056/1444 1399/2048/1444
f 1431/2063/1445 1420/2064/1445 1418/2065/1445
f 1437/2066/1446 1434/2067/1447 1430/2068/1448
f 1426/2069/1449 1432/2070/1450 1438/2071/1451
f 1422/2072/1452 1424/2073/1452 1419/2074/1452
f 1427/2075/1453 1436/2076/1453 1425/2077/1453
f 1417/2078/1454 1418/2065/1454 1419/2074/1454
f 1420/2064/1455 1421/2079/1455 1422/2072/1455
f 1423/2080/1456 1424/2073/1456 1425/2077/1456
f 1426/2081/1457 1427/2075/1458 1428/2082/1459
f 1429/2083/1460 1430/2084/1460 1431/2063/1460
f 1432/2085/1461 1433/2086/1461 1434/2087/1461
f 1435/2088/1462 1436/2076/1462 1437/2066/1462
f 1438/2089/1463 1439/2090/1463 1440/2091/1463
f 1417/2092/1464 1424/2073/1464 1423/2093/1464
f 1418/2065/1465 1422/2072/1465 1419/2074/1465
f 1426/2094/1466 1422/2072/1467 1421/2095/1468
f 1427/2075/1469 1424/2073/1469 1428/2082/1469
f 1423/2096/1470 1436/2076/1470 1435/2097/1470
f 1426/2098/1457 1440/2091/1471 1427/2075/1458
f 1439/2090/1472 1436/2076/1472 1440/2091/1472
f 1435/2099/1473 1430/2068/1473 1429/2100/1473
f 1432/2101/1474 1439/2090/1475 1438/2102/1476
f 1431/2063/1477 1434/2087/1478 1433/2086/1479
f 1429/2103/1480 1418/2065/1480 1417/2104/1480
f 1421/2105/1481 1433/2086/1481 1432/2070/1481
f 1435/2106/1482 1417/2104/1482 1423/2107/1482
f 1457/2108/1483 1442/2109/1483 1455/2110/1483
f 1463/2111/1484 1454/2112/1484 1461/2113/1484
f 1450/2114/1485 1456/2115/1485 1462/2116/1485
f 1446/2117/1486 1448/2118/1486 1443/2119/1486
f 1451/2120/1487 1460/2121/1487 1449/2122/1487
f 1441/2123/1488 1442/2109/1488 1443/2119/1488
f 1444/2124/1489 1445/2125/1489 1446/2117/1489
f 1447/2126/1488 1448/2118/1488 1449/2122/1488
f 1450/2127/1490 1451/2120/1490 1452/2128/1490
f 1453/2129/1491 1454/2112/1491 1455/2110/1491
f 1456/2130/1492 1457/2108/1492 1458/2131/1492
f 1459/2132/1491 1460/2121/1491 1461/2133/1491
f 1462/2134/1493 1463/2135/1493 1464/2136/1493
f 1441/2137/1488 1448/2118/1488 1447/2138/1488
f 1442/2109/1494 1446/2117/1494 1443/2119/1494
f 1450/2139/1495 1446/2117/1495 1445/2140/1495
f 1449/2122/1496 1452/2128/1496 1451/2120/1496
f 1447/2141/1497 1460/2121/1497 1459/2142/1497
f 1462/2143/1498 1451/2120/1498 1450/2144/1498
f 1463/2135/1499 1460/2121/1499 1464/2136/1499
f 1459/2145/1491 1454/2112/1491 1453/2146/1491
f 1456/2147/1500 1463/2111/1500 1462/2148/1500
f 1455/2110/1501 1458/2131/1501 1457/2108/1501
f 1453/2149/1497 1442/2109/1497 1441/2150/1497
f 1445/2151/1502 1457/2108/1502 1456/2115/1502
f 1459/2152/1497 1441/2150/1497 1447/2153/1497
f 1479/2154/1503 1468/2155/1503 1481/2156/1503
f 1485/2157/1504 1482/2158/1505 1487/2159/1506
f 1480/2160/1507 1474/2161/1508 1486/2162/1509
f 1472/2163/1510 1470/2164/1510 1467/2165/1510
f 1484/2166/1511 1475/2167/1511 1473/2168/1511
f 1465/2169/1512 1467/2165/1512 1466/2170/1512
f 1468/2155/1513 1470/2164/1513 1469/2171/1513
f 1471/2172/1514 1473/2168/1514 1472/2163/1514
f 1474/2173/1515 1476/2174/1516 1475/2167/1517
f 1477/2175/1518 1479/2154/1518 1478/2176/1518
f 1480/2177/1519 1482/2178/1519 1481/2156/1519
f 1483/2179/1520 1485/2157/1520 1484/2166/1520
f 1486/2180/1521 1488/2181/1521 1487/2159/1521
f 1472/2163/1522 1465/2182/1522 1471/2183/1522
f 1466/2170/1523 1470/2164/1523 1468/2155/1523
f 1470/2164/1524 1474/2184/1525 1469/2185/1526
f 1475/2167/1527 1472/2163/1527 1473/2168/1527
f 1484/2166/1528 1471/2186/1528 1483/2187/1528
f 1474/2188/1529 1488/2181/1529 1486/2189/1529
f 1487/2159/1530 1484/2166/1530 1485/2157/1530
f 1478/2190/1531 1483/2191/1531 1477/2192/1531
f 1487/2159/1532 1480/2193/1533 1486/2194/1534
f 1482/2178/1535 1479/2154/1536 1481/2156/1537
f 1466/2170/1538 1477/2195/1538 1465/2196/1538
f 1481/2156/1539 1469/2197/1539 1480/2160/1539
f 1465/2196/1540 1483/2198/1540 1471/2199/1540
f 1490/2200/1541 1505/2201/1541 1503/2202/1541
f 1502/2203/1542 1511/2204/1542 1509/2205/1542
f 1504/2206/1543 1498/2207/1543 1510/2208/1543
f 1496/2209/1544 1494/2210/1544 1491/2211/1544
f 1508/2212/1545 1499/2213/1545 1497/2214/1545
f 1489/2215/1546 1491/2211/1546 1490/2200/1546
f 1492/2216/1547 1494/2210/1547 1493/2217/1547
f 1495/2218/1546 1497/2214/1546 1496/2209/1546
f 1498/2219/1548 1500/2220/1548 1499/2213/1548
f 1501/2221/1549 1503/2202/1549 1502/2203/1549
f 1504/2222/1550 1506/2223/1550 1505/2201/1550
f 1507/2224/1549 1509/2225/1549 1508/2212/1549
f 1510/2226/1551 1512/2227/1551 1511/2228/1551
f 1496/2209/1546 1489/2229/1546 1495/2230/1546
f 1490/2200/1552 1494/2210/1552 1492/2216/1552
f 1494/2210/1553 1498/2231/1553 1493/2232/1553
f 1500/2220/1554 1497/2214/1554 1499/2213/1554
f 1508/2212/1555 1495/2233/1555 1507/2234/1555
f 1499/2213/1556 1510/2235/1556 1498/2236/1556
f 1511/2228/1557 1508/2212/1557 1509/2225/1557
f 1502/2203/1549 1507/2237/1549 1501/2238/1549
f 1511/2204/1558 1504/2239/1558 1510/2240/1558
f 1506/2223/1559 1503/2202/1559 1505/2201/1559
f 1490/2200/1555 1501/2241/1555 1489/2242/1555
f 1505/2201/1560 1493/2243/1560 1504/2206/1560
f 1489/2242/1555 1507/2244/1555 1495/2245/1555
f 1527/2246/1561 1516/2247/1561 1514/2248/1561
f 1535/2249/1562 1526/2250/1562 1533/2251/1562
f 1522/2252/1563 1528/2253/1563 1534/2254/1563
f 1518/2255/1564 1520/2256/1564 1515/2257/1564
f 1523/2258/1565 1532/2259/1565 1521/2260/1565
f 1513/2261/1566 1514/2248/1566 1515/2262/1566
f 1516/2247/1567 1517/2263/1567 1518/2264/1567
f 1519/2265/1568 1520/2256/1568 1521/2260/1568
f 1522/2252/1569 1523/2258/1569 1524/2266/1569
f 1525/2267/1562 1526/2268/1562 1527/2246/1562
f 1528/2253/1570 1529/2269/1570 1530/2270/1570
f 1531/2271/1562 1532/2259/1562 1533/2251/1562
f 1534/2254/1571 1535/2249/1571 1536/2272/1571
f 1513/2273/1572 1520/2256/1572 1519/2265/1572
f 1516/2247/1573 1515/2262/1573 1514/2248/1573
f 1522/2252/1574 1518/2264/1574 1517/2263/1574
f 1521/2260/1575 1524/2266/1575 1523/2258/1575
f 1531/2271/1576 1521/2260/1576 1532/2259/1576
f 1534/2254/1577 1523/2258/1577 1522/2252/1577
f 1535/2249/1578 1532/2259/1578 1536/2272/1578
f 1531/2271/1562 1526/2274/1562 1525/2275/1562
f 1528/2253/1579 1535/2249/1579 1534/2254/1579
f 1527/2246/1580 1530/2270/1580 1529/2269/1580
f 1525/2267/1581 1514/2248/1581 1513/2261/1581
f 1517/2263/1582 1529/2269/1582 1528/2253/1582
f 1531/2271/1583 1513/2273/1583 1519/2265/1583
f 1538/2276/1584 1553/2277/1584 1551/2278/1584
f 1550/2279/1585 1559/2280/1585 1557/2281/1585
f 1552/2282/1586 1546/2283/1586 1558/2284/1586
f 1544/2285/1587 1542/2286/1587 1539/2287/1587
f 1556/2288/1588 1547/2289/1588 1545/2290/1588
f 1537/2291/1589 1539/2292/1589 1538/2276/1589
f 1540/2293/1590 1542/2294/1590 1541/2295/1590
f 1543/2296/1591 1545/2290/1591 1544/2297/1591
f 1546/2283/1592 1548/2298/1592 1547/2289/1592
f 1549/2299/1593 1551/2278/1593 1550/2300/1593
f 1552/2282/1594 1554/2301/1594 1553/2277/1594
f 1555/2302/1595 1557/2281/1595 1556/2288/1595
f 1558/2284/1596 1560/2303/1596 1559/2280/1596
f 1544/2304/1597 1537/2305/1597 1543/2296/1597
f 1539/2306/1598 1540/2293/1598 1538/2276/1598
f 1542/2307/1599 1546/2283/1599 1541/2295/1599
f 1547/2289/1600 1544/2285/1600 1545/2290/1600
f 1555/2302/1601 1545/2290/1601 1543/2296/1601
f 1547/2289/1602 1558/2284/1602 1546/2283/1602
f 1560/2303/1603 1557/2281/1603 1559/2280/1603
f 1550/2308/1604 1555/2302/1604 1549/2309/1604
f 1559/2280/1605 1552/2282/1605 1558/2284/1605
f 1554/2301/1606 1551/2278/1606 1553/2277/1606
f 1538/2276/1607 1549/2299/1607 1537/2291/1607
f 1553/2277/1608 1541/2295/1608 1552/2282/1608
f 1537/2305/1609 1555/2302/1609 1543/2296/1609
f 1575/2310/1610 1564/2311/1610 1577/2312/1610
f 1574/2313/1611 1583/2314/1611 1581/2315/1611
f 1576/2316/1612 1570/2317/1612 1582/2318/1612
f 1568/2319/1613 1566/2320/1613 1563/2321/1613
f 1580/2322/1614 1571/2323/1614 1569/2324/1614
f 1561/2325/1615 1563/2326/1615 1562/2327/1615
f 1564/2311/1616 1566/2328/1616 1565/2329/1616
f 1567/2330/1617 1569/2324/1617 1568/2319/1617
f 1570/2317/1618 1572/2331/1618 1571/2323/1618
f 1573/2332/1611 1575/2310/1611 1574/2333/1611
f 1576/2316/1619 1578/2334/1619 1577/2312/1619
f 1579/2335/1611 1581/2315/1611 1580/2322/1611
f 1582/2318/1620 1584/2336/1620 1583/2314/1620
f 1568/2319/1621 1561/2337/1621 1567/2330/1621
f 1563/2326/1622 1564/2311/1622 1562/2327/1622
f 1566/2328/1623 1570/2317/1623 1565/2329/1624
f 1572/2331/1625 1569/2324/1625 1571/2323/1625
f 1579/2335/1626 1569/2324/1626 1567/2330/1626
f 1571/2323/1627 1582/2318/1627 1570/2317/1627
f 1583/2314/1611 1580/2322/1611 1581/2315/1611
f 1574/2338/1611 1579/2335/1611 1573/2339/1611
f 1583/2314/1628 1576/2316/1628 1582/2318/1628
f 1578/2334/1629 1575/2310/1629 1577/2312/1629
f 1562/2327/1630 1573/2332/1630 1561/2325/1630
f 1577/2312/1631 1565/2329/1631 1576/2316/1631
f 1561/2337/1632 1579/2335/1632 1567/2330/1632
f 1723/2340/1633 1726/1942/1634 1716/1941/1635
f 1724/1937/1331 1725/2341/1636 1715/1920/1637
f 1585/1929/1326 1311/1890/1326 1317/1912/1326
f 1591/1883/1638 1327/1879/1638 1326/1904/1638
f 1589/1927/1324 1312/1891/1324 1311/1890/1324
f 1587/1918/1639 1321/1899/1639 1320/1898/1639
f 1329/1905/1318 1586/1916/1318 1330/1906/1318
f 1308/2342/1305 1588/1887/1305 1593/1889/1305
f 1587/1881/1640 1326/1904/1640 1332/1924/1640
f 1304/2343/1300 1592/1873/1300 1594/1875/1300
f 1596/2344/1641 1604/2345/1641 1610/2346/1641
f 1598/2347/1498 1605/2348/1498 1604/2345/1498
f 1609/2349/1642 1600/2350/1642 1606/2351/1642
f 1600/2350/1643 1603/2352/1643 1606/2351/1643
f 1607/2353/1497 1599/2354/1497 1595/2355/1497
f 1606/2351/1644 1595/2356/1644 1599/2357/1644
f 1609/2349/1645 1599/2358/1645 1608/2359/1645
f 1604/2345/1646 1601/2360/1646 1597/2361/1646
f 1610/2346/1647 1597/2362/1647 1607/2363/1647
f 1603/2352/1648 1607/2364/1648 1595/2365/1648
f 1605/2348/1649 1608/2366/1649 1601/2367/1649
f 1598/2347/1485 1600/2350/1485 1602/2368/1485
f 1597/2369/1497 1608/2370/1497 1607/2353/1497
f 1602/2368/1650 1609/2349/1650 1605/2348/1650
f 1603/2352/1651 1596/2344/1651 1610/2346/1651
f 1620/2371/1652 1612/2372/1652 1626/2373/1652
f 1621/2374/1556 1614/2375/1556 1620/2371/1556
f 1625/2376/1653 1622/2377/1653 1616/2378/1653
f 1619/2379/1654 1616/2378/1654 1622/2377/1654
f 1623/2380/1555 1615/2381/1555 1624/2382/1555
f 1611/2383/1655 1622/2377/1655 1615/2384/1655
f 1615/2385/1656 1625/2376/1656 1624/2386/1656
f 1617/2387/1657 1620/2371/1657 1613/2388/1657
f 1613/2389/1658 1626/2373/1658 1623/2390/1658
f 1623/2391/1659 1619/2379/1659 1611/2392/1659
f 1624/2393/1660 1621/2374/1660 1617/2394/1660
f 1616/2378/1543 1614/2375/1543 1618/2395/1543
f 1613/2396/1555 1624/2382/1555 1617/2397/1555
f 1625/2376/1661 1618/2395/1661 1621/2374/1661
f 1619/2379/1662 1626/2373/1662 1612/2372/1662
f 1628/2398/1663 1629/2399/1663 1627/2398/1663
f 1630/2399/1664 1633/2400/1664 1629/2399/1664
f 1632/2401/1665 1627/2398/1665 1631/2401/1665
f 1633/2400/1666 1627/2398/1666 1629/2399/1666
f 1634/2400/1667 1628/2398/1667 1632/2401/1667
f 1634/2400/1668 1637/2402/1668 1633/2400/1668
f 1631/2401/1669 1636/2403/1669 1632/2401/1669
f 1633/2400/1666 1635/2403/1666 1631/2401/1666
f 1647/2404/1663 1650/2405/1663 1649/2405/1663
f 1639/2406/1670 1644/2407/1670 1640/2406/1670
f 1638/2402/1671 1635/2403/1671 1637/2402/1671
f 1642/2408/1668 1639/2406/1668 1640/2406/1668
f 1643/2407/1669 1646/2409/1669 1644/2407/1669
f 1642/2408/1671 1645/2409/1671 1641/2408/1671
f 1642/2408/1667 1644/2407/1667 1646/2409/1667
f 1641/2408/1666 1643/2407/1666 1639/2406/1666
f 1648/2404/1667 1654/2410/1667 1650/2405/1667
f 1654/2410/1671 1651/2411/1671 1653/2410/1671
f 1650/2405/1668 1653/2410/1668 1649/2405/1668
f 1647/2404/1669 1652/2411/1669 1648/2404/1669
f 1649/2405/1666 1651/2411/1666 1647/2404/1666
f 1655/2412/1663 1658/2413/1663 1657/2413/1663
f 1656/2412/1667 1662/2414/1667 1658/2413/1667
f 1662/2414/1671 1659/2415/1671 1661/2414/1671
f 1658/2413/1668 1661/2414/1668 1657/2413/1668
f 1655/2412/1669 1660/2415/1669 1656/2412/1669
f 1657/2413/1666 1659/2415/1666 1655/2412/1666
f 1663/2416/1663 1666/2417/1663 1665/2417/1663
f 1664/2416/1667 1670/2418/1667 1666/2417/1667
f 1670/2418/1671 1667/2419/1671 1669/2418/1671
f 1666/2417/1668 1669/2418/1668 1665/2417/1668
f 1663/2416/1669 1668/2419/1669 1664/2416/1669
f 1665/2417/1666 1667/2419/1666 1663/2416/1666
f 1673/2420/1672 1672/2421/1672 1671/2421/1672
f 1677/2422/1673 1674/2420/1673 1673/2420/1673
f 1632/2401/1667 1638/2402/1667 1634/2400/1667
f 1671/2421/1674 1676/2423/1674 1675/2423/1674
f 1671/2421/1675 1677/2422/1675 1673/2420/1675
f 1678/2422/1676 1672/2421/1676 1674/2420/1676
f 1681/2424/1677 1678/2422/1677 1677/2422/1677
f 1680/2425/1678 1675/2423/1678 1676/2423/1678
f 1679/2425/1675 1677/2422/1675 1675/2423/1675
f 1694/2426/1672 1691/2427/1672 1693/2426/1672
f 1688/2428/1679 1683/2429/1679 1684/2429/1679
f 1679/2425/1680 1682/2424/1680 1681/2424/1680
f 1683/2429/1677 1686/2430/1677 1684/2429/1677
f 1690/2431/1678 1687/2428/1678 1688/2428/1678
f 1689/2431/1680 1686/2430/1680 1685/2430/1680
f 1686/2430/1676 1688/2428/1676 1684/2429/1676
f 1687/2428/1675 1685/2430/1675 1683/2429/1675
f 1698/2432/1676 1692/2427/1676 1694/2426/1676
f 1695/2433/1680 1698/2432/1680 1697/2432/1680
f 1697/2432/1677 1694/2426/1677 1693/2426/1677
f 1696/2433/1678 1691/2427/1678 1692/2427/1678
f 1695/2433/1675 1693/2426/1675 1691/2427/1675
f 1702/2434/1672 1699/2435/1672 1701/2434/1672
f 1706/2436/1676 1700/2435/1676 1702/2434/1676
f 1703/2437/1680 1706/2436/1680 1705/2436/1680
f 1705/2436/1677 1702/2434/1677 1701/2434/1677
f 1704/2437/1678 1699/2435/1678 1700/2435/1678
f 1703/2437/1675 1701/2434/1675 1699/2435/1675
f 1710/2438/1672 1707/2439/1672 1709/2438/1672
f 1714/2440/1676 1708/2439/1676 1710/2438/1676
f 1711/2441/1680 1714/2440/1680 1713/2440/1680
f 1713/2440/1677 1710/2438/1677 1709/2438/1677
f 1712/2441/1678 1707/2439/1678 1708/2439/1678
f 1711/2441/1675 1709/2438/1675 1707/2439/1675
f 1682/2424/1676 1676/2423/1676 1678/2422/1676
f 1720/1915/1681 1586/1916/1681 1319/1897/1681
f 1325/1903/1682 1723/2340/1682 1590/1928/1682
f 1723/2340/1682 1312/1891/1682 1590/1928/1682
f 1721/2442/1683 1324/2443/1683 1331/2444/1683
f 1719/2445/1684 1318/2446/1684 1313/2447/1684
f 1586/1916/1681 1715/1920/1681 1330/1906/1681
f 1716/1941/1685 1313/2447/1685 1312/1891/1685
f 1721/2448/1686 1715/1920/1686 1725/2341/1686
f 1722/1926/1687 1731/2449/1633 1723/2340/1633
f 1719/2450/1688 1727/2451/1688 1717/2452/1688
f 1732/2453/1689 1726/1942/1690 1731/2449/1691
f 1731/2449/1691 1725/1939/1692 1732/2453/1689
f 1303/2454/1693 1730/2455/1694 1306/2456/1695
f 1307/2457/1696 1308/2342/1696 1733/2458/1696
f 1593/1889/1697 1733/2458/1698 1308/2342/1699
f 1594/1875/1700 1734/2459/1701 1736/2460/1702
f 1303/2461/1703 1304/2343/1703 1729/2462/1703
f 1593/1889/1697 1730/2463/1704 1735/2464/1705
f 1594/1875/1700 1729/2462/1706 1304/2343/1707
f 1309/2465/1708 1733/2466/1709 1734/2459/1710
f 1305/1888/1711 1306/2467/1711 1730/2463/1711
f 1310/1874/1712 1309/2468/1712 1734/2459/1712
f 1733/2466/1713 1736/2460/1714 1734/2459/1715
f 1730/2455/1716 1736/2460/1714 1735/2469/1717
f 1592/1873/1718 1314/1893/1718 1310/1874/1718
f 1333/1876/1719 1328/1880/1719 1303/1877/1719
f 1327/1879/1720 1304/2343/1720 1303/1877/1720
f 1587/1881/1721 1320/2470/1721 1315/1882/1721
f 1309/1884/1722 1316/1894/1722 1322/1885/1722
f 1588/1887/1723 1334/1910/1723 1305/1888/1723
f 1311/1890/1314 1313/2471/1314 1318/1911/1314
f 1314/1893/1724 1316/1894/1724 1309/1884/1724
f 1315/1882/1725 1320/2470/1725 1322/1913/1725
f 1319/1897/1726 1318/2472/1726 1717/1914/1726
f 1317/1895/1318 1319/1897/1318 1586/1916/1318
f 1587/1918/1319 1332/1908/1319 1334/1910/1319
f 1721/1919/1727 1331/2473/1727 1330/1906/1727
f 1329/1921/1321 1331/2474/1321 1324/1922/1321
f 1326/1904/1728 1328/1880/1728 1333/1923/1728
f 1325/1903/1729 1324/2443/1729 1718/1925/1729
f 1589/1927/1324 1323/1901/1324 1325/1903/1324
f 1591/1883/1638 1315/1882/1638 1314/1893/1638
f 1329/1921/1326 1323/1901/1326 1589/1927/1326
f 1306/1930/1730 1305/1888/1730 1334/1910/1730
f 1321/1899/1731 1308/2342/1731 1307/1932/1731
f 1720/1915/1330 1727/1944/1732 1732/1936/1331
f 1718/1938/1332 1721/2475/1332 1725/1939/1332
f 1391/1948/1733 1390/1959/1733 1339/1949/1733
f 1388/1951/1734 1337/1961/1734 1338/1952/1734
f 1386/1954/1338 1335/1963/1338 1336/1955/1338
f 1392/1957/1735 1391/1948/1735 1340/1950/1735
f 1390/1959/1340 1389/1953/1736 1338/1952/1341
f 1387/1960/1343 1336/2476/1343 1337/1961/1343
f 1340/1950/1737 1347/1970/1737 1348/1964/1737
f 1338/1952/1346 1345/1971/1738 1346/1965/1347
f 1337/1961/1349 1336/2476/1349 1343/1966/1349
f 1339/1949/1739 1346/1965/1739 1347/1970/1739
f 1338/1952/1740 1337/1961/1740 1344/1967/1740
f 1335/1963/1354 1342/1968/1354 1343/1972/1354
f 1345/1973/1355 1352/1983/1741 1353/1974/1356
f 1343/1976/1742 1350/1995/1742 1351/1977/1742
f 1346/1975/1743 1353/1974/1743 1354/1981/1743
f 1344/1978/1744 1351/1977/1744 1352/1983/1744
f 1342/1968/1363 1349/1979/1363 1350/1984/1363
f 1348/1985/1745 1347/1982/1745 1354/1981/1745
f 1354/1981/1366 1353/1974/1746 1360/1988/1367
f 1352/1983/1747 1351/1977/1747 1358/1990/1747
f 1350/1984/1370 1349/1979/1370 1356/1992/1370
f 1355/1986/1748 1354/1981/1748 1361/1989/1748
f 1353/1974/1372 1352/1983/1749 1359/1991/1373
f 1350/1995/1750 1357/2477/1750 1358/1990/1750
f 1358/1990/1751 1365/2001/1751 1366/1996/1751
f 1356/1992/1378 1363/2002/1378 1364/1997/1378
f 1361/1989/1752 1368/2004/1752 1369/1998/1752
f 1359/1991/1380 1366/1996/1753 1367/1999/1381
f 1358/1990/1754 1357/2477/1754 1364/2000/1754
f 1360/1988/1386 1367/1999/1755 1368/2004/1387
f 1368/2004/1756 1375/2012/1756 1376/2005/1756
f 1367/1999/1390 1366/1996/1757 1373/2006/1391
f 1365/2001/1758 1364/2000/1758 1371/2008/1758
f 1368/2004/1759 1367/1999/1759 1374/2007/1759
f 1366/1996/1760 1365/2001/1760 1372/2009/1760
f 1363/2002/1398 1370/2010/1398 1371/2013/1398
f 1371/2014/1399 1378/2478/1399 1379/2015/1399
f 1375/2019/1761 1374/2027/1761 1381/2020/1761
f 1372/2016/1762 1379/2015/1762 1380/2022/1762
f 1370/2010/1404 1377/2017/1404 1378/2024/1404
f 1376/2025/1763 1375/2019/1763 1382/2021/1763
f 1374/2027/1406 1373/2023/1764 1380/2022/1407
f 1381/2020/1765 1390/1959/1765 1391/1948/1765
f 1380/2022/1766 1379/2015/1766 1388/1951/1766
f 1378/2024/1412 1377/2017/1412 1386/1954/1412
f 1382/2021/1767 1391/1948/1767 1392/1957/1767
f 1380/2022/1414 1389/1953/1768 1390/1959/1415
f 1379/2015/1417 1378/2478/1417 1387/1960/1417
f 1409/2028/1419 1396/2045/1419 1394/2029/1419
f 1415/2031/1420 1410/2479/1420 1406/2032/1420
f 1402/2034/1421 1397/2046/1421 1408/2035/1421
f 1398/2037/1769 1404/2060/1769 1400/2038/1769
f 1403/2040/1423 1416/2055/1423 1412/2041/1423
f 1393/2056/1432 1395/2480/1432 1400/2057/1432
f 1396/2045/1770 1398/2481/1770 1395/2058/1770
f 1402/2034/1771 1404/2482/1771 1398/2059/1771
f 1403/2040/1772 1401/2042/1772 1400/2038/1772
f 1411/2054/1436 1399/2048/1436 1401/2042/1436
f 1414/2036/1437 1416/2055/1437 1403/2040/1437
f 1413/2033/1438 1412/2041/1438 1416/2055/1438
f 1411/2054/1439 1413/2033/1439 1406/2061/1439
f 1408/2035/1440 1410/2053/1440 1415/2031/1440
f 1407/2030/1441 1406/2052/1441 1410/2053/1441
f 1405/2051/1442 1407/2030/1442 1394/2029/1442
f 1397/2046/1443 1396/2045/1443 1409/2028/1443
f 1411/2054/1444 1405/2062/1444 1393/2056/1444
f 1431/2063/1773 1433/2086/1773 1420/2064/1773
f 1437/2066/1446 1439/2090/1774 1434/2067/1447
f 1426/2069/1449 1421/2105/1775 1432/2070/1450
f 1422/2072/1452 1428/2082/1452 1424/2073/1452
f 1427/2075/1776 1440/2091/1776 1436/2076/1776
f 1417/2092/1464 1419/2074/1464 1424/2073/1464
f 1418/2065/1777 1420/2064/1777 1422/2072/1777
f 1426/2094/1466 1428/2082/1778 1422/2072/1467
f 1427/2075/1469 1425/2077/1469 1424/2073/1469
f 1423/2096/1470 1425/2077/1470 1436/2076/1470
f 1426/2098/1779 1438/2483/1779 1440/2091/1779
f 1439/2090/1780 1437/2066/1780 1436/2076/1780
f 1435/2099/1473 1437/2066/1473 1430/2068/1473
f 1432/2101/1474 1434/2067/1781 1439/2090/1475
f 1431/2063/1477 1430/2084/1782 1434/2087/1478
f 1429/2103/1480 1431/2063/1480 1418/2065/1480
f 1421/2105/1783 1420/2064/1783 1433/2086/1783
f 1435/2106/1482 1429/2103/1482 1417/2104/1482
f 1457/2108/1483 1444/2124/1483 1442/2109/1483
f 1463/2111/1484 1458/2131/1484 1454/2112/1484
f 1450/2114/1485 1445/2151/1485 1456/2115/1485
f 1446/2117/1486 1452/2128/1486 1448/2118/1486
f 1451/2120/1487 1464/2136/1487 1460/2121/1487
f 1441/2137/1488 1443/2119/1488 1448/2118/1488
f 1442/2109/1784 1444/2124/1784 1446/2117/1784
f 1450/2139/1495 1452/2128/1495 1446/2117/1495
f 1449/2122/1785 1448/2118/1785 1452/2128/1785
f 1447/2141/1497 1449/2122/1497 1460/2121/1497
f 1462/2143/1498 1464/2136/1498 1451/2120/1498
f 1463/2135/1786 1461/2133/1786 1460/2121/1786
f 1459/2145/1491 1461/2113/1491 1454/2112/1491
f 1456/2147/1500 1458/2131/1500 1463/2111/1500
f 1455/2110/1787 1454/2112/1787 1458/2131/1787
f 1453/2149/1497 1455/2110/1497 1442/2109/1497
f 1445/2151/1502 1444/2124/1502 1457/2108/1502
f 1459/2152/1497 1453/2149/1497 1441/2150/1497
f 1479/2154/1788 1466/2170/1788 1468/2155/1788
f 1485/2157/1504 1478/2190/1789 1482/2158/1505
f 1480/2160/1507 1469/2197/1790 1474/2161/1508
f 1472/2163/1510 1476/2174/1510 1470/2164/1510
f 1484/2166/1791 1488/2181/1791 1475/2167/1791
f 1472/2163/1522 1467/2165/1522 1465/2182/1522
f 1466/2170/1792 1467/2165/1792 1470/2164/1792
f 1470/2164/1524 1476/2174/1793 1474/2184/1525
f 1475/2167/1527 1476/2174/1527 1472/2163/1527
f 1484/2166/1528 1473/2168/1528 1471/2186/1528
f 1474/2188/1515 1475/2167/1517 1488/2181/1794
f 1487/2159/1795 1488/2181/1795 1484/2166/1795
f 1478/2190/1531 1485/2157/1531 1483/2191/1531
f 1487/2159/1532 1482/2158/1796 1480/2193/1533
f 1482/2178/1535 1478/2176/1797 1479/2154/1536
f 1466/2170/1538 1479/2154/1538 1477/2195/1538
f 1481/2156/1798 1468/2155/1798 1469/2197/1798
f 1465/2196/1540 1477/2195/1799 1483/2198/1540
f 1490/2200/1541 1492/2216/1541 1505/2201/1541
f 1502/2203/1542 1506/2223/1542 1511/2204/1542
f 1504/2206/1543 1493/2243/1543 1498/2207/1543
f 1496/2209/1544 1500/2220/1544 1494/2210/1544
f 1508/2212/1545 1512/2227/1545 1499/2213/1545
f 1496/2209/1546 1491/2211/1546 1489/2229/1546
f 1490/2200/1800 1491/2211/1800 1494/2210/1800
f 1494/2210/1553 1500/2220/1553 1498/2231/1553
f 1500/2220/1801 1496/2209/1801 1497/2214/1801
f 1508/2212/1555 1497/2214/1555 1495/2233/1555
f 1499/2213/1556 1512/2227/1556 1510/2235/1556
f 1511/2228/1802 1512/2227/1802 1508/2212/1802
f 1502/2203/1549 1509/2205/1549 1507/2237/1549
f 1511/2204/1558 1506/2223/1558 1504/2239/1558
f 1506/2223/1803 1502/2203/1803 1503/2202/1803
f 1490/2200/1555 1503/2202/1555 1501/2241/1555
f 1505/2201/1560 1492/2216/1560 1493/2243/1560
f 1489/2242/1555 1501/2241/1555 1507/2244/1555
f 1527/2246/1804 1529/2269/1804 1516/2247/1804
f 1535/2249/1562 1530/2484/1562 1526/2250/1562
f 1522/2252/1563 1517/2263/1563 1528/2253/1563
f 1518/2255/1564 1524/2266/1564 1520/2256/1564
f 1523/2258/1805 1536/2272/1805 1532/2259/1805
f 1513/2273/1572 1515/2485/1572 1520/2256/1572
f 1516/2247/1573 1518/2264/1573 1515/2262/1573
f 1522/2252/1574 1524/2266/1574 1518/2264/1574
f 1521/2260/1575 1520/2256/1575 1524/2266/1575
f 1531/2271/1576 1519/2265/1576 1521/2260/1576
f 1534/2254/1577 1536/2272/1577 1523/2258/1577
f 1535/2249/1562 1533/2251/1562 1532/2259/1562
f 1531/2271/1562 1533/2251/1562 1526/2274/1562
f 1528/2253/1579 1530/2270/1579 1535/2249/1579
f 1527/2246/1562 1526/2268/1562 1530/2270/1562
f 1525/2267/1581 1527/2246/1581 1514/2248/1581
f 1517/2263/1582 1516/2247/1582 1529/2269/1582
f 1531/2271/1583 1525/2275/1583 1513/2273/1583
f 1538/2276/1584 1540/2293/1584 1553/2277/1584
f 1550/2279/1585 1554/2486/1585 1559/2280/1585
f 1552/2282/1586 1541/2295/1586 1546/2283/1586
f 1544/2285/1806 1548/2487/1806 1542/2286/1806
f 1556/2288/1588 1560/2303/1588 1547/2289/1588
f 1544/2304/1597 1539/2488/1597 1537/2305/1597
f 1539/2306/1807 1542/2489/1807 1540/2293/1807
f 1542/2307/1808 1548/2490/1808 1546/2283/1808
f 1547/2289/1809 1548/2487/1809 1544/2285/1809
f 1555/2302/1601 1556/2288/1601 1545/2290/1601
f 1547/2289/1602 1560/2303/1602 1558/2284/1602
f 1560/2303/1603 1556/2288/1603 1557/2281/1603
f 1550/2308/1604 1557/2281/1604 1555/2302/1604
f 1559/2280/1605 1554/2301/1605 1552/2282/1605
f 1554/2301/1606 1550/2300/1606 1551/2278/1606
f 1538/2276/1607 1551/2278/1607 1549/2299/1607
f 1553/2277/1608 1540/2293/1608 1541/2295/1608
f 1537/2305/1609 1549/2309/1609 1555/2302/1609
f 1575/2310/1810 1562/2327/1810 1564/2311/1810
f 1574/2313/1611 1578/2491/1611 1583/2314/1611
f 1576/2316/1612 1565/2329/1612 1570/2317/1612
f 1568/2319/1613 1572/2331/1613 1566/2320/1613
f 1580/2322/1811 1584/2336/1811 1571/2323/1811
f 1568/2319/1621 1563/2492/1621 1561/2337/1621
f 1563/2326/1622 1566/2328/1622 1564/2311/1622
f 1566/2328/1623 1572/2331/1623 1570/2317/1623
f 1572/2331/1625 1568/2319/1625 1569/2324/1625
f 1579/2335/1626 1580/2322/1626 1569/2324/1626
f 1571/2323/1627 1584/2336/1627 1582/2318/1627
f 1583/2314/1812 1584/2336/1812 1580/2322/1812
f 1574/2338/1611 1581/2315/1611 1579/2335/1611
f 1583/2314/1628 1578/2334/1813 1576/2316/1628
f 1578/2334/1611 1574/2333/1611 1575/2310/1611
f 1562/2327/1630 1575/2310/1630 1573/2332/1630
f 1577/2312/1631 1564/2311/1631 1565/2329/1631
f 1561/2337/1632 1573/2339/1632 1579/2335/1632
f 1723/2340/1633 1731/2449/1633 1726/1942/1634
f 1724/1937/1331 1732/1936/1331 1725/2341/1636
f 1585/1929/1326 1589/1927/1326 1311/1890/1326
f 1591/1883/1814 1592/1873/1814 1327/1879/1814
f 1589/1927/1324 1590/1928/1324 1312/1891/1324
f 1587/1918/1639 1588/1887/1639 1321/1899/1639
f 1329/1905/1318 1585/1917/1318 1586/1916/1318
f 1308/2342/1815 1321/1899/1815 1588/1887/1815
f 1587/1881/1303 1591/1883/1303 1326/1904/1303
f 1304/2343/1816 1327/1879/1816 1592/1873/1816
f 1596/2344/1817 1598/2347/1817 1604/2345/1817
f 1598/2347/1498 1602/2368/1498 1605/2348/1498
f 1600/2350/1643 1596/2344/1643 1603/2352/1643
f 1607/2353/1497 1608/2370/1497 1599/2354/1497
f 1606/2351/1644 1603/2352/1644 1595/2356/1644
f 1609/2349/1645 1606/2351/1645 1599/2358/1645
f 1604/2345/1646 1605/2348/1646 1601/2360/1646
f 1610/2346/1647 1604/2345/1647 1597/2362/1647
f 1603/2352/1648 1610/2346/1648 1607/2364/1648
f 1605/2348/1649 1609/2349/1649 1608/2366/1649
f 1598/2347/1485 1596/2344/1485 1600/2350/1485
f 1597/2369/1497 1601/2493/1497 1608/2370/1497
f 1602/2368/1818 1600/2350/1818 1609/2349/1818
f 1620/2371/1819 1614/2375/1819 1612/2372/1819
f 1621/2374/1556 1618/2395/1556 1614/2375/1556
f 1619/2379/1654 1612/2372/1654 1616/2378/1654
f 1623/2380/1555 1611/2494/1555 1615/2381/1555
f 1611/2383/1655 1619/2379/1655 1622/2377/1655
f 1615/2385/1656 1622/2377/1656 1625/2376/1656
f 1617/2387/1657 1621/2374/1657 1620/2371/1657
f 1613/2389/1658 1620/2371/1658 1626/2373/1658
f 1623/2391/1659 1626/2373/1659 1619/2379/1659
f 1624/2393/1660 1625/2376/1660 1621/2374/1660
f 1616/2378/1543 1612/2372/1543 1614/2375/1543
f 1613/2396/1555 1623/2380/1555 1624/2382/1555
f 1625/2376/1820 1616/2378/1820 1618/2395/1820
f 1628/2398/1663 1630/2399/1663 1629/2399/1663
f 1630/2399/1664 1634/2400/1664 1633/2400/1664
f 1632/2401/1665 1628/2398/1665 1627/2398/1665
f 1633/2400/1666 1631/2401/1666 1627/2398/1666
f 1634/2400/1667 1630/2399/1667 1628/2398/1667
f 1634/2400/1668 1638/2402/1668 1637/2402/1668
f 1631/2401/1669 1635/2403/1669 1636/2403/1669
f 1633/2400/1666 1637/2402/1666 1635/2403/1666
f 1647/2404/1663 1648/2404/1663 1650/2405/1663
f 1639/2406/1670 1643/2407/1670 1644/2407/1670
f 1638/2402/1671 1636/2403/1671 1635/2403/1671
f 1642/2408/1668 1641/2408/1668 1639/2406/1668
f 1643/2407/1669 1645/2409/1669 1646/2409/1669
f 1642/2408/1671 1646/2409/1671 1645/2409/1671
f 1642/2408/1667 1640/2406/1667 1644/2407/1667
f 1641/2408/1666 1645/2409/1666 1643/2407/1666
f 1648/2404/1667 1652/2411/1667 1654/2410/1667
f 1654/2410/1671 1652/2411/1671 1651/2411/1671
f 1650/2405/1668 1654/2410/1668 1653/2410/1668
f 1647/2404/1669 1651/2411/1669 1652/2411/1669
f 1649/2405/1666 1653/2410/1666 1651/2411/1666
f 1655/2412/1663 1656/2412/1663 1658/2413/1663
f 1656/2412/1667 1660/2415/1667 1662/2414/1667
f 1662/2414/1671 1660/2415/1671 1659/2415/1671
f 1658/2413/1668 1662/2414/1668 1661/2414/1668
f 1655/2412/1669 1659/2415/1669 1660/2415/1669
f 1657/2413/1666 1661/2414/1666 1659/2415/1666
f 1663/2416/1663 1664/2416/1663 1666/2417/1663
f 1664/2416/1667 1668/2419/1667 1670/2418/1667
f 1670/2418/1671 1668/2419/1671 1667/2419/1671
f 1666/2417/1668 1670/2418/1668 1669/2418/1668
f 1663/2416/1669 1667/2419/1669 1668/2419/1669
f 1665/2417/1666 1669/2418/1666 1667/2419/1666
f 1673/2420/1672 1674/2420/1672 1672/2421/1672
f 1677/2422/1673 1678/2422/1673 1674/2420/1673
f 1632/2401/1667 1636/2403/1667 1638/2402/1667
f 1671/2421/1674 1672/2421/1674 1676/2423/1674
f 1671/2421/1675 1675/2423/1675 1677/2422/1675
f 1678/2422/1676 1676/2423/1676 1672/2421/1676
f 1681/2424/1677 1682/2424/1677 1678/2422/1677
f 1680/2425/1678 1679/2425/1678 1675/2423/1678
f 1679/2425/1675 1681/2424/1675 1677/2422/1675
f 1694/2426/1672 1692/2427/1672 1691/2427/1672
f 1688/2428/1679 1687/2428/1679 1683/2429/1679
f 1679/2425/1680 1680/2425/1680 1682/2424/1680
f 1683/2429/1677 1685/2430/1677 1686/2430/1677
f 1690/2431/1678 1689/2431/1678 1687/2428/1678
f 1689/2431/1680 1690/2431/1680 1686/2430/1680
f 1686/2430/1676 1690/2431/1676 1688/2428/1676
f 1687/2428/1675 1689/2431/1675 1685/2430/1675
f 1698/2432/1676 1696/2433/1676 1692/2427/1676
f 1695/2433/1680 1696/2433/1680 1698/2432/1680
f 1697/2432/1677 1698/2432/1677 1694/2426/1677
f 1696/2433/1678 1695/2433/1678 1691/2427/1678
f 1695/2433/1675 1697/2432/1675 1693/2426/1675
f 1702/2434/1672 1700/2435/1672 1699/2435/1672
f 1706/2436/1676 1704/2437/1676 1700/2435/1676
f 1703/2437/1680 1704/2437/1680 1706/2436/1680
f 1705/2436/1677 1706/2436/1677 1702/2434/1677
f 1704/2437/1678 1703/2437/1678 1699/2435/1678
f 1703/2437/1675 1705/2436/1675 1701/2434/1675
f 1710/2438/1672 1708/2439/1672 1707/2439/1672
f 1714/2440/1676 1712/2441/1676 1708/2439/1676
f 1711/2441/1680 1712/2441/1680 1714/2440/1680
f 1713/2440/1677 1714/2440/1677 1710/2438/1677
f 1712/2441/1678 1711/2441/1678 1707/2439/1678
f 1711/2441/1675 1713/2440/1675 1709/2438/1675
f 1682/2424/1676 1680/2425/1676 1676/2423/1676
f 1720/1915/1681 1724/1937/1681 1586/1916/1681
f 1325/1903/1682 1722/1926/1682 1723/2340/1682
f 1723/2340/1682 1716/1941/1682 1312/1891/1682
f 1721/2442/1683 1718/1925/1683 1324/2443/1683
f 1719/2445/1684 1717/2495/1684 1318/2446/1684
f 1586/1916/1681 1724/1937/1681 1715/1920/1681
f 1716/1941/1821 1719/2445/1821 1313/2447/1821
f 1722/1926/1687 1728/1935/1822 1731/2449/1633
f 1719/2450/1688 1726/1942/1688 1727/2451/1688
f 1732/2453/1689 1727/2451/1823 1726/1942/1690
f 1731/2449/1691 1728/1935/1824 1725/1939/1692
f 1303/2454/1693 1729/2462/1825 1730/2455/1694
f 1593/1889/1697 1735/2464/1705 1733/2458/1698
f 1594/1875/1700 1310/1874/1826 1734/2459/1701
f 1593/1889/1697 1305/1888/1827 1730/2463/1704
f 1594/1875/1700 1736/2460/1702 1729/2462/1706
f 1309/2465/1708 1307/2496/1828 1733/2466/1709
f 1733/2466/1713 1735/2469/1717 1736/2460/1714
f 1730/2455/1716 1729/2462/1829 1736/2460/1714
o Android.004
v 0.222860 1.847348 -0.488467
v 0.127342 1.848198 -0.393728
v 0.154436 1.837358 -0.692473
v 0.231418 1.841769 -0.638119
v -0.227629 1.827098 -0.663822
v -0.144942 1.827790 -0.709236
v -0.236186 1.832678 -0.514170
v -0.152078 1.839268 -0.409374
v -0.153276 1.487988 -0.447372
v -0.133365 1.605249 -0.365194
v -0.236777 1.582519 -0.469546
v -0.170014 2.049812 -0.388179
v -0.219807 2.195062 -0.476628
v -0.265838 2.063624 -0.474360
v -0.143835 1.461756 -0.594759
v -0.227336 1.556287 -0.616932
v -0.144402 1.551356 -0.661629
v -0.208992 2.207599 -0.676942
v -0.199718 2.084023 -0.772038
v -0.304621 2.064578 -0.677078
v 0.155895 1.502763 -0.430198
v 0.241940 1.605396 -0.442953
v 0.125940 1.617641 -0.350789
v 0.179364 2.207819 -0.454278
v 0.129364 2.059380 -0.371416
v 0.233126 2.079570 -0.446422
v 0.165336 1.476531 -0.577584
v 0.174742 1.566608 -0.643900
v 0.251381 1.579165 -0.590339
v 0.190179 2.220356 -0.654592
v 0.294136 2.083713 -0.643553
v 0.199453 2.096780 -0.749687
v 0.060560 2.885727 -0.677385
v 0.143745 2.812831 -0.746893
v 0.201115 2.704073 -0.790996
v 0.199683 2.576131 -0.781327
v 0.184482 2.448258 -0.759366
v 0.133572 2.340043 -0.706804
v 0.054704 2.267962 -0.631644
v 0.092840 2.890294 -0.584903
v 0.203391 2.821270 -0.576008
v 0.279046 2.715098 -0.567723
v 0.285346 2.587209 -0.562595
v 0.263724 2.458427 -0.559030
v 0.194529 2.347626 -0.558856
v 0.088295 2.271674 -0.562099
v 0.050223 2.892467 -0.496614
v 0.124645 2.825285 -0.412871
v 0.202953 2.721200 -0.353074
v 0.202087 2.592888 -0.353321
v 0.188942 2.463675 -0.367318
v 0.143888 2.351643 -0.417155
v 0.046990 2.272992 -0.496747
v -0.042326 2.890974 -0.464237
v -0.046364 2.822525 -0.353046
v -0.047275 2.716738 -0.276409
v -0.043607 2.588863 -0.268932
v -0.038342 2.459946 -0.289369
v -0.030972 2.348760 -0.357546
v -0.022617 2.272232 -0.463085
v -0.130594 2.886688 -0.506738
v -0.209462 2.814607 -0.431578
v -0.287165 2.705537 -0.380517
v -0.278111 2.577542 -0.380208
v -0.255290 2.449478 -0.392191
v -0.197919 2.340719 -0.436294
v -0.087942 2.268680 -0.504302
v -0.162874 2.882122 -0.599221
v -0.269107 2.806169 -0.602464
v -0.338302 2.695368 -0.602289
v -0.336981 2.567320 -0.597440
v -0.307739 2.440164 -0.591027
v -0.232083 2.333992 -0.582742
v -0.121533 2.264968 -0.573847
v -0.120257 2.879949 -0.687510
v -0.190361 2.802154 -0.765601
v -0.235416 2.690122 -0.815438
v -0.226929 2.562497 -0.805213
v -0.206164 2.435773 -0.781239
v -0.154649 2.330832 -0.722942
v -0.080228 2.263650 -0.639199
v -0.015861 2.242867 -0.566981
v -0.035775 2.911662 -0.593054
v -0.027707 2.881442 -0.719887
v -0.019352 2.804914 -0.825425
v -0.011982 2.693727 -0.893603
v -0.008029 2.565666 -0.891103
v -0.005672 2.438646 -0.860688
v -0.006583 2.332859 -0.784052
v -0.010621 2.264410 -0.672861
v 0.215451 2.044230 -0.474866
v 0.174446 2.099738 -0.459451
v 0.173585 2.072140 -0.524548
v 0.161706 2.191116 -0.498022
v 0.189970 2.226986 -0.552008
v 0.153746 2.159962 -0.569199
v 0.284719 2.024594 -0.544266
v 0.242853 2.052503 -0.593948
v 0.312982 2.060464 -0.598251
v 0.259238 2.207350 -0.621408
v 0.300242 2.151843 -0.636822
v 0.215915 2.136769 -0.644678
v 0.439899 2.170776 -0.301058
v 0.463199 2.221551 -0.292169
v 0.407096 2.215182 -0.288727
v 0.419515 2.316981 -0.362772
v 0.396904 2.288284 -0.319584
v 0.453007 2.294653 -0.323026
v 0.495314 2.155066 -0.356578
v 0.517925 2.183763 -0.399767
v 0.518614 2.205842 -0.347689
v 0.474930 2.301271 -0.418292
v 0.508422 2.278944 -0.378546
v 0.507733 2.256866 -0.430624
v 0.355840 1.528301 -0.059984
v 0.339525 1.589462 -0.091499
v 0.288820 1.542119 -0.077801
v 0.108589 1.693228 -0.405189
v 0.078070 1.657766 -0.458208
v 0.081301 1.633035 -0.349223
v 0.341636 1.431679 -0.081489
v 0.274616 1.445497 -0.099305
v 0.311117 1.396218 -0.134509
v 0.061096 1.567711 -0.521472
v 0.103598 1.487134 -0.405931
v 0.067097 1.536413 -0.370727
v 0.443046 1.526365 -0.108885
v 0.463232 1.538247 -0.175604
v 0.426731 1.587526 -0.140401
v 0.185463 1.667712 -0.573828
v 0.179481 1.752452 -0.485605
v 0.252467 1.652551 -0.552833
v 0.428842 1.429743 -0.130390
v 0.398323 1.394282 -0.183410
v 0.449028 1.441625 -0.197109
v 0.164157 1.522779 -0.606086
v 0.231176 1.508962 -0.588269
v 0.136868 1.462586 -0.550120
v 0.182822 1.191560 -0.349773
v 0.190339 1.163480 -0.322296
v 0.130894 1.170388 -0.357205
v 0.342910 1.429860 -0.048136
v 0.353619 1.499615 -0.052568
v 0.288709 1.473150 -0.061857
v 0.171547 1.233680 -0.390989
v 0.119620 1.212508 -0.398421
v 0.164031 1.261760 -0.418467
v 0.334827 1.569815 -0.121261
v 0.305327 1.570261 -0.185522
v 0.269917 1.543350 -0.130550
v 0.236589 1.181733 -0.374524
v 0.256350 1.147459 -0.414956
v 0.244106 1.153653 -0.347047
v 0.443230 1.483237 -0.093819
v 0.432521 1.413483 -0.089387
v 0.467931 1.440394 -0.144359
v 0.225314 1.223854 -0.415740
v 0.217797 1.251934 -0.443217
v 0.245075 1.189579 -0.456172
v 0.424438 1.553437 -0.162512
v 0.449139 1.510594 -0.213052
v 0.394938 1.553883 -0.226773
v -0.384915 1.570183 -0.093658
v -0.370200 1.626689 -0.133540
v -0.317672 1.587348 -0.107214
v -0.115522 1.699911 -0.437313
v -0.076684 1.659421 -0.480350
v -0.089770 1.652561 -0.369527
v -0.360792 1.473188 -0.096814
v -0.293549 1.490352 -0.110370
v -0.321954 1.432698 -0.139852
v -0.048927 1.567271 -0.525956
v -0.094053 1.497912 -0.402165
v -0.065648 1.555566 -0.372683
v -0.465848 1.551871 -0.149466
v -0.479538 1.550723 -0.218829
v -0.451133 1.608377 -0.189348
v -0.171308 1.639961 -0.605521
v -0.181740 1.738105 -0.533002
v -0.238780 1.621657 -0.588556
v -0.441725 1.454875 -0.152622
v -0.402887 1.414386 -0.195659
v -0.455415 1.453727 -0.221985
v -0.135123 1.494468 -0.610255
v -0.202366 1.477304 -0.596699
v -0.109372 1.447118 -0.542469
v -0.155612 1.213346 -0.313612
v -0.163960 1.188505 -0.283392
v -0.101714 1.196190 -0.312826
v -0.365931 1.473265 -0.065401
v -0.381386 1.540591 -0.080509
v -0.314014 1.519146 -0.079526
v -0.143090 1.250607 -0.358941
v -0.089192 1.233451 -0.358155
v -0.134743 1.275448 -0.389161
v -0.360517 1.602694 -0.156059
v -0.324191 1.597469 -0.216500
v -0.293144 1.581248 -0.155076
v -0.205391 1.195550 -0.341991
v -0.217865 1.154666 -0.379044
v -0.213739 1.170709 -0.311771
v -0.464351 1.510932 -0.127808
v -0.448896 1.443605 -0.112700
v -0.479943 1.459827 -0.174124
v -0.192869 1.232812 -0.387321
v -0.184521 1.257653 -0.417540
v -0.205343 1.191928 -0.424373
v -0.443482 1.573034 -0.203357
v -0.459073 1.521929 -0.249673
v -0.407156 1.567810 -0.263799
v 0.412424 2.177913 -0.308694
v 0.375234 2.206512 -0.340300
v 0.418179 2.179166 -0.364956
v 0.380433 2.264319 -0.395358
v 0.422824 2.293526 -0.418810
v 0.423379 2.236973 -0.420013
v 0.492005 2.178521 -0.300541
v 0.497760 2.179774 -0.356802
v 0.534396 2.207728 -0.323993
v 0.502405 2.294134 -0.410657
v 0.539596 2.265534 -0.379051
v 0.502960 2.237581 -0.411860
v 0.399221 2.406727 -0.098766
v 0.401170 2.428404 -0.119413
v 0.371328 2.428176 -0.122470
v 0.404654 2.514174 -0.159804
v 0.372861 2.492269 -0.142215
v 0.405070 2.471759 -0.160706
v 0.458906 2.407183 -0.092651
v 0.490699 2.429088 -0.110240
v 0.460856 2.428860 -0.113297
v 0.464340 2.514630 -0.153688
v 0.464756 2.472215 -0.154591
v 0.492233 2.493180 -0.129984
v -0.230747 2.037336 -0.496769
v -0.189338 2.094469 -0.492176
v -0.194808 2.059601 -0.553449
v -0.182313 2.180896 -0.541985
v -0.216698 2.210191 -0.596387
v -0.181298 2.141839 -0.609613
v -0.306541 2.009497 -0.555763
v -0.270602 2.031763 -0.612443
v -0.340926 2.038792 -0.610164
v -0.292492 2.182353 -0.655381
v -0.333901 2.125220 -0.659973
v -0.250607 2.109811 -0.674962
v -0.437966 2.181716 -0.315621
v -0.461098 2.233045 -0.310124
v -0.404839 2.227422 -0.311947
v -0.426727 2.320000 -0.395315
v -0.399219 2.296564 -0.351794
v -0.455478 2.302187 -0.349971
v -0.498602 2.159445 -0.362816
v -0.526109 2.182881 -0.406337
v -0.521733 2.210775 -0.357319
v -0.487362 2.297729 -0.442510
v -0.516113 2.279917 -0.397166
v -0.520490 2.252023 -0.446184
v -0.412790 2.178337 -0.337300
v -0.380109 2.205601 -0.374564
v -0.428094 2.181024 -0.391693
v -0.391570 2.264700 -0.427250
v -0.435714 2.296536 -0.442672
v -0.439556 2.240124 -0.444379
v -0.489615 2.182908 -0.315459
v -0.504919 2.185596 -0.369851
v -0.533758 2.214744 -0.330881
v -0.512539 2.301108 -0.420831
v -0.545220 2.273844 -0.383568
v -0.516381 2.244696 -0.422538
v -0.351069 2.401865 -0.130357
v -0.355367 2.424028 -0.150114
v -0.326558 2.422314 -0.158305
v -0.361082 2.510662 -0.188349
v -0.327974 2.486785 -0.176782
v -0.363963 2.468353 -0.189629
v -0.408687 2.405294 -0.113976
v -0.441795 2.429171 -0.125543
v -0.412986 2.427456 -0.133733
v -0.418700 2.514091 -0.171968
v -0.421582 2.471781 -0.173248
v -0.443212 2.493642 -0.144020
v 0.015737 1.469382 -0.585895
v 0.015170 1.558982 -0.652764
v -0.008812 2.194001 -0.664988
v 0.000462 2.070426 -0.760084
v 0.006296 1.495614 -0.438508
v -0.003712 1.611445 -0.357992
v -0.020222 2.201440 -0.465453
v -0.020871 2.035364 -0.359065
v 0.004747 1.832574 -0.700854
v -0.012368 1.843733 -0.401551
v 0.167872 0.940087 -0.282410
v 0.170497 1.149796 -0.359967
v 0.102101 1.185789 -0.522836
v 0.151706 1.219997 -0.428660
v 0.221638 0.930260 -0.307160
v 0.224264 1.139970 -0.384717
v 0.155868 1.175962 -0.547587
v 0.205472 1.210170 -0.453410
v 0.187976 0.974741 -0.252495
v 0.122206 1.220443 -0.492921
v 0.175972 1.210616 -0.517672
v 0.241742 0.964915 -0.277246
v 0.095313 1.020114 -0.326353
v 0.247218 1.025734 -0.434951
v 0.267322 1.060389 -0.405036
v 0.115418 1.054769 -0.296438
v -0.129032 0.975150 -0.210869
v -0.139074 1.171905 -0.316635
v -0.055988 1.192508 -0.475293
v -0.118204 1.234008 -0.392185
v -0.178811 0.957354 -0.239248
v -0.188853 1.154110 -0.345014
v -0.105767 1.174712 -0.503672
v -0.167983 1.216212 -0.420564
v -0.154923 1.011425 -0.188203
v -0.081879 1.228783 -0.452626
v -0.131657 1.210988 -0.481005
v -0.204702 0.993629 -0.216582
v -0.058384 1.055048 -0.258040
v -0.197285 1.032712 -0.380952
v -0.223176 1.068987 -0.358285
v -0.084274 1.091323 -0.235373
v 0.402104 2.469096 -0.101875
v 0.398314 2.472317 -0.131460
v 0.461616 2.470850 -0.109308
v 0.457826 2.474070 -0.138892
v 0.371882 2.498034 -0.094854
v 0.368093 2.501254 -0.124439
v 0.480988 2.501249 -0.108480
v 0.477198 2.504469 -0.138065
v 0.370640 2.577537 -0.086041
v 0.366850 2.580757 -0.115626
v 0.479745 2.580752 -0.099668
v 0.475956 2.583972 -0.129253
v 0.361653 2.517617 -0.091412
v 0.357863 2.520837 -0.120997
v 0.361187 2.547431 -0.088107
v 0.357397 2.550651 -0.117692
v 0.311905 2.526093 -0.084117
v 0.308115 2.529314 -0.113701
v 0.311594 2.545969 -0.081913
v 0.307804 2.549189 -0.111498
v 0.449834 2.589813 -0.094850
v 0.446044 2.593033 -0.124435
v 0.479590 2.590690 -0.098566
v 0.475800 2.593910 -0.128151
v 0.448282 2.689192 -0.083834
v 0.444492 2.692412 -0.113419
v 0.478038 2.690069 -0.087550
v 0.474248 2.693289 -0.117135
v 0.410160 2.588644 -0.089895
v 0.406370 2.591864 -0.119480
v 0.439916 2.589520 -0.093611
v 0.436126 2.592741 -0.123196
v 0.408607 2.688023 -0.078879
v 0.404817 2.691243 -0.108464
v 0.438363 2.688900 -0.082595
v 0.434573 2.692120 -0.112180
v 0.370485 2.587475 -0.084940
v 0.366695 2.590695 -0.114524
v 0.400241 2.588352 -0.088656
v 0.396451 2.591572 -0.118241
v 0.368932 2.686854 -0.073924
v 0.365142 2.690074 -0.103509
v 0.398688 2.687731 -0.077640
v 0.394898 2.690951 -0.107225
v -0.350927 2.465793 -0.132117
v -0.352132 2.470899 -0.161655
v -0.410859 2.466905 -0.129480
v -0.412064 2.472011 -0.159018
v -0.320189 2.494794 -0.128358
v -0.321395 2.499900 -0.157896
v -0.430064 2.496833 -0.123523
v -0.431269 2.501939 -0.153061
v -0.318131 2.573613 -0.114818
v -0.319336 2.578719 -0.144355
v -0.428006 2.575652 -0.109982
v -0.429211 2.580758 -0.139520
v -0.309686 2.514314 -0.125412
v -0.310891 2.519419 -0.154950
v -0.308914 2.543870 -0.120335
v -0.310119 2.548976 -0.149873
v -0.259486 2.523239 -0.125918
v -0.260691 2.528345 -0.155456
v -0.258971 2.542944 -0.122533
v -0.260176 2.548050 -0.152070
v -0.397783 2.584948 -0.109609
v -0.398988 2.590054 -0.139146
v -0.427749 2.585504 -0.108290
v -0.428954 2.590610 -0.137828
v -0.395210 2.683472 -0.092683
v -0.396415 2.688578 -0.122221
v -0.425175 2.684028 -0.091364
v -0.426381 2.689134 -0.120902
v -0.357828 2.584207 -0.111367
v -0.359033 2.589313 -0.140904
v -0.387794 2.584763 -0.110048
v -0.388999 2.589869 -0.139586
v -0.355255 2.682731 -0.094441
v -0.356460 2.687836 -0.123979
v -0.385221 2.683287 -0.093122
v -0.386426 2.688392 -0.122660
v -0.317874 2.583466 -0.113125
v -0.319079 2.588571 -0.142663
v -0.347840 2.584022 -0.111806
v -0.349045 2.589128 -0.141344
v -0.315301 2.681989 -0.096200
v -0.316506 2.687095 -0.125737
v -0.345267 2.682545 -0.094881
v -0.346472 2.687651 -0.124418
v 0.145510 1.811514 -0.689361
v -0.152623 1.850632 -0.410100
v -0.226648 1.802623 -0.660731
v 0.222681 1.850779 -0.487859
v -0.236089 1.828855 -0.513344
v -0.133741 1.798168 -0.704873
v 0.232122 1.824547 -0.635246
v 0.126628 1.863977 -0.394588
v -0.012998 1.857304 -0.402344
v 0.005884 1.804841 -0.697117
v 0.140134 1.879263 -0.650877
v -0.151705 1.900894 -0.469874
v -0.139117 1.865918 -0.666389
v 0.127546 1.914239 -0.454361
v 0.131504 1.804627 -0.439536
v 0.143438 1.785281 -0.637511
v -0.012047 1.907091 -0.461854
v 0.000506 1.872931 -0.658468
v -0.135905 1.774331 -0.653095
v -0.147845 1.793834 -0.455125
v 0.003802 1.779370 -0.644957
v -0.008196 1.800526 -0.446947
vn -0.0476 -0.2182 0.9747
vn 0.9663 -0.2490 0.0645
vn 0.5988 -0.1682 0.7830
vn -0.0297 0.9988 -0.0389
vn -0.9497 -0.3103 -0.0427
vn 0.0619 -0.2401 -0.9688
vn -0.6142 -0.3803 0.6915
vn -0.6313 0.2338 0.7394
vn -0.4230 -0.5437 -0.7249
vn -0.6476 0.4336 -0.6266
vn 0.5533 -0.3712 0.7457
vn 0.5287 0.2709 0.8044
vn 0.5412 -0.5344 -0.6492
vn 0.6845 0.4762 -0.5520
vn -0.7556 -0.6516 0.0676
vn -0.7695 -0.1285 0.6256
vn -0.9276 0.3279 0.1790
vn -0.4304 -0.1377 -0.8921
vn 0.0729 -0.5962 -0.7995
vn -0.0390 0.6076 -0.7933
vn 0.5375 -0.0914 -0.8383
vn 0.7662 -0.6225 0.1599
vn 0.7901 0.6076 0.0807
vn 0.7000 0.1231 0.7035
vn -0.0182 -0.5717 0.8202
vn -0.1114 0.5364 0.8366
vn 0.0371 -0.9834 0.1774
vn 0.7185 -0.2012 -0.6658
vn -0.6255 -0.2442 -0.7410
vn 0.5926 0.6120 0.5237
vn 0.0245 0.4951 -0.8685
vn 0.0247 0.4950 -0.8685
vn 0.5223 0.8447 -0.1169
vn -0.7024 0.5501 0.4518
vn -0.3689 0.4368 -0.8205
vn 0.1714 -0.9670 -0.1883
vn 0.4248 -0.5493 -0.7196
vn 0.4674 -0.0028 -0.8841
vn 0.2306 0.7963 -0.5592
vn 0.3293 -0.8299 -0.4504
vn 0.4680 -0.2025 -0.8602
vn 0.4661 -0.1986 -0.8621
vn 0.4684 -0.2033 -0.8598
vn 0.3542 0.5058 -0.7866
vn 0.0624 0.9718 -0.2276
vn 0.5382 -0.8146 -0.2165
vn 0.9210 -0.1652 -0.3528
vn 0.9196 -0.1693 -0.3546
vn 0.9192 -0.1702 -0.3550
vn 0.7875 0.5376 -0.3014
vn 0.1696 0.9796 -0.1076
vn 0.2692 -0.9599 -0.0788
vn 0.7977 -0.5220 -0.3019
vn 0.9301 0.0311 -0.3659
vn 0.5290 0.8182 -0.2250
vn 0.9197 -0.1349 0.3687
vn 0.9204 -0.1430 0.3639
vn 0.9205 -0.1445 0.3630
vn 0.7769 0.5738 0.2591
vn 0.1604 0.9856 0.0532
vn 0.2544 -0.9502 0.1799
vn 0.8085 -0.5044 0.3032
vn 0.9280 0.0605 0.3676
vn 0.5034 0.8349 0.2224
vn 0.4428 -0.8460 0.2969
vn 0.1447 -0.9497 0.2778
vn 0.2894 -0.4860 0.8246
vn 0.2908 -0.4843 0.8251
vn 0.2891 -0.4864 0.8245
vn 0.3232 0.0645 0.9441
vn 0.1688 0.8366 0.5211
vn 0.2874 -0.7644 0.5771
vn 0.3235 -0.1351 0.9365
vn 0.3238 -0.1346 0.9365
vn 0.3234 -0.1353 0.9365
vn 0.2230 0.6063 0.7633
vn 0.0402 0.9862 0.1604
vn -0.4299 0.0404 0.9020
vn -0.2788 0.8223 0.4961
vn -0.3007 -0.7832 0.5441
vn -0.4170 -0.1581 0.8950
vn -0.4167 -0.1587 0.8951
vn -0.4166 -0.1589 0.8951
vn -0.3449 0.5882 0.7315
vn -0.1205 0.9811 0.1514
vn -0.1141 -0.9579 0.2633
vn -0.3496 -0.5048 0.7893
vn -0.3480 -0.5064 0.7889
vn -0.3477 -0.5068 0.7889
vn -0.4184 -0.8735 0.2487
vn -0.9443 -0.2025 0.2595
vn -0.9446 -0.1945 0.2643
vn -0.9442 -0.2041 0.2586
vn -0.8359 0.5223 0.1688
vn -0.2277 0.9732 0.0314
vn -0.2119 -0.9651 0.1538
vn -0.8035 -0.5559 0.2130
vn -0.9652 -0.0000 0.2616
vn -0.5772 0.8004 0.1619
vn -0.7816 0.4875 -0.3893
vn -0.2185 0.9672 -0.1293
vn -0.1971 -0.9748 -0.1049
vn -0.7242 -0.5706 -0.3872
vn -0.8836 -0.0268 -0.4674
vn -0.5516 0.7837 -0.2855
vn -0.4577 -0.8464 -0.2722
vn -0.8616 -0.2263 -0.4543
vn -0.8635 -0.2222 -0.4527
vn -0.8612 -0.2271 -0.4547
vn -0.0874 -0.9753 -0.2028
vn -0.3060 -0.5727 -0.7605
vn -0.3647 -0.0294 -0.9306
vn -0.2170 0.7820 -0.5842
vn -0.2235 -0.8476 -0.4813
vn -0.3535 -0.2248 -0.9080
vn -0.3553 -0.2288 -0.9063
vn -0.3557 -0.2297 -0.9059
vn -0.2957 0.4850 -0.8230
vn -0.0984 0.9666 -0.2366
vn -0.6455 0.2189 0.7317
vn 0.7099 0.3556 0.6079
vn -0.0814 0.9348 -0.3458
vn -0.6937 -0.4448 -0.5665
vn 0.7369 -0.1731 -0.6534
vn -0.7362 -0.6195 0.2724
vn -0.8600 0.4958 -0.1208
vn 0.0636 -0.8462 -0.5290
vn 0.0367 0.2925 -0.9556
vn 0.0835 -0.2089 0.9744
vn -0.0636 0.8462 0.5290
vn 0.8833 -0.4356 0.1730
vn 0.7362 0.6195 -0.2724
vn -0.4119 -0.8976 -0.1571
vn -0.9918 -0.1126 0.0609
vn -0.5523 0.4743 -0.6855
vn 0.1647 -0.4695 -0.8674
vn 0.6270 -0.7589 -0.1760
vn 0.4472 0.5304 -0.7202
vn 0.9918 0.1126 -0.0609
vn 0.5921 -0.3947 0.7026
vn 0.4119 0.8976 0.1571
vn 0.0122 0.3903 0.9206
vn -0.3503 -0.4818 0.8032
vn -0.5301 0.8074 0.2590
vn 0.1728 -0.8890 0.4241
vn 0.1420 0.9662 0.2150
vn 0.8709 -0.0166 -0.4911
vn 0.8726 -0.0104 -0.4883
vn 0.8704 -0.0185 -0.4919
vn -0.6104 0.4017 -0.6827
vn -0.5995 0.3754 -0.7069
vn -0.5435 0.2577 -0.7989
vn -0.7971 -0.0172 0.6037
vn -0.1420 -0.9662 -0.2150
vn -0.1511 0.4206 0.8946
vn -0.8452 0.5152 0.1420
vn -0.3151 -0.6950 0.6462
vn -0.8221 -0.5623 -0.0897
vn -0.8247 -0.5589 -0.0864
vn -0.8280 -0.5546 -0.0822
vn 0.8559 0.3983 0.3299
vn 0.3543 0.6863 -0.6352
vn 0.6919 -0.7174 0.0816
vn 0.0488 -0.6919 -0.7203
vn -0.2855 -0.1680 0.9435
vn -0.4665 0.6676 0.5803
vn -0.9885 0.1369 0.0641
vn -0.9887 0.1352 0.0647
vn -0.9878 0.1429 0.0617
vn -0.6664 -0.6920 0.2777
vn 0.2307 -0.8649 0.4457
vn -0.8196 -0.5654 -0.0928
vn 0.2859 -0.8845 -0.3686
vn 0.9478 -0.1954 0.2520
vn 0.3182 0.1764 -0.9315
vn 0.2985 0.1713 -0.9389
vn 0.2855 0.1680 -0.9435
vn 0.7166 0.6690 -0.1973
vn 0.7212 0.6631 -0.2002
vn 0.7219 0.6623 -0.2006
vn 0.4316 0.5015 0.7498
vn -0.6437 0.5296 -0.5524
vn 0.4683 -0.2570 0.8454
vn 0.1581 -0.7507 0.6414
vn 0.8674 -0.2095 -0.4514
vn 0.4021 0.6931 0.5983
vn -0.9209 0.1173 0.3718
vn -0.2168 0.6496 -0.7288
vn 0.3493 -0.6059 -0.7147
vn -0.1767 0.0894 0.9802
vn -0.3937 0.9000 0.1870
vn -0.9180 -0.3743 -0.1314
vn 0.8580 -0.0997 0.5039
vn 0.6410 0.7109 -0.2893
vn -0.4877 -0.4660 0.7383
vn -0.3493 0.6059 0.7147
vn -0.7982 0.5504 -0.2447
vn -0.4021 -0.6931 -0.5983
vn 0.1514 0.9865 -0.0627
vn 0.4644 0.3196 -0.8259
vn 0.9180 0.3743 0.1314
vn 0.7291 -0.6695 0.1419
vn 0.4172 -0.0063 0.9088
vn 0.0137 0.9319 0.3625
vn -0.8082 -0.1807 -0.5604
vn -0.8106 -0.1744 -0.5590
vn -0.8111 -0.1731 -0.5587
vn 0.6409 0.3107 -0.7019
vn 0.6474 0.3473 -0.6784
vn 0.6080 0.1764 -0.7741
vn 0.7255 0.1586 0.6697
vn 0.2412 -0.9700 -0.0316
vn 0.0188 0.5733 0.8192
vn 0.7810 0.6109 0.1300
vn 0.2974 -0.5467 0.7827
vn 0.8861 -0.4588 0.0659
vn 0.8827 -0.4660 0.0607
vn 0.8846 -0.4619 0.0637
vn -0.9157 0.3618 0.1747
vn -0.3397 0.5353 -0.7733
vn -0.6372 -0.7582 0.1383
vn 0.0852 -0.8013 -0.5921
vn 0.1936 0.0162 0.9809
vn 0.3118 0.8305 0.4616
vn 0.9645 0.2328 0.1249
vn 0.9647 0.2315 0.1257
vn 0.9653 0.2274 0.1281
vn 0.6853 -0.5697 0.4538
vn -0.2081 -0.7991 0.5640
vn 0.7870 -0.3238 -0.5251
vn -0.4424 -0.8254 -0.3507
vn -0.9510 -0.2427 0.1917
vn -0.2075 -0.0134 -0.9781
vn -0.2285 -0.0092 -0.9735
vn -0.1936 -0.0162 -0.9809
vn -0.7461 0.5476 -0.3787
vn -0.7419 0.5551 -0.3762
vn -0.7467 0.5466 -0.3790
vn -0.5492 0.5726 0.6086
vn 0.6557 0.4925 -0.5723
vn -0.5355 -0.1602 0.8292
vn -0.1704 -0.6723 0.7204
vn -0.7934 -0.3442 -0.5021
vn -0.5178 0.7255 0.4533
vn 0.8623 0.2477 0.4418
vn 0.2459 0.5664 -0.7866
vn -0.2205 -0.7227 -0.6550
vn 0.0595 0.2316 0.9710
vn 0.3005 0.9487 0.0986
vn 0.9528 -0.3033 0.0139
vn -0.8984 -0.1109 0.4248
vn -0.6575 0.6062 -0.4475
vn 0.4819 -0.2909 0.8265
vn 0.2205 0.7227 0.6550
vn 0.7760 0.5841 -0.2380
vn 0.5178 -0.7255 -0.4533
vn -0.2186 0.9521 -0.2137
vn -0.3569 0.2077 -0.9108
vn -0.9528 0.3033 -0.0139
vn -0.6870 -0.7088 0.1601
vn -0.5137 0.0739 0.8548
vn -0.9978 0.0369 -0.0555
vn -0.0789 0.6912 0.7183
vn 0.0603 0.7619 -0.6449
vn 0.0789 -0.6912 -0.7183
vn 0.9876 0.0521 0.1480
vn -0.5663 -0.8207 -0.0762
vn -0.4913 0.0137 -0.8709
vn 0.5823 -0.8119 0.0415
vn 0.6574 0.0225 -0.7532
vn 0.4913 -0.0137 0.8709
vn -0.6574 -0.0225 0.7532
vn 0.0098 -0.9997 -0.0213
vn -0.6476 -0.4942 -0.5800
vn 0.1017 0.0222 -0.9946
vn 0.7592 -0.4834 -0.4358
vn 0.6505 -0.4572 0.6065
vn 0.7430 0.5584 -0.3690
vn -0.7374 0.2149 0.6403
vn -0.1017 -0.0222 0.9946
vn 0.5889 0.2250 0.7762
vn -0.7530 -0.4679 0.4627
vn -0.7530 -0.4679 0.4626
vn -0.6611 0.5476 -0.5129
vn -0.0699 -0.6766 0.7330
vn 0.7146 0.3048 0.6296
vn -0.6485 0.4190 0.6355
vn 0.0283 0.8895 -0.4561
vn 0.6383 -0.5029 -0.5828
vn -0.7981 -0.2508 -0.5478
vn 0.7715 -0.5802 0.2613
vn 0.8338 0.4834 -0.2667
vn -0.1037 -0.9016 -0.4199
vn -0.1417 0.1809 -0.9732
vn 0.0226 -0.0964 0.9951
vn 0.1037 0.9016 0.4199
vn -0.8526 -0.4178 0.3139
vn -0.7715 0.5802 -0.2613
vn 0.4089 -0.9074 -0.0972
vn 0.9945 -0.0994 -0.0322
vn 0.4691 0.3957 -0.7895
vn -0.0774 -0.4931 -0.8665
vn -0.6285 -0.7775 -0.0214
vn -0.5294 0.4419 -0.7242
vn -0.9945 0.0994 0.0322
vn -0.5083 -0.3149 0.8016
vn -0.4089 0.9074 0.0972
vn 0.0774 0.4931 0.8665
vn 0.4409 -0.3847 0.8109
vn 0.5400 0.8347 0.1082
vn -0.1119 -0.8355 0.5380
vn 0.9763 -0.0395 -0.2128
vn 0.2393 0.6716 0.7012
vn -0.1290 0.7769 -0.6163
vn -0.2393 -0.6716 -0.7012
vn -0.9429 0.1003 0.3176
vn 0.4990 -0.8472 -0.1823
vn 0.3335 0.0058 -0.9427
vn -0.6099 -0.7812 0.1330
vn -0.7753 0.0718 -0.6275
vn -0.3335 -0.0058 0.9427
vn 0.7753 -0.0718 0.6275
vn -0.0679 -0.9972 -0.0302
vn 0.5098 -0.5153 -0.6889
vn -0.2705 0.0475 -0.9615
vn -0.8483 -0.4345 -0.3028
vn -0.5600 -0.4350 0.7051
vn -0.5601 -0.4350 0.7051
vn -0.7639 0.6035 -0.2284
vn 0.2705 -0.0475 0.9615
vn -0.4329 0.2396 0.8690
vn 0.7949 -0.5156 0.3199
vn 0.5915 0.5228 -0.6138
vn 0.1584 -0.6940 0.7024
vn -0.0716 0.7653 0.6397
vn -0.0717 0.7645 0.6407
vn -0.0721 0.7639 0.6413
vn 0.0246 0.4951 -0.8685
vn 0.0246 0.4952 -0.8684
vn -0.0643 0.5028 0.8620
vn 0.0885 0.6116 -0.7862
vn -0.1339 0.9895 0.0547
vn -0.5191 0.6622 0.5404
vn 0.8371 0.3445 0.4249
vn 0.4357 0.5021 0.7470
vn 0.1879 -0.7020 0.6869
vn 0.9018 -0.4128 -0.1279
vn -0.1879 0.7020 -0.6869
vn -0.9152 0.3231 0.2408
vn -0.6717 -0.2207 0.7071
vn 0.8043 0.0448 -0.5925
vn 0.8841 0.2345 -0.4042
vn 0.0681 0.5269 0.8472
vn 0.4038 0.7711 0.4923
vn -0.9030 0.3193 0.2875
vn -0.5530 0.5532 0.6230
vn -0.2087 -0.6210 0.7555
vn -0.8478 -0.5060 -0.1586
vn 0.2087 0.6210 -0.7555
vn 0.8554 0.4333 0.2836
vn 0.6040 -0.0652 0.7943
vn -0.7347 -0.1056 -0.6701
vn -0.8491 0.0988 -0.5189
vn -0.2017 0.6241 0.7549
vn 0.0155 -0.9938 -0.1102
vn 0.8339 -0.5269 -0.1642
vn -0.6904 -0.7234 0.0097
vn 0.1263 -0.1073 0.9862
vn -0.1263 0.1073 -0.9862
vn 0.9919 0.0292 -0.1239
vn -0.9919 -0.0292 0.1239
vn -0.1793 -0.9802 -0.0837
vn -0.0155 0.9938 0.1102
vn -0.0257 -0.9852 -0.1693
vn -0.8454 -0.5311 -0.0573
vn 0.6881 -0.7098 -0.1508
vn 0.0402 -0.1702 0.9846
vn -0.0402 0.1702 -0.9846
vn -0.9989 0.0185 0.0440
vn 0.9989 -0.0185 -0.0440
vn 0.1707 -0.9697 -0.1746
vn 0.0257 0.9852 0.1693
vn 0.0257 0.9852 0.1692
vn 0.0629 -0.1749 -0.9826
vn -0.0629 0.1749 0.9826
vn 0.9950 0.0869 0.0483
vn -0.9980 -0.0083 -0.0624
vn -0.7162 0.0709 0.6943
vn 0.4141 0.4742 -0.7770
vn -0.0731 0.7644 0.6406
vn -0.5841 0.7918 -0.1783
vn -0.0362 0.9840 -0.1745
vn -0.0359 0.9839 -0.1749
vn -0.0374 0.9839 -0.1749
vn 0.4915 -0.8653 0.0984
vn 0.5141 -0.8539 0.0816
vn 0.5395 -0.8397 0.0622
vn -0.3351 -0.7087 -0.6209
vn 0.0651 -0.7236 -0.6872
vn 0.0631 -0.7195 -0.6917
vn 0.0618 -0.7178 -0.6935
vn -0.0120 -0.7229 0.6909
vn -0.0137 -0.7141 0.6999
vn -0.0104 -0.7248 0.6889
vn 0.5791 -0.5638 0.5889
vn 0.0632 -0.7285 -0.6822
vn 0.0667 -0.7233 -0.6873
vn -0.0153 -0.7251 0.6884
vn -0.0154 -0.7252 0.6884
vn -0.4558 -0.8890 0.0443
vn -0.4756 -0.8793 0.0259
vn -0.4362 -0.8977 0.0621
vn 0.4415 -0.6938 -0.5690
vn -0.6119 -0.5888 0.5281
vn 0.0343 -0.9939 0.1050
vn 0.0329 -0.9941 0.1029
vn 0.0418 -0.9941 0.1004
vn 0.0315 -0.9940 0.1046
vn 0.0329 -0.9936 0.1082
vn -0.2010 -0.1151 0.9728
vn 0.9515 -0.0950 0.2925
vn 0.7015 -0.0815 0.7080
vn 0.0637 0.9958 0.0658
vn -0.9702 -0.1564 0.1849
vn 0.0809 -0.2280 -0.9703
vn -0.6704 -0.2088 0.7120
vn -0.8312 0.5558 -0.0101
vn -0.4759 -0.1527 -0.8662
vn 0.5810 -0.1022 -0.8074
vn 0.8791 0.3857 0.2802
vn 0.6231 0.1879 0.7593
vn 0.5656 -0.2700 -0.7792
vn -0.4569 -0.3027 -0.8365
vn 0.0244 0.4952 -0.8684
vn 0.4181 -0.5353 -0.7339
vn 0.4355 -0.0727 -0.8972
vn 0.3117 -0.8142 -0.4899
vn 0.4658 -0.1979 -0.8625
vn 0.5743 -0.7949 -0.1959
vn 0.9213 -0.1644 -0.3525
vn 0.8103 -0.5065 -0.2948
vn 0.9441 -0.0353 -0.3278
vn 0.9196 -0.1336 0.3695
vn 0.6681 0.6783 0.3058
vn 0.8153 -0.4751 0.3310
vn 0.9424 -0.0070 0.3343
vn 0.5624 -0.7961 0.2235
vn 0.2910 -0.4841 0.8252
vn 0.2930 -0.0038 0.9561
vn 0.2019 -0.8083 0.5530
vn 0.3239 -0.1344 0.9365
vn 0.2645 0.5643 0.7821
vn -0.3970 -0.0259 0.9175
vn -0.2104 -0.8215 0.5300
vn -0.4171 -0.1581 0.8950
vn -0.3854 0.5435 0.7457
vn -0.3498 -0.5046 0.7893
vn -0.5320 -0.8311 0.1623
vn -0.9447 -0.1932 0.2651
vn -0.7399 0.6333 0.2270
vn -0.8152 -0.5272 0.2397
vn -0.9715 -0.0682 0.2271
vn -0.7385 -0.5560 -0.3815
vn -0.8975 -0.0942 -0.4309
vn -0.4971 -0.8291 -0.2559
vn -0.8639 -0.2215 -0.4524
vn -0.2987 -0.5582 -0.7741
vn -0.3273 -0.0971 -0.9399
vn -0.2027 -0.8306 -0.5187
vn -0.3532 -0.2241 -0.9083
vn -0.7355 -0.5062 -0.4503
vn -0.9764 -0.1350 0.1683
vn -0.5556 0.5474 -0.6258
vn -0.0122 -0.3903 -0.9206
vn -0.1379 0.8516 0.5057
vn 0.8729 -0.0091 -0.4877
vn -0.6496 0.5152 -0.5591
vn -0.3523 -0.9327 0.0775
vn -0.4328 0.7112 0.5539
vn -0.9892 0.1306 0.0665
vn -0.6803 -0.3093 -0.6644
vn 0.5513 -0.7149 -0.4301
vn 0.3309 0.1796 -0.9264
vn 0.7155 0.6704 -0.1966
vn -0.6919 0.7174 -0.0816
vn -0.5335 -0.4387 0.7231
vn -0.7668 0.5767 -0.2820
vn 0.4255 0.3587 -0.8308
vn 0.7046 -0.6839 0.1894
vn -0.2412 0.9700 0.0316
vn -0.8075 -0.1826 -0.5609
vn 0.6606 0.4833 -0.5745
vn 0.4151 -0.8690 0.2693
vn 0.3459 0.7951 0.4982
vn 0.9640 0.2357 0.1232
vn 0.8875 -0.4558 0.0681
vn -0.1726 -0.9562 -0.2363
vn -0.2422 -0.0064 -0.9702
vn -0.7408 0.5570 -0.3755
vn 0.6372 0.7582 -0.1383
vn 0.4370 -0.3200 0.8406
vn 0.7470 0.6024 -0.2814
vn -0.3930 0.1662 -0.9044
vn -0.6668 -0.7146 0.2113
vn -0.9991 0.0115 -0.0402
vn 0.9862 0.0267 0.1632
vn 0.0284 0.8895 -0.4561
vn 0.6932 -0.5504 -0.4654
vn 0.9909 -0.1095 0.0781
vn 0.4774 0.4752 -0.7392
vn -0.2463 -0.5667 -0.7862
vn 0.9737 -0.0138 -0.2273
vn -0.9403 0.0745 0.3321
vn 0.8475 0.1634 0.5050
vn -0.0170 0.5394 0.8419
vn 0.0425 -0.2293 -0.9724
vn 0.0982 -0.1055 0.9896
vn -0.8961 0.1638 0.4125
vn 0.8826 0.4276 0.1955
vn 0.8296 0.2966 0.4730
vn -0.9289 0.3675 0.0455
vn -0.7842 0.1108 0.6106
vn -0.0735 0.7639 0.6412
vn -0.0393 0.9833 -0.1775
vn -0.0408 0.9833 -0.1776
vn 0.4702 -0.8752 0.1139
vn -0.0167 -0.7102 0.7038
vn 0.0614 -0.7306 -0.6800
vn -0.4990 -0.8666 0.0038
vn 0.0240 -0.9948 0.0987
vt 0.171973 0.525509
vt 0.123271 0.470458
vt 0.172144 0.469481
vt 0.329048 0.559029
vt 0.269769 0.473003
vt 0.323413 0.469622
vt 0.224429 0.536019
vt 0.271784 0.555717
vt 0.171578 0.656843
vt 0.106282 0.592595
vt 0.171766 0.593801
vt 0.074500 0.472413
vt 0.014702 0.558079
vt 0.020877 0.468708
vt 0.125000 0.930227
vt 0.075188 0.848003
vt 0.125000 0.848094
vt 0.118558 0.132190
vt 0.128554 0.179315
vt 0.084127 0.157401
vt 0.119454 0.535702
vt 0.071980 0.555113
vt 0.178317 0.661080
vt 0.208858 0.690885
vt 0.178317 0.698336
vt 0.191748 0.987956
vt 0.192024 0.935909
vt 0.236681 0.952358
vt 0.221859 0.132190
vt 0.259325 0.156810
vt 0.215194 0.179315
vt 0.237257 0.592990
vt 0.075016 0.661080
vt 0.071683 0.698336
vt 0.041227 0.690545
vt 0.058252 0.987956
vt 0.013319 0.952358
vt 0.057976 0.935909
vt 0.075883 0.082205
vt 0.118558 0.082205
vt 0.042543 0.613558
vt 0.205958 0.781989
vt 0.171652 0.781644
vt 0.125000 0.698336
vt 0.125000 0.661080
vt 0.125000 0.982481
vt 0.044042 0.781989
vt 0.078348 0.781644
vt 0.221859 0.082205
vt 0.266690 0.132190
vt 0.300872 0.614338
vt 0.244949 0.645904
vt 0.263355 0.262163
vt 0.218526 0.262623
vt 0.171874 0.132190
vt 0.171874 0.179315
vt 0.171874 0.082205
vt 0.044107 0.843803
vt 0.012944 0.920851
vt 0.205893 0.843803
vt 0.237056 0.920851
vt 0.257957 0.283956
vt 0.218526 0.288649
vt 0.125000 0.807670
vt 0.125000 0.781644
vt 0.254571 0.305310
vt 0.218526 0.355295
vt 0.085792 0.283956
vt 0.125222 0.262623
vt 0.125222 0.288649
vt 0.204260 0.792310
vt 0.171652 0.807670
vt 0.859375 0.281250
vt 0.885106 0.256635
vt 0.891894 0.281971
vt 0.878070 0.544687
vt 0.829942 0.566924
vt 0.839826 0.536375
vt 0.877139 0.631101
vt 0.823645 0.598114
vt 0.877260 0.602341
vt 0.873976 0.447406
vt 0.934594 0.467677
vt 0.874324 0.491775
vt 0.878927 0.507119
vt 0.854765 0.501683
vt 0.877556 0.574516
vt 0.877239 0.666695
vt 0.821219 0.629738
vt 0.875000 0.406250
vt 0.903699 0.436254
vt 0.834141 0.487652
vt 0.773209 0.547252
vt 0.762023 0.666908
vt 0.754270 0.625547
vt 0.915413 0.407135
vt 0.883990 0.306981
vt 0.798480 0.513179
vt 0.760116 0.585778
vt 0.960087 0.407618
vt 0.979095 0.786317
vt 0.911469 0.770080
vt 0.963302 0.747280
vt 0.976809 0.872950
vt 0.919466 0.830703
vt 0.985192 0.827584
vt 0.904686 0.378021
vt 0.858654 0.313769
vt 0.902563 0.739887
vt 0.936872 0.715119
vt 0.917002 0.800032
vt 0.935899 0.346311
vt 0.902196 0.689550
vt 0.881474 0.703189
vt 0.833644 0.305865
vt 0.859375 0.775217
vt 0.859375 0.746487
vt 0.859375 0.833482
vt 0.859375 0.804002
vt 0.876024 0.365094
vt 0.875676 0.320725
vt 0.859375 0.711581
vt 0.915262 0.870591
vt 0.801748 0.800032
vt 0.815406 0.344823
vt 0.837276 0.703189
vt 0.807280 0.770080
vt 0.803488 0.870591
vt 0.799284 0.830703
vt 0.846301 0.376246
vt 0.826856 0.280529
vt 0.816186 0.739887
vt 0.816554 0.689550
vt 0.739655 0.786317
vt 0.755447 0.747280
vt 0.741941 0.872950
vt 0.733558 0.827584
vt 0.834587 0.405365
vt 0.834760 0.255519
vt 0.781878 0.715119
vt 0.789913 0.404882
vt 0.985902 0.668598
vt 0.931328 0.630590
vt 0.995730 0.628312
vt 0.845314 0.434479
vt 0.860096 0.248731
vt 0.958042 0.517210
vt 0.924813 0.568681
vt 0.916343 0.538099
vt 0.929860 0.599530
vt 0.991899 0.589902
vt 0.814101 0.466189
vt 0.924285 0.490207
vt 0.903231 0.502984
vt 0.981025 0.551821
vt 0.583817 0.819153
vt 0.525097 0.898741
vt 0.563570 0.808626
vt 0.628063 0.806345
vt 0.654283 0.767989
vt 0.660350 0.800277
vt 0.617358 0.920610
vt 0.599032 0.823030
vt 0.621253 0.825686
vt 0.654936 0.986696
vt 0.680806 0.942579
vt 0.689993 0.977463
vt 0.642322 0.920880
vt 0.659977 0.821184
vt 0.678207 0.917205
vt 0.503995 0.889049
vt 0.506153 0.912170
vt 0.558421 0.910405
vt 0.582191 0.915969
vt 0.564827 0.936598
vt 0.703061 0.911928
vt 0.695204 0.936090
vt 0.629540 0.948432
vt 0.548693 0.797289
vt 0.569057 0.790797
vt 0.596143 0.803693
vt 0.676036 0.814794
vt 0.636957 0.824580
vt 0.738224 0.900922
vt 0.710843 0.936791
vt 0.516849 0.922305
vt 0.578566 0.943435
vt 0.645187 0.951779
vt 0.686312 0.780446
vt 0.699604 0.799854
vt 0.470058 0.299152
vt 0.452611 0.418960
vt 0.442364 0.305175
vt 0.326228 0.305757
vt 0.276172 0.426432
vt 0.298318 0.300836
vt 0.432974 0.462553
vt 0.485991 0.461930
vt 0.463692 0.498123
vt 0.430355 0.408611
vt 0.394382 0.310892
vt 0.422638 0.308709
vt 0.382064 0.410332
vt 0.346066 0.308594
vt 0.374347 0.310429
vt 0.429441 0.289859
vt 0.444161 0.437132
vt 0.384765 0.293310
vt 0.391388 0.440615
vt 0.402099 0.410794
vt 0.474849 0.279693
vt 0.489305 0.293572
vt 0.520027 0.435520
vt 0.486323 0.427222
vt 0.524818 0.416061
vt 0.338604 0.289995
vt 0.328740 0.450756
vt 0.318037 0.433814
vt 0.349490 0.437647
vt 0.421095 0.288729
vt 0.392838 0.290911
vt 0.404539 0.442386
vt 0.432796 0.440203
vt 0.375645 0.290432
vt 0.347364 0.288596
vt 0.389416 0.441153
vt 0.329708 0.286022
vt 0.301797 0.281100
vt 0.272692 0.446167
vt 0.314557 0.453549
vt 0.465799 0.279570
vt 0.438105 0.285593
vt 0.447841 0.438424
vt 0.459775 0.251877
vt 0.432082 0.257900
vt 0.475275 0.183301
vt 0.460812 0.049200
vt 0.480066 0.050836
vt 0.530222 0.182420
vt 0.498554 0.038345
vt 0.517862 0.037557
vt 0.438530 0.235355
vt 0.473347 0.205992
vt 0.470620 0.238082
vt 0.420670 0.177159
vt 0.425798 0.029735
vt 0.444696 0.033769
vt 0.367227 0.164359
vt 0.386542 0.030870
vt 0.404785 0.037239
vt 0.462714 0.036459
vt 0.443185 0.180575
vt 0.428969 0.198365
vt 0.408252 0.024832
vt 0.372938 0.186404
vt 0.389174 0.170435
vt 0.480340 0.037957
vt 0.486285 0.203235
vt 0.498043 0.183733
vt 0.391551 0.019001
vt 0.374766 0.011918
vt 0.318631 0.167443
vt 0.315861 0.144840
vt 0.336821 0.153743
vt 0.448499 0.015952
vt 0.429602 0.011918
vt 0.384420 0.192706
vt 0.415915 0.199430
vt 0.409032 0.025077
vt 0.390788 0.018708
vt 0.329315 0.175243
vt 0.359721 0.185859
vt 0.517119 0.019354
vt 0.497811 0.020142
vt 0.498972 0.206487
vt 0.531151 0.205173
vt 0.481156 0.038000
vt 0.461902 0.036364
vt 0.441257 0.203266
vt 0.482792 0.018746
vt 0.463538 0.017110
vt 0.592442 0.299152
vt 0.609889 0.418960
vt 0.576177 0.427222
vt 0.736272 0.305757
vt 0.786328 0.426432
vt 0.744463 0.433814
vt 0.576508 0.461930
vt 0.629526 0.462553
vt 0.598808 0.498123
vt 0.668118 0.310892
vt 0.632145 0.408611
vt 0.639862 0.308709
vt 0.716434 0.308594
vt 0.680436 0.410332
vt 0.688153 0.310429
vt 0.633059 0.289859
vt 0.620136 0.305175
vt 0.618339 0.437132
vt 0.677735 0.293310
vt 0.671112 0.440615
vt 0.660401 0.410794
vt 0.587651 0.279693
vt 0.573195 0.293572
vt 0.542473 0.435520
vt 0.537682 0.416061
vt 0.723896 0.289995
vt 0.733760 0.450756
vt 0.713010 0.437647
vt 0.641405 0.288729
vt 0.669662 0.290911
vt 0.657961 0.442386
vt 0.629704 0.440203
vt 0.686855 0.290432
vt 0.715136 0.288596
vt 0.673084 0.441153
vt 0.715157 0.462097
vt 0.764182 0.300836
vt 0.732792 0.286022
vt 0.760703 0.281100
vt 0.789808 0.446167
vt 0.747943 0.453549
vt 0.596701 0.279570
vt 0.624395 0.285593
vt 0.614659 0.438424
vt 0.602725 0.251877
vt 0.630418 0.257900
vt 0.601688 0.049200
vt 0.587225 0.183301
vt 0.582434 0.050836
vt 0.563946 0.038345
vt 0.532278 0.182420
vt 0.544638 0.037557
vt 0.589153 0.205992
vt 0.623970 0.235355
vt 0.591880 0.238082
vt 0.636702 0.029735
vt 0.641830 0.177159
vt 0.617804 0.033769
vt 0.675958 0.030870
vt 0.695273 0.164359
vt 0.657715 0.037239
vt 0.599786 0.036459
vt 0.619315 0.180575
vt 0.633531 0.198365
vt 0.654248 0.024832
vt 0.689562 0.186404
vt 0.673326 0.170435
vt 0.582160 0.037957
vt 0.576215 0.203235
vt 0.564457 0.183733
vt 0.670949 0.019001
vt 0.687734 0.011918
vt 0.743869 0.167443
vt 0.725679 0.153743
vt 0.746639 0.144840
vt 0.614001 0.015952
vt 0.632898 0.011918
vt 0.678080 0.192706
vt 0.646585 0.199430
vt 0.653468 0.025077
vt 0.671712 0.018708
vt 0.733185 0.175243
vt 0.702779 0.185859
vt 0.545381 0.019354
vt 0.564689 0.020142
vt 0.563528 0.206487
vt 0.531349 0.205173
vt 0.581344 0.038000
vt 0.600598 0.036364
vt 0.621243 0.203266
vt 0.579708 0.018746
vt 0.598962 0.017110
vt 0.591894 0.553935
vt 0.596099 0.670420
vt 0.565221 0.670324
vt 0.661891 0.539884
vt 0.707992 0.517253
vt 0.696257 0.551619
vt 0.646241 0.672498
vt 0.630187 0.559218
vt 0.651158 0.561710
vt 0.654725 0.743741
vt 0.700126 0.699822
vt 0.699385 0.744482
vt 0.665705 0.672505
vt 0.688747 0.564166
vt 0.692970 0.674751
vt 0.539183 0.673586
vt 0.560483 0.699517
vt 0.618158 0.670318
vt 0.607549 0.698030
vt 0.713187 0.675663
vt 0.655466 0.699081
vt 0.573927 0.543921
vt 0.589433 0.539480
vt 0.616127 0.558247
vt 0.623226 0.538650
vt 0.705802 0.561815
vt 0.665411 0.562671
vt 0.750343 0.684231
vt 0.722704 0.536890
vt 0.729700 0.551184
vt 0.475035 0.896805
vt 0.416687 0.817484
vt 0.437045 0.807124
vt 0.346512 0.765393
vt 0.372610 0.804000
vt 0.340258 0.797746
vt 0.401378 0.820931
vt 0.382942 0.918473
vt 0.379264 0.823404
vt 0.319277 0.940305
vt 0.345072 0.984607
vt 0.309960 0.975243
vt 0.340539 0.818708
vt 0.357920 0.918673
vt 0.321961 0.914878
vt 0.496029 0.887246
vt 0.493811 0.910207
vt 0.441924 0.908287
vt 0.435599 0.934449
vt 0.418212 0.913904
vt 0.297065 0.909509
vt 0.304863 0.933754
vt 0.370652 0.946324
vt 0.451921 0.795947
vt 0.431753 0.789299
vt 0.404595 0.801781
vt 0.324470 0.812241
vt 0.363577 0.822212
vt 0.289184 0.934408
vt 0.261852 0.898364
vt 0.483153 0.920218
vt 0.421781 0.941450
vt 0.314297 0.777763
vt 0.300897 0.797177
vt 0.472674 0.553515
vt 0.466172 0.670436
vt 0.448840 0.557628
vt 0.358037 0.516687
vt 0.403337 0.539790
vt 0.369135 0.550888
vt 0.434818 0.558888
vt 0.417463 0.671612
vt 0.413919 0.561328
vt 0.361463 0.698698
vt 0.407013 0.744411
vt 0.361381 0.744329
vt 0.376363 0.563519
vt 0.396244 0.671469
vt 0.369115 0.673465
vt 0.524341 0.674079
vt 0.501864 0.699979
vt 0.497190 0.670430
vt 0.455226 0.697701
vt 0.445687 0.670282
vt 0.348855 0.673975
vt 0.407094 0.698780
vt 0.489563 0.544288
vt 0.475118 0.539766
vt 0.441734 0.538362
vt 0.359414 0.560790
vt 0.399780 0.562448
vt 0.311436 0.681605
vt 0.343237 0.535559
vt 0.335902 0.549582
vt 0.171874 0.262623
vt 0.078348 0.807670
vt 0.174812 0.848003
vt 0.221010 0.470753
vt 0.931835 0.183848
vt 0.936637 0.138592
vt 0.957238 0.215476
vt 0.927027 0.159369
vt 0.909654 0.133395
vt 0.886954 0.200037
vt 0.913576 0.184854
vt 0.913520 0.254361
vt 0.935769 0.253661
vt 0.860426 0.091102
vt 0.899525 0.125463
vt 0.879538 0.124938
vt 0.936353 0.272201
vt 0.914104 0.272902
vt 0.896707 0.262583
vt 0.870141 0.208259
vt 0.913985 0.110910
vt 0.940968 0.116107
vt 0.951589 0.134586
vt 0.972190 0.211470
vt 0.973609 0.224681
vt 0.952140 0.262865
vt 0.870996 0.194601
vt 0.893696 0.127959
vt 0.914034 0.159456
vt 0.882600 0.008348
vt 0.920824 0.076021
vt 0.782113 0.138592
vt 0.786915 0.183848
vt 0.761512 0.215477
vt 0.809096 0.133395
vt 0.791723 0.159369
vt 0.831796 0.200037
vt 0.805230 0.254361
vt 0.805174 0.184854
vt 0.782981 0.253661
vt 0.858324 0.091102
vt 0.819225 0.125463
vt 0.797926 0.076021
vt 0.782397 0.272201
vt 0.804646 0.272902
vt 0.822043 0.262583
vt 0.848609 0.208259
vt 0.804765 0.110910
vt 0.777782 0.116107
vt 0.767161 0.134585
vt 0.746560 0.211470
vt 0.745141 0.224681
vt 0.766610 0.262865
vt 0.847754 0.194601
vt 0.825054 0.127959
vt 0.804716 0.159456
vt 0.836150 0.008348
vt 0.816163 0.008873
vt 0.857453 0.895108
vt 0.834384 0.895108
vt 0.826694 0.906642
vt 0.868987 0.906642
vt 0.826694 0.937401
vt 0.868987 0.937401
vt 0.838228 0.941246
vt 0.826694 0.941246
vt 0.872832 0.914332
vt 0.892056 0.918177
vt 0.872832 0.925866
vt 0.892056 0.925866
vt 0.826694 0.979694
vt 0.838228 0.979694
vt 0.853608 0.941246
vt 0.842073 0.941246
vt 0.842073 0.979694
vt 0.853608 0.979694
vt 0.868987 0.941246
vt 0.857453 0.941246
vt 0.857453 0.979694
vt 0.868987 0.979694
vt 0.978116 0.895306
vt 0.955047 0.895306
vt 0.985806 0.906841
vt 0.943513 0.906841
vt 0.985806 0.937599
vt 0.943513 0.937599
vt 0.985806 0.941444
vt 0.974272 0.941444
vt 0.920444 0.918375
vt 0.939668 0.914530
vt 0.939668 0.926065
vt 0.920444 0.926065
vt 0.985806 0.979892
vt 0.974271 0.979892
vt 0.970427 0.941444
vt 0.958892 0.941444
vt 0.970427 0.979892
vt 0.958892 0.979892
vt 0.955047 0.941444
vt 0.943513 0.941444
vt 0.955047 0.979892
vt 0.943513 0.979892
vt 0.313333 0.262987
vt 0.264729 0.178800
vt 0.314707 0.179624
vt 0.080395 0.262029
vt 0.029043 0.179491
vt 0.079021 0.178667
vt 0.045740 0.792310
vt 0.171874 0.288649
vt 0.089178 0.305310
vt 0.125222 0.355295
vt 0.089178 0.355295
vt 0.171874 0.355295
vt 0.258261 0.428276
vt 0.222142 0.374707
vt 0.258703 0.375010
vt 0.203680 0.835893
vt 0.171456 0.824544
vt 0.122879 0.445430
vt 0.172218 0.444951
vt 0.262059 0.446607
vt 0.221554 0.445728
vt 0.078544 0.824545
vt 0.125000 0.824607
vt 0.086278 0.427757
vt 0.122719 0.374407
vt 0.046320 0.835893
vt 0.082368 0.446065
vt 0.172431 0.374407
vt 0.098275 0.645461
vt 0.075883 0.132190
vt 0.209751 0.698701
vt 0.040249 0.698701
vt 0.266690 0.082205
vt 0.254571 0.355295
vt 0.820367 0.668598
vt 0.859375 0.867625
vt 0.930940 0.664137
vt 0.621995 0.774057
vt 0.746005 0.925786
vt 0.549386 0.936459
vt 0.613431 0.950870
vt 0.347343 0.462097
vt 0.673626 0.505518
vt 0.740954 0.713101
vt 0.378865 0.771648
vt 0.354952 0.949636
vt 0.253971 0.923263
vt 0.450816 0.934174
vt 0.386808 0.948822
vt 0.392239 0.505589
vt 0.320054 0.710886
vt 0.902587 0.008873
vt 0.839212 0.124938
vt 0.030417 0.262853
vt 0.086158 0.374489
s 1
f 2026/2497/1830 1744/2498/1830 2028/2499/1830
f 1767/2500/1831 1737/2501/1831 1740/2502/1831
f 1761/2503/1832 1737/2501/1832 1762/2504/1832
f 2021/2505/1833 1749/2506/1833 2025/2507/1833
f 1743/2508/1834 1756/2509/1834 1741/2510/1834
f 2022/2511/1835 1739/2512/1835 2027/2513/1835
f 1745/2514/1836 1746/2515/1836 1747/2516/1836
f 1748/2517/1837 1749/2506/1837 1750/2518/1837
f 1751/2519/1838 1752/2520/1838 1753/2521/1838
f 1754/2522/1839 1755/2523/1839 1756/2524/1839
f 1757/2525/1840 1758/2526/1840 1759/2527/1840
f 1760/2528/1841 1761/2503/1841 1762/2504/1841
f 1763/2529/1842 1764/2530/1842 1765/2531/1842
f 1766/2532/1843 1767/2533/1843 1768/2534/1843
f 1745/2514/1844 1752/2535/1844 1751/2536/1844
f 1748/2517/1845 1743/2508/1845 1744/2498/1845
f 1749/2506/1846 1756/2537/1846 1750/2518/1846
f 1753/2521/1847 2151/2538/1847 2154/2539/1847
f 1751/2519/1848 2020/2540/1848 2019/2541/1848
f 2021/2542/1849 1768/2534/1849 2022/2511/1849
f 2155/2543/1850 1764/2530/1850 2149/2544/1850
f 1763/2545/1851 1758/2546/1851 1757/2525/1851
f 1760/2528/1852 1767/2547/1852 1766/2548/1852
f 1759/2527/1853 2152/2549/1853 2156/2550/1853
f 2023/2551/1854 1759/2527/1854 2024/2552/1854
f 2025/2507/1855 1748/2517/1855 2026/2497/1855
f 1763/2545/1856 2023/2551/1856 2019/2553/1856
f 1740/2554/1857 1768/2534/1857 1767/2555/1857
f 1755/2523/1858 1741/2556/1858 1756/2557/1858
f 2156/2550/1859 2152/2558/1859 2162/2559/1859
f 2154/2539/1860 2166/2560/1861 2158/2561/1861
f 2152/2562/1862 2159/2563/1862 2162/2559/1862
f 2153/2564/1863 2150/2565/1863 2160/2566/1863
f 2154/2539/1864 2151/2567/1864 2161/2568/1864
f 1818/2569/1865 1826/2570/1865 1775/2571/1865
f 1825/2572/1866 1773/2573/1866 1774/2574/1866
f 1822/2575/1867 1772/2576/1867 1823/2577/1867
f 1820/2578/1868 1770/2579/1868 1821/2580/1868
f 1826/2581/1869 1774/2574/1869 1775/2582/1869
f 1824/2583/1870 1772/2576/1871 1773/2573/1872
f 1821/2584/1873 1771/2585/1873 1822/2575/1873
f 1820/2578/1874 1819/2586/1874 1769/2587/1874
f 1774/2574/1875 1782/2588/1875 1775/2582/1875
f 1772/2576/1876 1780/2589/1877 1773/2573/1878
f 1771/2585/1879 1777/2590/1879 1778/2591/1879
f 1769/2587/1880 1819/2586/1880 1776/2592/1880
f 1818/2569/1881 1775/2571/1881 1782/2593/1881
f 1773/2573/1882 1781/2594/1882 1774/2574/1882
f 1772/2576/1883 1778/2591/1883 1779/2595/1883
f 1769/2587/1884 1777/2596/1884 1770/2579/1884
f 1779/2597/1885 1787/2598/1886 1780/2599/1887
f 1777/2600/1888 1785/2601/1888 1778/2602/1888
f 1776/2592/1889 1819/2586/1889 1783/2603/1889
f 1818/2569/1890 1782/2593/1890 1789/2604/1890
f 1780/2599/1891 1788/2605/1891 1781/2606/1891
f 1778/2602/1892 1786/2607/1892 1779/2597/1892
f 1776/2592/1893 1784/2608/1893 1777/2596/1893
f 1782/2609/1894 1788/2605/1894 1789/2610/1894
f 1818/2569/1895 1789/2604/1895 1796/2611/1895
f 1788/2605/1896 1794/2612/1897 1795/2613/1898
f 1786/2607/1899 1792/2614/1899 1793/2615/1899
f 1784/2608/1900 1790/2616/1900 1791/2617/1900
f 1789/2610/1901 1795/2613/1901 1796/2618/1901
f 1787/2598/1902 1793/2615/1903 1794/2612/1904
f 1784/2619/1905 1792/2614/1905 1785/2601/1905
f 1783/2603/1906 1819/2586/1906 1790/2616/1906
f 1792/2614/1907 1800/2620/1907 1793/2615/1907
f 1790/2616/1908 1798/2621/1908 1791/2617/1908
f 1795/2613/1909 1803/2622/1909 1796/2618/1909
f 1793/2615/1910 1801/2623/1911 1794/2612/1912
f 1792/2614/1913 1798/2624/1913 1799/2625/1913
f 1790/2616/1914 1819/2586/1914 1797/2626/1914
f 1818/2569/1915 1796/2611/1915 1803/2627/1915
f 1794/2612/1916 1802/2628/1917 1795/2613/1918
f 1802/2628/1919 1810/2629/1919 1803/2622/1919
f 1801/2623/1920 1807/2630/1921 1808/2631/1922
f 1799/2625/1923 1805/2632/1923 1806/2633/1923
f 1797/2626/1924 1819/2586/1924 1804/2634/1924
f 1818/2569/1925 1803/2627/1925 1810/2635/1925
f 1802/2628/1926 1808/2631/1926 1809/2636/1926
f 1800/2620/1927 1806/2633/1927 1807/2630/1927
f 1797/2626/1928 1805/2637/1928 1798/2621/1928
f 1805/2638/1929 1813/2639/1929 1806/2640/1929
f 1804/2634/1930 1819/2586/1930 1811/2641/1930
f 1818/2569/1931 1810/2635/1931 1817/2642/1931
f 1809/2643/1932 1815/2644/1932 1816/2645/1932
f 1806/2640/1933 1814/2646/1933 1807/2647/1933
f 1804/2634/1934 1812/2648/1934 1805/2637/1934
f 1810/2649/1935 1816/2645/1935 1817/2650/1935
f 1808/2651/1936 1814/2646/1937 1815/2644/1938
f 1818/2569/1939 1817/2642/1939 1826/2570/1939
f 1815/2644/1940 1825/2572/1940 1816/2645/1940
f 1814/2646/1941 1822/2575/1941 1823/2577/1941
f 1812/2648/1942 1820/2578/1942 1821/2580/1942
f 1816/2645/1943 1826/2581/1943 1817/2650/1943
f 1814/2646/1944 1824/2583/1945 1815/2644/1946
f 1813/2639/1947 1821/2584/1947 1822/2575/1947
f 1811/2641/1948 1819/2586/1948 1820/2578/1948
f 1843/2652/1949 1828/2653/1949 1841/2654/1949
f 1849/2655/1950 1840/2656/1950 1847/2657/1950
f 1836/2658/1951 1842/2659/1951 1848/2660/1951
f 1832/2661/1952 1834/2662/1952 1829/2663/1952
f 1837/2664/1953 1846/2665/1953 1835/2666/1953
f 1827/2667/1954 1828/2653/1954 1829/2668/1954
f 1830/2669/1955 1831/2670/1955 1832/2671/1955
f 1833/2672/1956 1834/2673/1956 1835/2666/1956
f 1836/2658/1957 1837/2664/1957 1838/2674/1957
f 1839/2675/1958 1840/2676/1958 1841/2654/1958
f 1842/2659/1959 1843/2652/1959 1844/2677/1959
f 1845/2678/1960 1846/2665/1960 1847/2657/1960
f 1848/2660/1961 1849/2655/1961 1850/2679/1961
f 1827/2680/1962 1834/2681/1962 1833/2672/1962
f 1830/2669/1963 1829/2682/1963 1828/2653/1963
f 1836/2658/1964 1832/2683/1964 1831/2670/1964
f 1837/2664/1965 1834/2662/1965 1838/2684/1965
f 1845/2678/1966 1835/2666/1966 1846/2665/1966
f 1848/2660/1967 1837/2664/1967 1836/2658/1967
f 1847/2657/1968 1850/2679/1968 1849/2655/1968
f 1845/2678/1969 1840/2685/1969 1839/2686/1969
f 1842/2659/1970 1849/2655/1970 1848/2660/1970
f 1841/2654/1971 1844/2677/1971 1843/2652/1971
f 1839/2675/1972 1828/2653/1972 1827/2667/1972
f 1831/2670/1973 1843/2652/1973 1842/2659/1973
f 1845/2678/1974 1827/2680/1974 1833/2672/1974
f 1865/2687/1975 1854/2688/1975 1852/2689/1975
f 1871/2690/1976 1868/2691/1977 1864/2692/1978
f 1860/2693/1979 1866/2694/1980 1872/2695/1981
f 1856/2696/1982 1858/2697/1982 1853/2698/1982
f 1861/2699/1983 1870/2700/1983 1859/2701/1983
f 1851/2702/1984 1852/2689/1984 1853/2698/1984
f 1854/2688/1985 1855/2703/1985 1856/2696/1985
f 1857/2704/1986 1858/2697/1986 1859/2701/1986
f 1860/2705/1987 1861/2699/1988 1862/2706/1989
f 1863/2707/1990 1864/2708/1990 1865/2687/1990
f 1866/2709/1991 1867/2710/1991 1868/2711/1991
f 1869/2712/1992 1870/2700/1992 1871/2690/1992
f 1872/2713/1993 1873/2714/1993 1874/2715/1993
f 1851/2716/1994 1858/2697/1994 1857/2717/1994
f 1852/2689/1995 1856/2696/1995 1853/2698/1995
f 1860/2718/1996 1856/2696/1997 1855/2719/1998
f 1861/2699/1999 1858/2697/1999 1862/2706/1999
f 1857/2720/2000 1870/2700/2000 1869/2721/2000
f 1860/2722/1987 1874/2715/2001 1861/2699/1988
f 1873/2714/2002 1870/2700/2002 1874/2715/2002
f 1869/2723/2003 1864/2692/2003 1863/2724/2003
f 1866/2725/2004 1873/2714/2005 1872/2726/2006
f 1865/2687/2007 1868/2711/2008 1867/2710/2009
f 1863/2727/2010 1852/2689/2010 1851/2728/2010
f 1855/2729/2011 1867/2710/2011 1866/2694/2011
f 1869/2730/2012 1851/2728/2012 1857/2731/2012
f 1891/2732/2013 1876/2733/2013 1889/2734/2013
f 1897/2735/2014 1888/2736/2014 1895/2737/2014
f 1884/2738/2015 1890/2739/2015 1896/2740/2015
f 1880/2741/2016 1882/2742/2016 1877/2743/2016
f 1885/2744/2017 1894/2745/2017 1883/2746/2017
f 1875/2747/2018 1876/2733/2018 1877/2743/2018
f 1878/2748/2019 1879/2749/2019 1880/2741/2019
f 1881/2750/2018 1882/2742/2018 1883/2746/2018
f 1884/2751/2020 1885/2744/2020 1886/2752/2020
f 1887/2753/2021 1888/2736/2021 1889/2734/2021
f 1890/2754/2022 1891/2732/2022 1892/2755/2022
f 1893/2756/2021 1894/2745/2021 1895/2757/2021
f 1896/2758/2023 1897/2759/2023 1898/2760/2023
f 1875/2761/2018 1882/2742/2018 1881/2762/2018
f 1876/2733/2024 1880/2741/2024 1877/2743/2024
f 1884/2763/2025 1880/2741/2025 1879/2764/2025
f 1883/2746/2026 1886/2752/2026 1885/2744/2026
f 1881/2765/2027 1894/2745/2027 1893/2766/2027
f 1896/2767/2028 1885/2744/2028 1884/2768/2028
f 1897/2759/2029 1894/2745/2029 1898/2760/2029
f 1893/2769/2021 1888/2736/2021 1887/2770/2021
f 1890/2771/2030 1897/2735/2030 1896/2772/2030
f 1889/2734/2031 1892/2755/2031 1891/2732/2031
f 1887/2773/2027 1876/2733/2027 1875/2774/2027
f 1879/2775/2032 1891/2732/2032 1890/2739/2032
f 1893/2776/2027 1875/2774/2027 1881/2777/2027
f 1913/2778/2033 1902/2779/2033 1915/2780/2033
f 1919/2781/2034 1916/2782/2035 1921/2783/2036
f 1914/2784/2037 1908/2785/2038 1920/2786/2039
f 1906/2787/2040 1904/2788/2040 1901/2789/2040
f 1918/2790/2041 1909/2791/2041 1907/2792/2041
f 1899/2793/2042 1901/2789/2042 1900/2794/2042
f 1902/2779/2043 1904/2788/2043 1903/2795/2043
f 1905/2796/2044 1907/2792/2044 1906/2787/2044
f 1908/2797/2045 1910/2798/2046 1909/2791/2047
f 1911/2799/2048 1913/2778/2048 1912/2800/2048
f 1914/2801/2049 1916/2802/2049 1915/2780/2049
f 1917/2803/2050 1919/2781/2050 1918/2790/2050
f 1920/2804/2051 1922/2805/2051 1921/2783/2051
f 1906/2787/2052 1899/2806/2052 1905/2807/2052
f 1900/2794/2053 1904/2788/2053 1902/2779/2053
f 1904/2788/2054 1908/2808/2055 1903/2809/2056
f 1909/2791/2057 1906/2787/2057 1907/2792/2057
f 1918/2790/2058 1905/2810/2058 1917/2811/2058
f 1908/2812/2059 1922/2805/2059 1920/2813/2059
f 1921/2783/2060 1918/2790/2060 1919/2781/2060
f 1912/2814/2061 1917/2815/2061 1911/2816/2061
f 1921/2783/2062 1914/2817/2063 1920/2818/2064
f 1916/2802/2065 1913/2778/2066 1915/2780/2067
f 1900/2794/2068 1911/2819/2068 1899/2820/2068
f 1915/2780/2069 1903/2821/2069 1914/2784/2069
f 1899/2820/2070 1917/2822/2070 1905/2823/2070
f 1924/2824/2071 1939/2825/2071 1937/2826/2071
f 1936/2827/2072 1945/2828/2072 1943/2829/2072
f 1938/2830/2073 1932/2831/2073 1944/2832/2073
f 1930/2833/2074 1928/2834/2074 1925/2835/2074
f 1942/2836/2075 1933/2837/2075 1931/2838/2075
f 1923/2839/2076 1925/2835/2076 1924/2824/2076
f 1926/2840/2077 1928/2834/2077 1927/2841/2077
f 1929/2842/2076 1931/2838/2076 1930/2833/2076
f 1932/2843/2078 1934/2844/2078 1933/2837/2078
f 1935/2845/2079 1937/2826/2079 1936/2827/2079
f 1938/2846/2080 1940/2847/2080 1939/2825/2080
f 1941/2848/2079 1943/2849/2079 1942/2836/2079
f 1944/2850/2081 1946/2851/2081 1945/2852/2081
f 1930/2833/2076 1923/2853/2076 1929/2854/2076
f 1924/2824/2082 1928/2834/2082 1926/2840/2082
f 1928/2834/2083 1932/2855/2083 1927/2856/2083
f 1934/2844/2084 1931/2838/2084 1933/2837/2084
f 1942/2836/2085 1929/2857/2085 1941/2858/2085
f 1933/2837/2086 1944/2859/2086 1932/2860/2086
f 1945/2852/2087 1942/2836/2087 1943/2849/2087
f 1936/2827/2079 1941/2861/2079 1935/2862/2079
f 1945/2828/2088 1938/2863/2088 1944/2864/2088
f 1940/2847/2089 1937/2826/2089 1939/2825/2089
f 1924/2824/2085 1935/2865/2085 1923/2866/2085
f 1939/2825/2090 1927/2867/2090 1938/2830/2090
f 1923/2866/2085 1941/2868/2085 1929/2869/2085
f 1961/2870/2091 1950/2871/2091 1948/2872/2091
f 1969/2873/2092 1960/2874/2092 1967/2875/2092
f 1956/2876/2093 1962/2877/2093 1968/2878/2093
f 1952/2879/2094 1954/2880/2094 1949/2881/2094
f 1957/2882/2095 1966/2883/2095 1955/2884/2095
f 1947/2885/2096 1948/2872/2096 1949/2886/2096
f 1950/2871/2097 1951/2887/2097 1952/2888/2097
f 1953/2889/2098 1954/2880/2098 1955/2884/2098
f 1956/2876/2099 1957/2882/2099 1958/2890/2099
f 1959/2891/2092 1960/2892/2092 1961/2870/2092
f 1962/2877/2100 1963/2893/2100 1964/2894/2100
f 1965/2895/2092 1966/2883/2092 1967/2875/2092
f 1968/2878/2101 1969/2873/2101 1970/2896/2101
f 1947/2897/2102 1954/2880/2102 1953/2889/2102
f 1950/2871/2103 1949/2886/2103 1948/2872/2103
f 1956/2876/2104 1952/2888/2104 1951/2887/2104
f 1955/2884/2105 1958/2890/2105 1957/2882/2105
f 1965/2895/2106 1955/2884/2106 1966/2883/2106
f 1968/2878/2107 1957/2882/2107 1956/2876/2107
f 1969/2873/2108 1966/2883/2108 1970/2896/2108
f 1965/2895/2092 1960/2898/2092 1959/2899/2092
f 1962/2877/2109 1969/2873/2109 1968/2878/2109
f 1961/2870/2110 1964/2894/2110 1963/2893/2110
f 1959/2891/2111 1948/2872/2112 1947/2885/2112
f 1951/2887/2113 1963/2893/2113 1962/2877/2113
f 1965/2895/2114 1947/2897/2114 1953/2889/2114
f 1972/2900/2115 1987/2901/2115 1985/2902/2115
f 1984/2903/2116 1993/2904/2116 1991/2905/2116
f 1986/2906/2117 1980/2907/2117 1992/2908/2117
f 1978/2909/2118 1976/2910/2118 1973/2911/2118
f 1990/2912/2119 1981/2913/2119 1979/2914/2119
f 1971/2915/2120 1973/2916/2120 1972/2900/2120
f 1974/2917/2121 1976/2918/2121 1975/2919/2121
f 1977/2920/2122 1979/2914/2122 1978/2921/2122
f 1980/2907/2123 1982/2922/2123 1981/2913/2123
f 1983/2923/2124 1985/2902/2124 1984/2924/2124
f 1986/2906/2125 1988/2925/2125 1987/2901/2125
f 1989/2926/2126 1991/2905/2126 1990/2912/2126
f 1992/2908/2127 1994/2927/2127 1993/2904/2127
f 1978/2928/2128 1971/2929/2128 1977/2920/2128
f 1973/2930/2129 1974/2917/2129 1972/2900/2129
f 1976/2931/2130 1980/2907/2130 1975/2919/2130
f 1981/2913/2131 1978/2909/2131 1979/2914/2131
f 1989/2926/2132 1979/2914/2132 1977/2920/2132
f 1981/2913/2133 1992/2908/2133 1980/2907/2133
f 1994/2927/2134 1991/2905/2134 1993/2904/2134
f 1984/2932/2135 1989/2926/2135 1983/2933/2135
f 1993/2904/2136 1986/2906/2136 1992/2908/2136
f 1988/2925/2137 1985/2902/2137 1987/2901/2137
f 1972/2900/2138 1983/2923/2138 1971/2915/2138
f 1987/2901/2139 1975/2919/2139 1986/2906/2139
f 1971/2929/2140 1989/2926/2140 1977/2920/2140
f 2009/2934/2141 1998/2935/2141 2011/2936/2141
f 2008/2937/2142 2017/2938/2142 2015/2939/2142
f 2010/2940/2143 2004/2941/2143 2016/2942/2143
f 2002/2943/2144 2000/2944/2144 1997/2945/2144
f 2014/2946/2145 2005/2947/2145 2003/2948/2145
f 1995/2949/2146 1997/2950/2146 1996/2951/2146
f 1998/2935/2147 2000/2952/2147 1999/2953/2147
f 2001/2954/2148 2003/2948/2148 2002/2943/2148
f 2004/2941/2149 2006/2955/2149 2005/2947/2149
f 2007/2956/2142 2009/2934/2142 2008/2957/2142
f 2010/2940/2150 2012/2958/2150 2011/2936/2150
f 2013/2959/2142 2015/2939/2142 2014/2946/2142
f 2016/2942/2151 2018/2960/2151 2017/2938/2151
f 2002/2943/2152 1995/2961/2152 2001/2954/2152
f 1997/2950/2153 1998/2935/2153 1996/2951/2153
f 2000/2952/2154 2004/2941/2154 1999/2953/2154
f 2006/2955/2155 2003/2948/2155 2005/2947/2155
f 2013/2959/2156 2003/2948/2156 2001/2954/2157
f 2005/2947/2158 2016/2942/2158 2004/2941/2158
f 2017/2938/2142 2014/2946/2142 2015/2939/2142
f 2008/2962/2142 2013/2959/2142 2007/2963/2142
f 2017/2938/2159 2010/2940/2159 2016/2942/2159
f 2012/2958/2160 2009/2934/2160 2011/2936/2160
f 1996/2951/2161 2007/2956/2161 1995/2949/2161
f 2011/2936/2162 1999/2953/2162 2010/2940/2162
f 1995/2961/2163 2013/2959/2163 2001/2954/2163
f 2157/2964/2164 2160/2566/2165 2150/2565/2166
f 2158/2561/1861 2159/2965/2167 2149/2544/2168
f 2019/2553/1856 1745/2514/1856 1751/2536/1856
f 2025/2507/2169 1761/2503/2169 1760/2528/2169
f 2023/2551/1854 1746/2515/1854 1745/2514/1854
f 2021/2542/2170 1755/2523/2170 1754/2522/2170
f 1763/2529/1848 2020/2540/1848 1764/2530/1848
f 1742/2966/1835 2022/2511/1835 2027/2513/1835
f 2021/2505/2171 1760/2528/2171 1766/2548/2171
f 1738/2967/1830 2026/2497/1830 2028/2499/1830
f 2030/2968/2172 2038/2969/2172 2044/2970/2172
f 2032/2971/2028 2039/2972/2028 2038/2969/2028
f 2043/2973/2173 2034/2974/2173 2040/2975/2173
f 2034/2974/2174 2037/2976/2174 2040/2975/2174
f 2041/2977/2027 2033/2978/2027 2029/2979/2027
f 2040/2975/2175 2029/2980/2175 2033/2981/2175
f 2043/2973/2176 2033/2982/2176 2042/2983/2176
f 2038/2969/2177 2035/2984/2177 2031/2985/2177
f 2044/2970/2178 2031/2986/2178 2041/2987/2178
f 2037/2976/2179 2041/2988/2179 2029/2989/2179
f 2039/2972/2180 2042/2990/2180 2035/2991/2180
f 2032/2971/2015 2034/2974/2015 2036/2992/2015
f 2031/2993/2027 2042/2994/2027 2041/2977/2027
f 2036/2992/2181 2043/2973/2181 2039/2972/2181
f 2037/2976/2182 2030/2968/2182 2044/2970/2182
f 2054/2995/2183 2046/2996/2183 2060/2997/2183
f 2055/2998/2086 2048/2999/2086 2054/2995/2086
f 2059/3000/2184 2056/3001/2184 2050/3002/2184
f 2053/3003/2185 2050/3002/2185 2056/3001/2185
f 2057/3004/2085 2049/3005/2085 2058/3006/2085
f 2045/3007/2186 2056/3001/2186 2049/3008/2186
f 2049/3009/2187 2059/3000/2187 2058/3010/2187
f 2051/3011/2188 2054/2995/2188 2047/3012/2188
f 2047/3013/2189 2060/2997/2189 2057/3014/2189
f 2057/3015/2190 2053/3003/2190 2045/3016/2190
f 2058/3017/2191 2055/2998/2191 2051/3018/2191
f 2050/3002/2073 2048/2999/2073 2052/3019/2073
f 2047/3020/2085 2058/3006/2085 2051/3021/2085
f 2059/3000/2192 2052/3019/2192 2055/2998/2192
f 2053/3003/2193 2060/2997/2193 2046/2996/2193
f 2062/3022/2194 2063/3023/2194 2061/3022/2194
f 2064/3023/2195 2067/3024/2195 2063/3023/2195
f 2066/3025/2196 2061/3022/2196 2065/3025/2196
f 2067/3024/2197 2061/3022/2197 2063/3023/2197
f 2068/3024/2198 2062/3022/2198 2066/3025/2198
f 2068/3024/2199 2071/3026/2199 2067/3024/2199
f 2065/3025/2200 2070/3027/2200 2066/3025/2200
f 2067/3024/2197 2069/3027/2197 2065/3025/2197
f 2081/3028/2194 2084/3029/2194 2083/3029/2194
f 2073/3030/2201 2078/3031/2201 2074/3030/2201
f 2072/3026/2202 2069/3027/2202 2071/3026/2202
f 2076/3032/2199 2073/3030/2199 2074/3030/2199
f 2077/3031/2200 2080/3033/2200 2078/3031/2200
f 2076/3032/2202 2079/3033/2202 2075/3032/2202
f 2076/3032/2198 2078/3031/2198 2080/3033/2198
f 2075/3032/2197 2077/3031/2197 2073/3030/2197
f 2082/3028/2198 2088/3034/2198 2084/3029/2198
f 2088/3034/2202 2085/3035/2202 2087/3034/2202
f 2084/3029/2199 2087/3034/2199 2083/3029/2199
f 2081/3028/2200 2086/3035/2200 2082/3028/2200
f 2083/3029/2197 2085/3035/2197 2081/3028/2197
f 2089/3036/2194 2092/3037/2194 2091/3037/2194
f 2090/3036/2198 2096/3038/2198 2092/3037/2198
f 2096/3038/2202 2093/3039/2202 2095/3038/2202
f 2092/3037/2199 2095/3038/2199 2091/3037/2199
f 2089/3036/2200 2094/3039/2200 2090/3036/2200
f 2091/3037/2197 2093/3039/2197 2089/3036/2197
f 2097/3040/2194 2100/3041/2194 2099/3041/2194
f 2098/3040/2198 2104/3042/2198 2100/3041/2198
f 2104/3042/2202 2101/3043/2202 2103/3042/2202
f 2100/3041/2199 2103/3042/2199 2099/3041/2199
f 2097/3040/2200 2102/3043/2200 2098/3040/2200
f 2099/3041/2197 2101/3043/2197 2097/3040/2197
f 2107/3044/2203 2106/3045/2203 2105/3045/2203
f 2111/3046/2204 2108/3044/2204 2107/3044/2204
f 2066/3025/2198 2072/3026/2198 2068/3024/2198
f 2105/3045/2205 2110/3047/2205 2109/3047/2205
f 2105/3045/2206 2111/3046/2206 2107/3044/2206
f 2112/3046/2207 2106/3045/2207 2108/3044/2207
f 2115/3048/2208 2112/3046/2208 2111/3046/2208
f 2114/3049/2209 2109/3047/2209 2110/3047/2209
f 2113/3049/2206 2111/3046/2206 2109/3047/2206
f 2128/3050/2203 2125/3051/2203 2127/3050/2203
f 2122/3052/2210 2117/3053/2210 2118/3053/2210
f 2113/3049/2211 2116/3048/2211 2115/3048/2211
f 2117/3053/2208 2120/3054/2208 2118/3053/2208
f 2124/3055/2209 2121/3052/2209 2122/3052/2209
f 2123/3055/2211 2120/3054/2211 2119/3054/2211
f 2120/3054/2207 2122/3052/2207 2118/3053/2207
f 2121/3052/2206 2119/3054/2206 2117/3053/2206
f 2132/3056/2207 2126/3051/2207 2128/3050/2207
f 2129/3057/2211 2132/3056/2211 2131/3056/2211
f 2131/3056/2208 2128/3050/2208 2127/3050/2208
f 2130/3057/2209 2125/3051/2209 2126/3051/2209
f 2129/3057/2206 2127/3050/2206 2125/3051/2206
f 2136/3058/2203 2133/3059/2203 2135/3058/2203
f 2140/3060/2207 2134/3059/2207 2136/3058/2207
f 2137/3061/2211 2140/3060/2211 2139/3060/2212
f 2139/3060/2208 2136/3058/2208 2135/3058/2208
f 2138/3061/2209 2133/3059/2209 2134/3059/2209
f 2137/3061/2206 2135/3058/2206 2133/3059/2206
f 2144/3062/2203 2141/3063/2203 2143/3062/2203
f 2148/3064/2207 2142/3063/2207 2144/3062/2207
f 2145/3065/2211 2148/3064/2211 2147/3064/2212
f 2147/3064/2208 2144/3062/2208 2143/3062/2208
f 2146/3065/2209 2141/3063/2209 2142/3063/2209
f 2145/3065/2206 2143/3062/2206 2141/3063/2206
f 2116/3048/2207 2110/3047/2207 2112/3046/2207
f 2154/2539/2213 2020/2540/2213 1753/2521/2213
f 1759/2527/2214 2157/2964/2214 2024/2552/2214
f 2157/2964/2214 1746/2515/2214 2024/2552/2214
f 2155/3066/2215 1758/3067/2215 1765/3068/2215
f 2153/3069/2216 1752/3070/2216 1747/3071/2216
f 2020/2540/2213 2149/2544/2213 1764/2530/2213
f 2150/2565/2217 1747/3071/2217 1746/2515/2217
f 2155/3072/2218 2149/2544/2218 2159/2965/2218
f 2156/2550/2219 2165/3073/2164 2157/2964/2164
f 2153/3074/2220 2161/3075/2220 2151/3076/2220
f 2166/3077/2221 2160/2566/2222 2165/3073/2221
f 2165/3073/2221 2159/2563/2223 2166/3077/2221
f 1737/3078/2224 2164/3079/2225 1740/3080/2226
f 1741/3081/2227 1742/2966/2227 2167/3082/2227
f 2027/2513/2228 2167/3082/2229 1742/2966/2230
f 2028/2499/2231 2168/3083/2232 2170/3084/2233
f 1737/3085/2234 1738/2967/2234 2163/3086/2234
f 2027/2513/2228 2164/3087/2235 2169/3088/2236
f 2028/2499/2231 2163/3086/2237 1738/2967/2238
f 1743/3089/2239 2167/3090/2240 2168/3083/2241
f 1739/2512/2242 1740/3091/2242 2164/3087/2242
f 1744/2498/2243 1743/3092/2243 2168/3083/2243
f 2167/3090/2244 2170/3084/2245 2168/3083/2246
f 2164/3079/2247 2170/3084/2245 2169/3093/2248
f 2026/2497/2249 1748/2517/2249 1744/2498/2249
f 1767/2500/2250 1762/2504/2250 1737/2501/2250
f 1761/2503/2251 1738/2967/2251 1737/2501/2251
f 2021/2505/2252 1754/3094/2252 1749/2506/2252
f 1743/2508/2253 1750/2518/2253 1756/2509/2253
f 2022/2511/2254 1768/2534/2254 1739/2512/2254
f 1745/2514/1844 1747/3095/1844 1752/2535/1844
f 1748/2517/2255 1750/2518/2255 1743/2508/2255
f 1749/2506/2256 1754/3094/2256 1756/2537/2256
f 1753/2521/2257 1752/3096/2257 2151/2538/2257
f 1751/2519/1848 1753/2521/1848 2020/2540/1848
f 2021/2542/1849 1766/2532/1849 1768/2534/1849
f 2155/2543/2258 1765/3097/2258 1764/2530/2258
f 1763/2545/1851 1765/3098/1851 1758/2546/1851
f 1760/2528/2259 1762/2504/2259 1767/2547/2259
f 1759/2527/2260 1758/3067/2260 2152/2549/2260
f 2023/2551/1854 1757/2525/1854 1759/2527/1854
f 2025/2507/2169 1749/2506/2169 1748/2517/2169
f 1763/2545/1856 1757/2525/1856 2023/2551/1856
f 1740/2554/2261 1739/2512/2261 1768/2534/2261
f 1755/2523/2262 1742/2966/2262 1741/2556/2262
f 2154/2539/1860 2161/2568/2263 2166/2560/1861
f 2152/2562/1862 2155/3099/1862 2159/2563/1862
f 1825/2572/2264 1824/2583/2264 1773/2573/2264
f 1822/2575/2265 1771/2585/2265 1772/2576/2265
f 1820/2578/1868 1769/2587/1868 1770/2579/1868
f 1826/2581/2266 1825/2572/2266 1774/2574/2266
f 1824/2583/1870 1823/2577/2267 1772/2576/1871
f 1821/2584/1873 1770/3100/1873 1771/2585/1873
f 1774/2574/2268 1781/2594/2268 1782/2588/2268
f 1772/2576/1876 1779/2595/2269 1780/2589/1877
f 1771/2585/1879 1770/3100/1879 1777/2590/1879
f 1773/2573/2270 1780/2589/2270 1781/2594/2270
f 1772/2576/2271 1771/2585/2271 1778/2591/2271
f 1769/2587/1884 1776/2592/1884 1777/2596/1884
f 1779/2597/1885 1786/2607/2272 1787/2598/1886
f 1777/2600/2273 1784/2619/2273 1785/2601/2273
f 1780/2599/2274 1787/2598/2274 1788/2605/2274
f 1778/2602/2275 1785/2601/2275 1786/2607/2275
f 1776/2592/1893 1783/2603/1893 1784/2608/1893
f 1782/2609/2276 1781/2606/2276 1788/2605/2276
f 1788/2605/1896 1787/2598/2277 1794/2612/1897
f 1786/2607/2278 1785/2601/2278 1792/2614/2278
f 1784/2608/1900 1783/2603/1900 1790/2616/1900
f 1789/2610/2279 1788/2605/2279 1795/2613/2279
f 1787/2598/1902 1786/2607/2280 1793/2615/1903
f 1784/2619/2281 1791/3101/2281 1792/2614/2281
f 1792/2614/2282 1799/2625/2282 1800/2620/2282
f 1790/2616/1908 1797/2626/1908 1798/2621/1908
f 1795/2613/2283 1802/2628/2283 1803/2622/2283
f 1793/2615/1910 1800/2620/2284 1801/2623/1911
f 1792/2614/2285 1791/3101/2285 1798/2624/2285
f 1794/2612/1916 1801/2623/2286 1802/2628/1917
f 1802/2628/2287 1809/2636/2287 1810/2629/2287
f 1801/2623/1920 1800/2620/2288 1807/2630/1921
f 1799/2625/2289 1798/2624/2289 1805/2632/2289
f 1802/2628/2290 1801/2623/2290 1808/2631/2290
f 1800/2620/2291 1799/2625/2291 1806/2633/2291
f 1797/2626/1928 1804/2634/1928 1805/2637/1928
f 1805/2638/1929 1812/3102/1929 1813/2639/1929
f 1809/2643/2292 1808/2651/2292 1815/2644/2292
f 1806/2640/2293 1813/2639/2293 1814/2646/2293
f 1804/2634/1934 1811/2641/1934 1812/2648/1934
f 1810/2649/2294 1809/2643/2294 1816/2645/2294
f 1808/2651/1936 1807/2647/2295 1814/2646/1937
f 1815/2644/2296 1824/2583/2296 1825/2572/2296
f 1814/2646/2297 1813/2639/2297 1822/2575/2297
f 1812/2648/1942 1811/2641/1942 1820/2578/1942
f 1816/2645/2298 1825/2572/2298 1826/2581/2298
f 1814/2646/1944 1823/2577/2299 1824/2583/1945
f 1813/2639/1947 1812/3102/1947 1821/2584/1947
f 1843/2652/1949 1830/2669/1949 1828/2653/1949
f 1849/2655/1950 1844/3103/1950 1840/2656/1950
f 1836/2658/1951 1831/2670/1951 1842/2659/1951
f 1832/2661/2300 1838/2684/2300 1834/2662/2300
f 1837/2664/1953 1850/2679/1953 1846/2665/1953
f 1827/2680/1962 1829/3104/1962 1834/2681/1962
f 1830/2669/2301 1832/3105/2301 1829/2682/2301
f 1836/2658/2302 1838/3106/2302 1832/2683/2302
f 1837/2664/2303 1835/2666/2303 1834/2662/2303
f 1845/2678/1966 1833/2672/1966 1835/2666/1966
f 1848/2660/1967 1850/2679/1967 1837/2664/1967
f 1847/2657/1968 1846/2665/1968 1850/2679/1968
f 1845/2678/1969 1847/2657/1969 1840/2685/1969
f 1842/2659/1970 1844/2677/1970 1849/2655/1970
f 1841/2654/1971 1840/2676/1971 1844/2677/1971
f 1839/2675/1972 1841/2654/1972 1828/2653/1972
f 1831/2670/1973 1830/2669/1973 1843/2652/1973
f 1845/2678/1974 1839/2686/1974 1827/2680/1974
f 1865/2687/2304 1867/2710/2304 1854/2688/2304
f 1871/2690/1976 1873/2714/2305 1868/2691/1977
f 1860/2693/1979 1855/2729/2306 1866/2694/1980
f 1856/2696/1982 1862/2706/1982 1858/2697/1982
f 1861/2699/2307 1874/2715/2307 1870/2700/2307
f 1851/2716/1994 1853/2698/1994 1858/2697/1994
f 1852/2689/2308 1854/2688/2308 1856/2696/2308
f 1860/2718/1996 1862/2706/2309 1856/2696/1997
f 1861/2699/1999 1859/2701/1999 1858/2697/1999
f 1857/2720/2000 1859/2701/2000 1870/2700/2000
f 1860/2722/2310 1872/3107/2310 1874/2715/2310
f 1873/2714/2311 1871/2690/2311 1870/2700/2311
f 1869/2723/2003 1871/2690/2003 1864/2692/2003
f 1866/2725/2004 1868/2691/2312 1873/2714/2005
f 1865/2687/2007 1864/2708/2313 1868/2711/2008
f 1863/2727/2010 1865/2687/2010 1852/2689/2010
f 1855/2729/2314 1854/2688/2314 1867/2710/2314
f 1869/2730/2012 1863/2727/2012 1851/2728/2012
f 1891/2732/2013 1878/2748/2013 1876/2733/2013
f 1897/2735/2014 1892/2755/2014 1888/2736/2014
f 1884/2738/2015 1879/2775/2015 1890/2739/2015
f 1880/2741/2016 1886/2752/2016 1882/2742/2016
f 1885/2744/2017 1898/2760/2017 1894/2745/2017
f 1875/2761/2018 1877/2743/2018 1882/2742/2018
f 1876/2733/2315 1878/2748/2315 1880/2741/2315
f 1884/2763/2025 1886/2752/2025 1880/2741/2025
f 1883/2746/2316 1882/2742/2316 1886/2752/2316
f 1881/2765/2027 1883/2746/2027 1894/2745/2027
f 1896/2767/2028 1898/2760/2028 1885/2744/2028
f 1897/2759/2317 1895/2757/2317 1894/2745/2317
f 1893/2769/2021 1895/2737/2021 1888/2736/2021
f 1890/2771/2030 1892/2755/2030 1897/2735/2030
f 1889/2734/2318 1888/2736/2318 1892/2755/2318
f 1887/2773/2027 1889/2734/2027 1876/2733/2027
f 1879/2775/2032 1878/2748/2032 1891/2732/2032
f 1893/2776/2027 1887/2773/2027 1875/2774/2027
f 1913/2778/2319 1900/2794/2319 1902/2779/2319
f 1919/2781/2034 1912/2814/2320 1916/2782/2035
f 1914/2784/2037 1903/2821/2321 1908/2785/2038
f 1906/2787/2040 1910/2798/2040 1904/2788/2040
f 1918/2790/2322 1922/2805/2322 1909/2791/2322
f 1906/2787/2052 1901/2789/2052 1899/2806/2052
f 1900/2794/2323 1901/2789/2323 1904/2788/2323
f 1904/2788/2054 1910/2798/2324 1908/2808/2055
f 1909/2791/2057 1910/2798/2057 1906/2787/2057
f 1918/2790/2058 1907/2792/2058 1905/2810/2058
f 1908/2812/2045 1909/2791/2047 1922/2805/2325
f 1921/2783/2326 1922/2805/2326 1918/2790/2326
f 1912/2814/2061 1919/2781/2061 1917/2815/2061
f 1921/2783/2062 1916/2782/2327 1914/2817/2063
f 1916/2802/2065 1912/2800/2328 1913/2778/2066
f 1900/2794/2068 1913/2778/2068 1911/2819/2068
f 1915/2780/2329 1902/2779/2329 1903/2821/2329
f 1899/2820/2070 1911/2819/2070 1917/2822/2070
f 1924/2824/2071 1926/2840/2071 1939/2825/2071
f 1936/2827/2072 1940/2847/2072 1945/2828/2072
f 1938/2830/2073 1927/2867/2073 1932/2831/2073
f 1930/2833/2074 1934/2844/2074 1928/2834/2074
f 1942/2836/2075 1946/2851/2075 1933/2837/2075
f 1930/2833/2076 1925/2835/2076 1923/2853/2076
f 1924/2824/2330 1925/2835/2330 1928/2834/2330
f 1928/2834/2083 1934/2844/2083 1932/2855/2083
f 1934/2844/2331 1930/2833/2331 1931/2838/2331
f 1942/2836/2085 1931/2838/2085 1929/2857/2085
f 1933/2837/2086 1946/2851/2086 1944/2859/2086
f 1945/2852/2332 1946/2851/2332 1942/2836/2332
f 1936/2827/2079 1943/2829/2079 1941/2861/2079
f 1945/2828/2088 1940/2847/2088 1938/2863/2088
f 1940/2847/2333 1936/2827/2333 1937/2826/2333
f 1924/2824/2085 1937/2826/2085 1935/2865/2085
f 1939/2825/2090 1926/2840/2090 1927/2867/2090
f 1923/2866/2085 1935/2865/2085 1941/2868/2085
f 1961/2870/2334 1963/2893/2334 1950/2871/2334
f 1969/2873/2092 1964/3108/2092 1960/2874/2092
f 1956/2876/2093 1951/2887/2093 1962/2877/2093
f 1952/2879/2094 1958/2890/2094 1954/2880/2094
f 1957/2882/2335 1970/2896/2335 1966/2883/2335
f 1947/2897/2102 1949/3109/2102 1954/2880/2102
f 1950/2871/2103 1952/2888/2103 1949/2886/2103
f 1956/2876/2104 1958/2890/2104 1952/2888/2104
f 1955/2884/2105 1954/2880/2105 1958/2890/2105
f 1965/2895/2106 1953/2889/2106 1955/2884/2106
f 1968/2878/2107 1970/2896/2107 1957/2882/2107
f 1969/2873/2092 1967/2875/2092 1966/2883/2092
f 1965/2895/2092 1967/2875/2092 1960/2898/2092
f 1962/2877/2109 1964/2894/2109 1969/2873/2109
f 1961/2870/2092 1960/2892/2092 1964/2894/2092
f 1959/2891/2111 1961/2870/2111 1948/2872/2112
f 1951/2887/2113 1950/2871/2113 1963/2893/2113
f 1965/2895/2114 1959/2899/2114 1947/2897/2114
f 1972/2900/2115 1974/2917/2115 1987/2901/2115
f 1984/2903/2116 1988/3110/2116 1993/2904/2116
f 1986/2906/2117 1975/2919/2336 1980/2907/2117
f 1978/2909/2337 1982/3111/2337 1976/2910/2337
f 1990/2912/2119 1994/2927/2119 1981/2913/2119
f 1978/2928/2128 1973/3112/2128 1971/2929/2128
f 1973/2930/2338 1976/3113/2338 1974/2917/2338
f 1976/2931/2339 1982/3114/2339 1980/2907/2339
f 1981/2913/2340 1982/3111/2340 1978/2909/2340
f 1989/2926/2132 1990/2912/2132 1979/2914/2132
f 1981/2913/2133 1994/2927/2133 1992/2908/2133
f 1994/2927/2134 1990/2912/2134 1991/2905/2134
f 1984/2932/2135 1991/2905/2135 1989/2926/2135
f 1993/2904/2136 1988/2925/2136 1986/2906/2136
f 1988/2925/2137 1984/2924/2137 1985/2902/2137
f 1972/2900/2138 1985/2902/2138 1983/2923/2138
f 1987/2901/2139 1974/2917/2139 1975/2919/2139
f 1971/2929/2140 1983/2933/2140 1989/2926/2140
f 2009/2934/2341 1996/2951/2341 1998/2935/2341
f 2008/2937/2142 2012/3115/2142 2017/2938/2142
f 2010/2940/2143 1999/2953/2143 2004/2941/2143
f 2002/2943/2144 2006/2955/2144 2000/2944/2144
f 2014/2946/2342 2018/2960/2342 2005/2947/2342
f 2002/2943/2152 1997/3116/2152 1995/2961/2152
f 1997/2950/2153 2000/2952/2153 1998/2935/2153
f 2000/2952/2154 2006/2955/2154 2004/2941/2154
f 2006/2955/2155 2002/2943/2155 2003/2948/2155
f 2013/2959/2156 2014/2946/2156 2003/2948/2156
f 2005/2947/2158 2018/2960/2158 2016/2942/2158
f 2017/2938/2343 2018/2960/2343 2014/2946/2343
f 2008/2962/2142 2015/2939/2142 2013/2959/2142
f 2017/2938/2159 2012/2958/2159 2010/2940/2159
f 2012/2958/2142 2008/2957/2142 2009/2934/2142
f 1996/2951/2161 2009/2934/2161 2007/2956/2161
f 2011/2936/2162 1998/2935/2162 1999/2953/2162
f 1995/2961/2163 2007/2963/2163 2013/2959/2163
f 2157/2964/2164 2165/3073/2164 2160/2566/2165
f 2158/2561/1861 2166/2560/1861 2159/2965/2167
f 2019/2553/1856 2023/2551/1856 1745/2514/1856
f 2025/2507/2344 2026/2497/2344 1761/2503/2344
f 2023/2551/1854 2024/2552/1854 1746/2515/1854
f 2021/2542/2170 2022/2511/2170 1755/2523/2170
f 1763/2529/1848 2019/2541/1848 2020/2540/1848
f 1742/2966/2345 1755/2523/2345 2022/2511/2345
f 2021/2505/1833 2025/2507/1833 1760/2528/1833
f 1738/2967/2346 1761/2503/2346 2026/2497/2346
f 2030/2968/2347 2032/2971/2347 2038/2969/2347
f 2032/2971/2028 2036/2992/2028 2039/2972/2028
f 2034/2974/2174 2030/2968/2174 2037/2976/2174
f 2041/2977/2027 2042/2994/2027 2033/2978/2027
f 2040/2975/2175 2037/2976/2175 2029/2980/2175
f 2043/2973/2176 2040/2975/2176 2033/2982/2176
f 2038/2969/2177 2039/2972/2177 2035/2984/2177
f 2044/2970/2178 2038/2969/2178 2031/2986/2178
f 2037/2976/2179 2044/2970/2179 2041/2988/2179
f 2039/2972/2180 2043/2973/2180 2042/2990/2180
f 2032/2971/2015 2030/2968/2015 2034/2974/2015
f 2031/2993/2027 2035/3117/2027 2042/2994/2027
f 2036/2992/2348 2034/2974/2348 2043/2973/2348
f 2054/2995/2349 2048/2999/2349 2046/2996/2349
f 2055/2998/2086 2052/3019/2086 2048/2999/2086
f 2053/3003/2185 2046/2996/2185 2050/3002/2185
f 2057/3004/2085 2045/3118/2085 2049/3005/2085
f 2045/3007/2186 2053/3003/2186 2056/3001/2186
f 2049/3009/2187 2056/3001/2187 2059/3000/2187
f 2051/3011/2188 2055/2998/2188 2054/2995/2188
f 2047/3013/2189 2054/2995/2189 2060/2997/2189
f 2057/3015/2190 2060/2997/2190 2053/3003/2190
f 2058/3017/2191 2059/3000/2191 2055/2998/2191
f 2050/3002/2073 2046/2996/2073 2048/2999/2073
f 2047/3020/2085 2057/3004/2085 2058/3006/2085
f 2059/3000/2350 2050/3002/2350 2052/3019/2350
f 2062/3022/2194 2064/3023/2194 2063/3023/2194
f 2064/3023/2195 2068/3024/2195 2067/3024/2195
f 2066/3025/2196 2062/3022/2196 2061/3022/2196
f 2067/3024/2197 2065/3025/2197 2061/3022/2197
f 2068/3024/2198 2064/3023/2198 2062/3022/2198
f 2068/3024/2199 2072/3026/2199 2071/3026/2199
f 2065/3025/2200 2069/3027/2200 2070/3027/2200
f 2067/3024/2197 2071/3026/2197 2069/3027/2197
f 2081/3028/2194 2082/3028/2194 2084/3029/2194
f 2073/3030/2201 2077/3031/2201 2078/3031/2201
f 2072/3026/2202 2070/3027/2202 2069/3027/2202
f 2076/3032/2199 2075/3032/2199 2073/3030/2199
f 2077/3031/2200 2079/3033/2200 2080/3033/2200
f 2076/3032/2202 2080/3033/2202 2079/3033/2202
f 2076/3032/2198 2074/3030/2198 2078/3031/2198
f 2075/3032/2197 2079/3033/2197 2077/3031/2197
f 2082/3028/2198 2086/3035/2198 2088/3034/2198
f 2088/3034/2202 2086/3035/2202 2085/3035/2202
f 2084/3029/2199 2088/3034/2199 2087/3034/2199
f 2081/3028/2200 2085/3035/2200 2086/3035/2200
f 2083/3029/2197 2087/3034/2197 2085/3035/2197
f 2089/3036/2194 2090/3036/2194 2092/3037/2194
f 2090/3036/2198 2094/3039/2198 2096/3038/2198
f 2096/3038/2202 2094/3039/2202 2093/3039/2202
f 2092/3037/2199 2096/3038/2199 2095/3038/2199
f 2089/3036/2200 2093/3039/2200 2094/3039/2200
f 2091/3037/2197 2095/3038/2197 2093/3039/2197
f 2097/3040/2194 2098/3040/2194 2100/3041/2194
f 2098/3040/2198 2102/3043/2198 2104/3042/2198
f 2104/3042/2202 2102/3043/2202 2101/3043/2202
f 2100/3041/2199 2104/3042/2199 2103/3042/2199
f 2097/3040/2200 2101/3043/2200 2102/3043/2200
f 2099/3041/2197 2103/3042/2197 2101/3043/2197
f 2107/3044/2203 2108/3044/2203 2106/3045/2203
f 2111/3046/2204 2112/3046/2204 2108/3044/2204
f 2066/3025/2198 2070/3027/2198 2072/3026/2198
f 2105/3045/2205 2106/3045/2205 2110/3047/2205
f 2105/3045/2206 2109/3047/2206 2111/3046/2206
f 2112/3046/2207 2110/3047/2207 2106/3045/2207
f 2115/3048/2208 2116/3048/2208 2112/3046/2208
f 2114/3049/2209 2113/3049/2209 2109/3047/2209
f 2113/3049/2206 2115/3048/2206 2111/3046/2206
f 2128/3050/2203 2126/3051/2203 2125/3051/2203
f 2122/3052/2210 2121/3052/2210 2117/3053/2210
f 2113/3049/2211 2114/3049/2211 2116/3048/2211
f 2117/3053/2208 2119/3054/2208 2120/3054/2208
f 2124/3055/2209 2123/3055/2209 2121/3052/2209
f 2123/3055/2211 2124/3055/2211 2120/3054/2211
f 2120/3054/2207 2124/3055/2207 2122/3052/2207
f 2121/3052/2206 2123/3055/2206 2119/3054/2206
f 2132/3056/2207 2130/3057/2207 2126/3051/2207
f 2129/3057/2211 2130/3057/2211 2132/3056/2211
f 2131/3056/2208 2132/3056/2208 2128/3050/2208
f 2130/3057/2209 2129/3057/2209 2125/3051/2209
f 2129/3057/2206 2131/3056/2206 2127/3050/2206
f 2136/3058/2203 2134/3059/2203 2133/3059/2203
f 2140/3060/2207 2138/3061/2207 2134/3059/2207
f 2137/3061/2211 2138/3061/2211 2140/3060/2211
f 2139/3060/2208 2140/3060/2208 2136/3058/2208
f 2138/3061/2209 2137/3061/2209 2133/3059/2209
f 2137/3061/2206 2139/3060/2206 2135/3058/2206
f 2144/3062/2203 2142/3063/2203 2141/3063/2203
f 2148/3064/2207 2146/3065/2207 2142/3063/2207
f 2145/3065/2211 2146/3065/2211 2148/3064/2211
f 2147/3064/2208 2148/3064/2208 2144/3062/2208
f 2146/3065/2209 2145/3065/2209 2141/3063/2209
f 2145/3065/2206 2147/3064/2206 2143/3062/2206
f 2116/3048/2207 2114/3049/2207 2110/3047/2207
f 2154/2539/2213 2158/2561/2213 2020/2540/2213
f 1759/2527/2214 2156/2550/2214 2157/2964/2214
f 2157/2964/2214 2150/2565/2214 1746/2515/2214
f 2155/3066/2215 2152/2549/2215 1758/3067/2215
f 2153/3069/2216 2151/3119/2216 1752/3070/2216
f 2020/2540/2213 2158/2561/2213 2149/2544/2213
f 2150/2565/2351 2153/3069/2351 1747/3071/2351
f 2156/2550/2219 2162/2559/2352 2165/3073/2164
f 2153/3074/2220 2160/2566/2220 2161/3075/2220
f 2166/3077/2221 2161/3075/2353 2160/2566/2222
f 2165/3073/2221 2162/2559/2354 2159/2563/2223
f 1737/3078/2224 2163/3086/2355 2164/3079/2225
f 2027/2513/2228 2169/3088/2236 2167/3082/2229
f 2028/2499/2231 1744/2498/2356 2168/3083/2232
f 2027/2513/2228 1739/2512/2357 2164/3087/2235
f 2028/2499/2231 2170/3084/2233 2163/3086/2237
f 1743/3089/2239 1741/3120/2358 2167/3090/2240
f 2167/3090/2244 2169/3093/2248 2170/3084/2245
f 2164/3079/2247 2163/3086/2359 2170/3084/2245
o Android.005
v 0.393906 0.906098 0.261944
v 0.285722 0.826580 0.253391
v 0.434577 1.030163 0.090615
v 0.464954 1.007218 0.176933
v 0.154110 0.945343 -0.156455
v 0.231853 0.989810 -0.126812
v 0.083061 0.844223 -0.071443
v 0.096513 0.788917 0.050459
v 0.148480 0.558041 -0.054925
v 0.075275 0.650055 0.029184
v 0.098074 0.657749 -0.117516
v -0.043065 0.919863 0.142498
v -0.123681 1.076007 0.119695
v -0.084043 0.974867 0.032520
v 0.273401 0.569574 -0.137155
v 0.222995 0.669282 -0.199746
v 0.308622 0.673123 -0.160333
v -0.040246 1.225358 0.014183
v 0.074897 1.205619 -0.089511
v -0.028747 1.110230 -0.113149
v 0.318927 0.558026 0.204011
v 0.361992 0.657726 0.283417
v 0.218230 0.650043 0.246356
v 0.146618 1.129811 0.409597
v 0.159660 0.960216 0.359925
v 0.253831 1.042123 0.394897
v 0.443848 0.569559 0.121781
v 0.484567 0.673107 0.106955
v 0.486913 0.669259 0.201188
v 0.230054 1.279162 0.304085
v 0.376702 1.190937 0.321704
v 0.345197 1.259423 0.200391
v -0.226367 1.744206 0.492381
v -0.097096 1.753603 0.476079
v 0.023238 1.716217 0.441629
v 0.089890 1.619148 0.390642
v 0.141542 1.511525 0.337592
v 0.143904 1.391142 0.286924
v 0.096617 1.276327 0.246351
v -0.243920 1.688180 0.570923
v -0.129531 1.650081 0.621206
v -0.019140 1.580959 0.631247
v 0.054911 1.488244 0.582853
v 0.110055 1.391765 0.514180
v 0.122360 1.303119 0.419021
v 0.089953 1.235800 0.311863
v -0.312190 1.622059 0.595071
v -0.255677 1.527905 0.665826
v -0.165815 1.424940 0.709003
v -0.094454 1.334571 0.652383
v -0.025731 1.251245 0.578907
v 0.025246 1.200053 0.470069
v 0.032573 1.185177 0.322981
v -0.391185 1.584575 0.550678
v -0.401640 1.458645 0.583799
v -0.374668 1.330835 0.582372
v -0.303485 1.236103 0.533584
v -0.219049 1.160232 0.468938
v -0.123325 1.130273 0.385247
v -0.030886 1.150786 0.295252
v -0.434630 1.597687 0.463751
v -0.481918 1.482871 0.423178
v -0.497699 1.358877 0.353051
v -0.419622 1.269845 0.303634
v -0.326543 1.191367 0.256279
v -0.206209 1.153980 0.221829
v -0.058796 1.166989 0.224986
v -0.417077 1.653712 0.385208
v -0.449483 1.586393 0.278050
v -0.437178 1.497746 0.182892
v -0.366499 1.404360 0.130882
v -0.276913 1.314738 0.099150
v -0.166522 1.245615 0.109190
v -0.052132 1.207517 0.159474
v -0.348807 1.719833 0.361061
v -0.323337 1.708569 0.233431
v -0.272360 1.657377 0.124594
v -0.198991 1.561645 0.080810
v -0.122984 1.458870 0.053882
v -0.051265 1.352293 0.077601
v 0.005248 1.258139 0.148356
v 0.033305 1.203149 0.225683
v -0.344893 1.689455 0.488051
v -0.269812 1.757317 0.405453
v -0.177374 1.777830 0.315458
v -0.081650 1.747871 0.231766
v -0.008103 1.656502 0.180151
v 0.052191 1.546271 0.144392
v 0.079163 1.418461 0.142964
v 0.068707 1.292530 0.176085
v 0.194535 1.072325 0.327086
v 0.167262 1.114679 0.376708
v 0.195938 1.142481 0.318359
v 0.201361 1.191930 0.430276
v 0.262733 1.226828 0.434221
v 0.226908 1.226039 0.364824
v 0.283180 1.064870 0.281408
v 0.284583 1.135026 0.272681
v 0.344552 1.099768 0.285353
v 0.351379 1.219373 0.388543
v 0.378652 1.177019 0.338921
v 0.312424 1.224889 0.312044
v 0.307226 0.891542 0.553400
v 0.333383 0.897218 0.603235
v 0.285408 0.925425 0.593098
v 0.361786 1.015144 0.639107
v 0.312688 0.987226 0.635951
v 0.360663 0.959019 0.646089
v 0.378143 0.885577 0.516858
v 0.427241 0.913496 0.520014
v 0.404300 0.891254 0.566693
v 0.432702 1.009180 0.602565
v 0.431579 0.953055 0.609547
v 0.454520 0.975297 0.562868
v 0.061061 0.526732 0.542744
v 0.058910 0.587286 0.506294
v 0.049718 0.525607 0.472958
v 0.215200 0.712537 0.156458
v 0.265246 0.688091 0.112894
v 0.182060 0.632805 0.163129
v 0.113257 0.441733 0.535631
v 0.101914 0.440608 0.465845
v 0.163303 0.417287 0.492067
v 0.374829 0.663687 0.054632
v 0.295645 0.524484 0.182238
v 0.234257 0.547805 0.156016
v 0.131642 0.565090 0.602302
v 0.190880 0.602322 0.592073
v 0.129491 0.625643 0.565851
v 0.395064 0.763681 0.162222
v 0.283630 0.811448 0.179564
v 0.405318 0.761810 0.233680
v 0.183838 0.480090 0.595188
v 0.233883 0.455644 0.551624
v 0.243076 0.517323 0.584959
v 0.473359 0.636181 0.151552
v 0.484701 0.637306 0.221338
v 0.440219 0.556449 0.158224
v 0.308417 0.145284 0.482726
v 0.288627 0.129748 0.513822
v 0.298918 0.098050 0.453083
v 0.060838 0.466887 0.575873
v 0.061367 0.529609 0.543229
v 0.049494 0.470567 0.506175
v 0.338103 0.168587 0.436081
v 0.328604 0.121353 0.406438
v 0.357894 0.184122 0.404985
v 0.110844 0.568448 0.465488
v 0.159791 0.544564 0.420391
v 0.098970 0.509405 0.428434
v 0.351716 0.164171 0.519719
v 0.399950 0.142120 0.539399
v 0.331926 0.148636 0.550815
v 0.133533 0.561088 0.604883
v 0.133003 0.498366 0.637527
v 0.193824 0.533524 0.629484
v 0.381402 0.187474 0.473074
v 0.401193 0.203010 0.441978
v 0.429635 0.165423 0.492755
v 0.183009 0.599927 0.527142
v 0.243300 0.572363 0.551743
v 0.231956 0.576043 0.482045
v -0.151695 0.310020 -0.075666
v -0.147341 0.366029 -0.032724
v -0.095959 0.317449 -0.032790
v 0.145783 0.624462 0.066222
v 0.209254 0.640168 0.039300
v 0.163252 0.540025 0.058146
v -0.092579 0.269717 -0.145530
v -0.036843 0.277146 -0.102654
v -0.029108 0.285423 -0.172451
v 0.318633 0.656524 -0.057120
v 0.230103 0.507998 -0.081515
v 0.222368 0.499722 -0.011718
v -0.195342 0.366875 -0.145397
v -0.183252 0.431161 -0.172252
v -0.190987 0.422884 -0.102455
v 0.177697 0.761310 -0.057286
v 0.106491 0.737327 0.039433
v 0.121139 0.751190 -0.100881
v -0.136225 0.326572 -0.215261
v -0.072754 0.342279 -0.242182
v -0.124136 0.390858 -0.242116
v 0.266371 0.700855 -0.162082
v 0.210636 0.693425 -0.204957
v 0.283840 0.616418 -0.170158
v -0.007459 0.098672 -0.444219
v -0.038484 0.074175 -0.438104
v 0.026057 0.053990 -0.453170
v -0.158965 0.263848 -0.093273
v -0.133437 0.321258 -0.060832
v -0.091542 0.265405 -0.072022
v 0.039077 0.135417 -0.453391
v 0.072594 0.090735 -0.462342
v 0.070102 0.159914 -0.459505
v -0.055876 0.382500 -0.076119
v -0.003843 0.386332 -0.123846
v -0.013980 0.326647 -0.087308
v -0.041831 0.133548 -0.478891
v -0.054144 0.135368 -0.534074
v -0.072856 0.109051 -0.472777
v -0.190724 0.379385 -0.118620
v -0.216252 0.321975 -0.151061
v -0.206115 0.381660 -0.187598
v 0.004705 0.170293 -0.488063
v 0.035730 0.194790 -0.494178
v -0.007607 0.172113 -0.543246
v -0.113163 0.440627 -0.133907
v -0.128554 0.442902 -0.202885
v -0.061130 0.444459 -0.181634
v 0.318387 0.913198 0.515064
v 0.307728 0.968737 0.516427
v 0.360724 0.950272 0.509319
v 0.335008 1.030537 0.559281
v 0.372946 1.036800 0.600772
v 0.388004 1.012073 0.552173
v 0.366983 0.863921 0.555193
v 0.409320 0.900996 0.549448
v 0.404920 0.870184 0.596684
v 0.421542 0.987524 0.640900
v 0.432200 0.931985 0.639538
v 0.436600 0.962797 0.592301
v 0.108873 0.874640 0.741377
v 0.119103 0.897815 0.757447
v 0.100880 0.916294 0.742399
v 0.128269 0.962710 0.826037
v 0.099816 0.958014 0.794919
v 0.139563 0.944166 0.789588
v 0.145320 0.837682 0.771473
v 0.173774 0.842379 0.802591
v 0.155550 0.860858 0.787543
v 0.164716 0.925753 0.856133
v 0.176010 0.907208 0.819684
v 0.172710 0.884099 0.855111
v 0.022807 1.035696 0.049879
v -0.015959 1.072968 0.095792
v 0.007302 1.103341 0.036325
v -0.100286 1.126414 0.090106
v -0.145848 1.142588 0.038507
v -0.071694 1.164971 0.028496
v 0.016011 1.014599 -0.047634
v 0.000506 1.082244 -0.061188
v -0.029551 1.030773 -0.099233
v -0.152644 1.121491 -0.059006
v -0.113878 1.084219 -0.104919
v -0.073159 1.152058 -0.071159
v -0.160019 0.790559 0.105402
v -0.215076 0.779200 0.111697
v -0.191031 0.820377 0.142133
v -0.294943 0.876073 0.096304
v -0.258493 0.863134 0.137584
v -0.282538 0.821957 0.107148
v -0.165455 0.773682 0.027392
v -0.201905 0.786621 -0.013887
v -0.220513 0.762323 0.033687
v -0.300380 0.859196 0.018294
v -0.287975 0.805080 0.029138
v -0.269367 0.829378 -0.018436
v -0.141654 0.815842 0.070683
v -0.154301 0.870942 0.072694
v -0.171177 0.839636 0.028704
v -0.221764 0.913699 0.068145
v -0.276578 0.901356 0.061585
v -0.238639 0.882393 0.024155
v -0.183820 0.748399 0.062111
v -0.213343 0.772193 0.020132
v -0.238635 0.736056 0.055551
v -0.318745 0.833913 0.053014
v -0.306097 0.778813 0.051002
v -0.280806 0.814950 0.015583
v -0.196402 0.799382 0.376185
v -0.221700 0.815416 0.374479
v -0.205888 0.840707 0.377694
v -0.300751 0.861706 0.399140
v -0.259640 0.870963 0.404060
v -0.272297 0.847484 0.371068
v -0.228027 0.748801 0.369756
v -0.269138 0.739543 0.364836
v -0.253325 0.764834 0.368051
v -0.332376 0.811124 0.392712
v -0.303922 0.796902 0.364639
v -0.322890 0.769799 0.391203
v 0.361374 0.569566 -0.003511
v 0.396595 0.673115 -0.026689
v 0.106200 1.237735 0.151297
v 0.221343 1.217996 0.047603
v 0.236452 0.558034 0.078719
v 0.146752 0.650049 0.137770
v 0.011468 1.102909 0.264646
v 0.060121 0.912032 0.254710
v 0.333215 1.009987 -0.018098
v 0.191118 0.807748 0.151925
v 0.267354 -0.061410 0.636321
v 0.317889 0.102874 0.493293
v 0.440521 0.074525 0.364228
v 0.367365 0.141712 0.415552
v 0.310653 -0.042522 0.673314
v 0.361188 0.121761 0.530285
v 0.483820 0.093412 0.401221
v 0.410664 0.160599 0.452545
v 0.243145 -0.018106 0.642548
v 0.416312 0.117828 0.370455
v 0.459612 0.136716 0.407448
v 0.286444 0.000781 0.679540
v 0.273531 -0.041458 0.521588
v 0.428167 0.034623 0.593695
v 0.403958 0.077926 0.599922
v 0.249322 0.001845 0.527814
v -0.140987 -0.111070 -0.522823
v -0.012370 0.064992 -0.473228
v 0.130477 0.103277 -0.576326
v 0.065192 0.126234 -0.488515
v -0.175359 -0.076194 -0.557496
v -0.046741 0.099868 -0.507901
v 0.096105 0.138153 -0.610999
v 0.030820 0.161110 -0.523188
v -0.154239 -0.084281 -0.482739
v 0.117225 0.130066 -0.536242
v 0.082853 0.164942 -0.570915
v -0.188611 -0.049404 -0.517412
v -0.029054 -0.084704 -0.503437
v -0.093389 0.050545 -0.615099
v -0.106642 0.077335 -0.575015
v -0.042306 -0.057915 -0.463353
v 0.108436 0.919443 0.793932
v 0.136753 0.929304 0.794885
v 0.124753 0.869745 0.823322
v 0.153070 0.879605 0.824275
v 0.094657 0.957904 0.805373
v 0.122974 0.967765 0.806327
v 0.124572 0.866790 0.859256
v 0.152889 0.876651 0.860209
v 0.079672 0.994202 0.875072
v 0.107988 1.004063 0.876025
v 0.109586 0.903088 0.928954
v 0.137903 0.912949 0.929908
v 0.088191 0.975262 0.817899
v 0.116508 0.985122 0.818853
v 0.082572 0.988873 0.844036
v 0.110889 0.998734 0.844990
v 0.072720 1.021214 0.802120
v 0.101037 1.031075 0.803073
v 0.068974 1.030289 0.819544
v 0.097291 1.040149 0.820498
v 0.099555 0.932474 0.922971
v 0.127872 0.942335 0.923925
v 0.107713 0.907625 0.937667
v 0.136030 0.917486 0.938620
v 0.080822 0.977847 1.010095
v 0.109139 0.987707 1.011048
v 0.088981 0.952997 1.024790
v 0.117298 0.962858 1.025743
v 0.088676 0.965607 0.903378
v 0.116993 0.975467 0.904331
v 0.096835 0.940757 0.918073
v 0.125152 0.950618 0.919026
v 0.069944 1.010979 0.990501
v 0.098261 1.020840 0.991454
v 0.078103 0.986130 1.005196
v 0.106420 0.995990 1.006149
v 0.077798 0.998739 0.883784
v 0.106115 1.008600 0.884737
v 0.085957 0.973890 0.898479
v 0.114274 0.983751 0.899433
v 0.059066 1.044111 0.970907
v 0.087383 1.053972 0.971861
v 0.067224 1.019262 0.985603
v 0.095542 1.029123 0.986556
v -0.241362 0.822224 0.407999
v -0.265728 0.839667 0.406583
v -0.274328 0.774843 0.391620
v -0.298695 0.792286 0.390204
v -0.230758 0.840040 0.445014
v -0.255125 0.857483 0.443598
v -0.291197 0.753176 0.414986
v -0.315563 0.770619 0.413570
v -0.246438 0.824377 0.521883
v -0.270805 0.841820 0.520467
v -0.306877 0.737513 0.491855
v -0.331243 0.754956 0.490439
v -0.229184 0.844021 0.466962
v -0.253550 0.861465 0.465546
v -0.235064 0.838148 0.495787
v -0.259430 0.855591 0.494371
v -0.203672 0.881547 0.490219
v -0.228038 0.898991 0.488803
v -0.207592 0.877632 0.509437
v -0.231958 0.895075 0.508021
v -0.292354 0.759245 0.509653
v -0.316720 0.776688 0.508237
v -0.308837 0.735555 0.501463
v -0.333203 0.752998 0.500048
v -0.311954 0.739666 0.605739
v -0.336320 0.757109 0.604323
v -0.328437 0.715976 0.597550
v -0.352803 0.733419 0.596133
v -0.270376 0.790832 0.520572
v -0.294742 0.808275 0.519156
v -0.286859 0.767142 0.512383
v -0.311226 0.784585 0.510967
v -0.289976 0.771253 0.616658
v -0.314342 0.788697 0.615242
v -0.306459 0.747563 0.608469
v -0.330826 0.765006 0.607053
v -0.248398 0.822419 0.531492
v -0.272765 0.839863 0.530076
v -0.264881 0.798729 0.523302
v -0.289248 0.816172 0.521886
v -0.267998 0.802841 0.627578
v -0.292365 0.820284 0.626162
v -0.284481 0.779150 0.619388
v -0.308848 0.796593 0.617972
v 0.457522 0.922368 0.100829
v 0.053728 0.899316 0.031410
v 0.212445 0.918542 -0.180814
v 0.340445 0.906986 0.285643
v 0.087524 0.907009 -0.098585
v 0.303570 0.922382 -0.133049
v 0.465366 0.918519 0.203413
v 0.207680 0.899302 0.265288
v 0.130704 0.899309 0.148349
v 0.380546 0.922375 -0.016110
v 0.412030 0.978346 0.130777
v 0.091517 0.962983 0.006539
v 0.258078 0.978359 -0.103100
v 0.245469 0.962969 0.240417
v 0.301451 0.840556 0.218429
v 0.426005 0.922126 0.107866
v 0.169039 0.960402 0.124073
v 0.333501 0.979342 0.014300
v 0.252926 0.901701 -0.109223
v 0.127122 0.818795 0.002437
v 0.339623 0.909304 0.000128
v 0.209180 0.834033 0.111576
vn -0.3143 -0.8368 0.4484
vn 0.8069 -0.0742 0.5861
vn 0.2010 -0.5710 0.7960
vn -0.5648 0.7263 0.3918
vn -0.4906 -0.3325 -0.8055
vn 0.5789 0.5118 -0.6347
vn -0.8379 -0.5225 -0.1576
vn -0.8896 -0.4433 0.1098
vn 0.4070 -0.3292 -0.8521
vn -0.4493 0.6421 -0.6211
vn -0.1775 -0.5651 0.8057
vn -0.1041 -0.2869 0.9523
vn 0.9281 -0.3704 -0.0382
vn 0.4527 0.8217 0.3463
vn -0.3892 -0.6228 -0.6787
vn -0.7389 -0.6406 -0.2091
vn -0.9238 -0.0332 -0.3815
vn 0.4581 0.1059 -0.8825
vn 0.7736 -0.3771 -0.5092
vn -0.0409 0.9722 -0.2305
vn 0.9918 0.1058 -0.0719
vn 0.4516 -0.6670 0.5925
vn 0.1937 0.4916 0.8490
vn -0.1465 -0.0811 0.9859
vn -0.5435 -0.7594 0.3577
vn -0.7258 -0.2189 0.6521
vn 0.0642 -0.9970 -0.0423
vn 0.9036 0.4284 0.0072
vn -0.0065 0.2472 -0.9689
vn -0.1609 0.4405 0.8832
vn 0.5988 0.6986 -0.3917
vn 0.5956 0.7005 -0.3932
vn 0.2516 0.8296 0.4985
vn -0.8748 0.4406 -0.2014
vn 0.3348 0.6414 -0.6903
vn 0.7425 -0.5249 -0.4160
vn 0.9098 0.1760 -0.3758
vn 0.7022 0.6816 -0.2059
vn -0.0497 0.9836 0.1732
vn 0.8873 -0.2227 -0.4038
vn 0.8047 0.5244 -0.2784
vn 0.8019 0.5282 -0.2791
vn 0.8052 0.5236 -0.2782
vn 0.2957 0.9553 -0.0037
vn -0.4056 0.8519 0.3312
vn 0.9322 -0.3425 -0.1171
vn 0.8996 0.2674 0.3453
vn 0.9016 0.2655 0.3414
vn 0.9021 0.2650 0.3406
vn 0.3888 0.7068 0.5910
vn -0.3826 0.7905 0.4783
vn 0.7635 -0.5810 -0.2818
vn 0.9900 -0.0379 0.1362
vn 0.8016 0.4161 0.4293
vn 0.0144 0.8125 0.5828
vn 0.5839 -0.2117 0.7838
vn 0.5908 -0.2140 0.7779
vn 0.5922 -0.2144 0.7768
vn 0.1295 0.3421 0.9307
vn -0.4589 0.6819 0.5696
vn 0.6407 -0.7559 -0.1348
vn 0.7380 -0.4435 0.5086
vn 0.4809 -0.0720 0.8738
vn -0.1980 0.5101 0.8370
vn 0.6694 -0.7351 0.1077
vn 0.5213 -0.8399 -0.1512
vn 0.1397 -0.8705 0.4720
vn 0.1395 -0.8694 0.4739
vn 0.1397 -0.8707 0.4715
vn -0.1937 -0.5603 0.8053
vn -0.5626 0.2537 0.7869
vn 0.3964 -0.8953 0.2031
vn -0.0786 -0.6956 0.7141
vn -0.0787 -0.6952 0.7145
vn -0.0786 -0.6958 0.7140
vn -0.4946 -0.0683 0.8665
vn -0.5898 0.5897 0.5516
vn -0.7037 -0.6618 0.2583
vn -0.8657 0.1933 0.4618
vn -0.0018 -0.9746 -0.2240
vn -0.5804 -0.7950 0.1765
vn -0.5798 -0.7954 0.1765
vn -0.5797 -0.7955 0.1765
vn -0.8792 -0.1449 0.4540
vn -0.6987 0.5681 0.4349
vn 0.3460 -0.8748 -0.3392
vn -0.2941 -0.9557 0.0089
vn -0.2919 -0.9564 0.0090
vn -0.2915 -0.9565 0.0091
vn 0.0862 -0.8512 -0.5178
vn -0.6718 -0.4653 -0.5763
vn -0.6786 -0.4630 -0.5702
vn -0.6705 -0.4658 -0.5775
vn -0.9626 0.1247 -0.2406
vn -0.7217 0.6295 0.2878
vn 0.3250 -0.8187 -0.4734
vn -0.3535 -0.6608 -0.6621
vn -0.8011 -0.3272 -0.5011
vn -0.9297 0.3645 0.0522
vn -0.6737 0.4953 -0.5485
vn -0.6454 0.7381 0.1965
vn 0.4478 -0.6439 -0.6204
vn -0.0407 -0.2431 -0.9692
vn -0.4266 0.1717 -0.8880
vn -0.7173 0.6668 -0.2020
vn 0.2578 -0.4768 -0.8404
vn -0.3045 0.0254 -0.9522
vn -0.3088 0.0268 -0.9508
vn -0.3036 0.0251 -0.9525
vn 0.5673 -0.5598 -0.6040
vn 0.4150 0.0775 -0.9065
vn 0.1387 0.5694 -0.8103
vn -0.3528 0.9233 -0.1519
vn 0.5130 -0.2973 -0.8053
vn 0.2469 0.4178 -0.8744
vn 0.2471 0.4135 -0.8763
vn 0.2472 0.4125 -0.8768
vn -0.1444 0.8677 -0.4757
vn -0.5145 0.8302 0.2145
vn -0.8645 0.0338 0.5016
vn 0.3129 -0.6306 0.7102
vn 0.3604 0.7303 0.5803
vn -0.3453 0.5506 -0.7600
vn 0.9048 -0.1150 -0.4101
vn -0.8893 -0.0389 -0.4556
vn -0.4912 0.8362 0.2440
vn 0.1343 -0.1250 -0.9830
vn 0.6336 0.7248 -0.2704
vn -0.5280 -0.7670 0.3645
vn -0.1343 0.1250 0.9830
vn 0.4956 -0.8531 -0.1630
vn 0.8893 0.0389 0.4556
vn -0.4624 -0.1003 -0.8810
vn -0.8481 0.4986 -0.1792
vn 0.0616 0.9972 -0.0432
vn 0.4965 0.2146 -0.8411
vn 0.4062 -0.6406 -0.6516
vn 0.8873 0.4493 0.1041
vn 0.8481 -0.4986 0.1792
vn -0.0198 -0.9922 0.1234
vn 0.4624 0.1003 0.8810
vn -0.4055 -0.3932 0.8252
vn -0.8445 -0.5354 -0.0072
vn -0.3634 0.5545 0.7486
vn -0.3201 -0.8115 -0.4888
vn -0.5220 0.8500 0.0711
vn 0.7060 0.3853 0.5942
vn 0.7034 0.3885 0.5952
vn 0.7068 0.3843 0.5939
vn 0.2544 0.6841 -0.6836
vn 0.3171 0.6642 -0.6770
vn 0.6830 0.4665 -0.5620
vn -0.7664 -0.4308 -0.4764
vn 0.5220 -0.8500 -0.0711
vn -0.9854 0.0608 0.1592
vn -0.5938 0.1812 -0.7839
vn -0.3827 -0.9207 0.0770
vn 0.0354 -0.6862 -0.7266
vn 0.0406 -0.6876 -0.7249
vn 0.0469 -0.6894 -0.7229
vn -0.1704 0.5037 0.8469
vn 0.3896 0.9204 -0.0318
vn 0.4323 -0.4778 0.7647
vn 0.9099 -0.3900 -0.1416
vn -0.8377 -0.5265 0.1447
vn -0.9119 0.2919 -0.2885
vn -0.4665 -0.1502 -0.8717
vn -0.4616 -0.1743 -0.8698
vn -0.4806 -0.0712 -0.8741
vn -0.1775 -0.9041 -0.3886
vn 0.0304 -0.8564 0.5155
vn 0.0305 -0.6848 -0.7281
vn 0.7578 -0.6059 0.2422
vn 0.1604 0.0159 0.9869
vn 0.8350 0.5377 -0.1166
vn 0.8368 0.5311 -0.1335
vn 0.8377 0.5265 -0.1447
vn 0.1341 0.8729 0.4692
vn 0.1420 0.8689 0.4741
vn 0.1431 0.8684 0.4748
vn -0.7078 0.3457 0.6161
vn 0.0630 0.4672 -0.8819
vn -0.4789 -0.3611 0.8001
vn -0.4581 -0.4506 0.7662
vn 0.7523 0.2565 0.6069
vn -0.4842 0.8661 0.1245
vn -0.6878 -0.3717 -0.6235
vn 0.5288 0.3241 -0.7844
vn 0.8526 -0.3898 0.3479
vn -0.9818 0.0940 0.1648
vn -0.4105 0.5425 -0.7329
vn -0.1679 -0.8350 -0.5240
vn -0.1485 0.4575 0.8767
vn 0.4228 0.9060 -0.0210
vn -0.8100 -0.5648 0.1575
vn -0.8526 0.3898 -0.3479
vn -0.1182 -0.0226 -0.9927
vn 0.4842 -0.8661 -0.1245
vn 0.0075 0.8870 -0.4617
vn 0.8986 0.4210 -0.1240
vn 0.1679 0.8350 0.5240
vn 0.2014 -0.1263 0.9713
vn -0.6922 0.3378 0.6378
vn -0.4692 0.0460 0.8819
vn -0.4361 0.5698 -0.6965
vn -0.4383 0.5706 -0.6945
vn -0.4388 0.5707 -0.6941
vn 0.5521 0.7432 0.3780
vn 0.5571 0.7498 0.3570
vn 0.5961 0.8018 0.0418
vn 0.3362 -0.6643 0.6676
vn 0.5912 -0.4030 -0.6986
vn -0.4809 -0.5096 0.7135
vn 0.3919 -0.0069 0.9200
vn 0.2017 -0.9750 -0.0933
vn 0.8616 -0.5046 -0.0545
vn 0.8561 -0.5158 0.0337
vn 0.8594 -0.5112 -0.0063
vn -0.9849 0.1469 -0.0917
vn -0.2292 0.9707 0.0720
vn -0.3023 -0.3185 -0.8984
vn 0.5814 0.1958 -0.7897
vn -0.1710 -0.9091 0.3798
vn -0.2075 -0.1356 0.9688
vn 0.6754 -0.1980 0.7104
vn 0.6737 -0.1927 0.7134
vn 0.6659 -0.1691 0.7267
vn 0.6548 -0.7556 -0.0170
vn -0.0616 -0.7921 -0.6073
vn 0.9070 0.2219 -0.3579
vn 0.0559 0.0605 -0.9966
vn -0.7882 -0.1051 -0.6064
vn 0.1611 0.9099 -0.3823
vn 0.1462 0.9108 -0.3861
vn 0.1710 0.9091 -0.3798
vn -0.7247 0.6890 -0.0067
vn -0.7247 0.6890 -0.0002
vn -0.7247 0.6890 -0.0076
vn -0.8976 -0.2221 0.3807
vn 0.5669 0.5988 0.5658
vn -0.6783 -0.7172 -0.1602
vn -0.7542 -0.6499 0.0940
vn -0.5540 0.5443 -0.6299
vn -0.2650 0.5358 0.8017
vn 0.5892 -0.6156 0.5233
vn 0.7929 0.5717 -0.2110
vn -0.2177 0.0322 -0.9755
vn -0.2701 -0.3798 0.8847
vn 0.6255 0.3273 0.7082
vn 0.5925 -0.7899 -0.1582
vn -0.9316 0.2914 0.2175
vn -0.0360 0.9985 0.0409
vn -0.1201 -0.8870 0.4459
vn 0.2177 -0.0322 0.9755
vn 0.9728 -0.0241 0.2305
vn 0.2650 -0.5358 -0.8017
vn 0.3610 0.8119 0.4588
vn 0.2154 0.8000 -0.5600
vn -0.5925 0.7899 0.1582
vn -0.9272 -0.0680 -0.3683
vn -0.7359 -0.0542 0.6750
vn -0.6524 0.6047 -0.4568
vn -0.7174 -0.1544 0.6793
vn 0.2983 0.7621 0.5746
vn 0.7174 0.1544 -0.6793
vn 0.5600 -0.6246 0.5443
vn -0.1334 -0.0013 -0.9911
vn 0.2604 0.8907 -0.3725
vn 0.5681 -0.7125 -0.4119
vn 0.9618 0.1795 0.2067
vn -0.2604 -0.8907 0.3725
vn -0.9618 -0.1795 -0.2067
vn 0.2662 -0.4371 -0.8591
vn 0.0778 0.5447 -0.8350
vn 0.7484 0.6554 -0.1016
vn 0.9368 -0.3264 -0.1257
vn 0.1390 -0.9900 0.0223
vn 0.6247 0.1009 0.7743
vn -0.9969 0.0502 -0.0601
vn -0.7484 -0.6554 0.1016
vn -0.1870 -0.7710 0.6087
vn -0.7181 -0.1210 -0.6854
vn -0.2327 0.9703 0.0663
vn -0.3865 -0.7808 -0.4908
vn 0.0335 0.1578 0.9869
vn -0.5332 -0.8184 0.2142
vn -0.8759 0.4807 -0.0430
vn 0.6144 0.7612 -0.2075
vn -0.1021 -0.2632 -0.9593
vn 0.8339 0.2858 0.4721
vn -0.2017 0.8696 0.4507
vn 0.7555 0.0421 -0.6538
vn -0.3348 0.5732 -0.7479
vn 0.2183 -0.6593 0.7195
vn -0.7555 -0.0421 0.6538
vn 0.1398 -0.9029 -0.4065
vn -0.8339 -0.2858 -0.4721
vn 0.9733 0.2008 -0.1113
vn 0.4251 0.7279 0.5380
vn -0.3065 0.9345 -0.1808
vn 0.3289 0.4295 -0.8410
vn 0.5106 -0.5817 -0.6332
vn -0.6792 0.1723 -0.7134
vn -0.4251 -0.7279 -0.5380
vn 0.2193 -0.9566 0.1917
vn -0.9733 -0.2008 0.1113
vn -0.3289 -0.4295 0.8410
vn 0.6064 -0.2841 0.7426
vn -0.5834 0.4700 0.6624
vn 0.8072 -0.5860 0.0705
vn 0.5443 0.8223 0.1660
vn -0.1052 -0.0604 0.9926
vn -0.8480 0.5300 0.0015
vn 0.1052 0.0604 -0.9926
vn -0.5328 -0.8452 -0.0430
vn 0.8519 0.2130 -0.4784
vn -0.1218 0.8302 -0.5441
vn 0.2433 -0.7604 -0.6021
vn -0.7304 -0.1433 -0.6678
vn 0.1218 -0.8302 0.5441
vn 0.7304 0.1433 0.6678
vn 0.6707 -0.3352 -0.6617
vn 0.4471 0.6388 -0.6261
vn -0.5219 0.4206 -0.7421
vn -0.2983 -0.5534 -0.7776
vn 0.2159 -0.9759 0.0323
vn -0.9737 -0.2215 -0.0539
vn 0.5219 -0.4206 0.7421
vn -0.1404 -0.7804 0.6093
vn 0.9595 0.2136 0.1835
vn -0.2297 0.9684 0.0973
vn 0.8348 -0.5372 0.1207
vn -0.6701 0.5934 0.4459
vn -0.6756 0.5846 0.4492
vn -0.6809 0.5792 0.4482
vn 0.5971 0.6986 -0.3942
vn 0.5987 0.6974 -0.3940
vn -0.6837 -0.2530 0.6845
vn 0.0455 0.9894 -0.1379
vn -0.6731 0.6390 0.3723
vn -0.7579 0.3202 -0.5683
vn -0.1301 0.8011 0.5842
vn -0.5897 0.7460 0.3094
vn -0.4948 -0.3884 0.7774
vn 0.4863 0.1480 0.8612
vn 0.4948 0.3884 -0.7774
vn -0.5863 -0.2155 -0.7809
vn -0.8734 -0.4698 -0.1287
vn 0.8334 0.4131 0.3672
vn 0.6673 0.6362 0.3873
vn -0.8172 0.5737 0.0558
vn 0.4526 -0.0387 0.8909
vn -0.6777 0.6188 0.3971
vn -0.4452 0.3713 0.8148
vn -0.7756 -0.6124 0.1529
vn -0.8199 0.3123 -0.4798
vn 0.7756 0.6124 -0.1529
vn 0.7381 -0.4223 0.5263
vn 0.0922 -0.8135 0.5742
vn -0.3258 0.7327 -0.5974
vn -0.3864 0.8522 -0.3528
vn -0.1981 0.1264 0.9720
vn 0.1873 -0.4537 -0.8712
vn 0.3302 -0.9409 -0.0757
vn -0.0598 0.2649 -0.9624
vn -0.9439 -0.3287 -0.0318
vn 0.9439 0.3287 0.0318
vn 0.2720 -0.8283 0.4898
vn -0.2720 0.8283 -0.4898
vn 0.1304 -0.2825 -0.9504
vn -0.1873 0.4537 0.8712
vn -0.2719 0.8283 -0.4898
vn 0.1960 0.1958 -0.9609
vn -0.3484 -0.5484 -0.7601
vn -0.3484 -0.5485 -0.7601
vn 0.5271 0.6968 -0.4864
vn 0.8122 -0.5814 0.0472
vn -0.8122 0.5814 -0.0472
vn -0.5494 -0.7897 -0.2730
vn 0.5494 0.7897 0.2730
vn 0.2999 0.3469 -0.8887
vn -0.1960 -0.1958 0.9609
vn 0.8328 0.0769 -0.5482
vn -0.8328 -0.0769 0.5482
vn 0.5468 0.0398 0.8363
vn -0.5520 0.0399 -0.8329
vn -0.9840 -0.0837 -0.1573
vn 0.7665 0.6414 -0.0345
vn -0.6819 0.5846 0.4395
vn -0.6701 0.5934 0.4458
vn -0.3584 0.8296 -0.4281
vn -0.0720 0.9960 0.0536
vn -0.0691 0.9961 0.0552
vn -0.0721 0.9960 0.0535
vn -0.0748 0.9961 0.0466
vn 0.6855 -0.7249 0.0674
vn 0.7646 -0.6378 0.0930
vn 0.8587 -0.4964 0.1273
vn 0.3980 -0.0871 -0.9132
vn 0.7651 -0.0646 -0.6407
vn 0.7501 0.0004 -0.6613
vn 0.7274 0.0372 -0.6852
vn 0.4660 -0.8329 -0.2985
vn 0.4625 -0.8474 -0.2606
vn 0.4980 -0.8115 -0.3057
vn 0.5942 -0.8026 -0.0535
vn 0.7551 -0.1251 -0.6435
vn 0.7832 -0.0622 -0.6187
vn 0.3965 -0.8918 -0.2178
vn 0.3829 -0.9042 -0.1892
vn 0.1586 -0.8251 -0.5422
vn 0.1111 -0.7539 -0.6475
vn 0.2039 -0.8819 -0.4251
vn 0.9238 -0.1308 -0.3599
vn 0.1992 -0.8840 -0.4230
vn 0.3755 -0.9044 -0.2028
vn 0.3761 -0.9017 -0.2131
vn 0.4173 -0.8887 -0.1897
vn 0.3645 -0.9061 -0.2149
vn 0.3570 -0.9127 -0.1987
vn -0.4815 -0.7859 0.3879
vn 0.6159 -0.1260 0.7777
vn 0.2572 -0.4423 0.8592
vn -0.5392 0.6657 0.5158
vn -0.6855 -0.3850 -0.6180
vn 0.5864 0.5243 -0.6175
vn -0.6584 -0.7421 -0.1258
vn -0.9042 0.2730 -0.3285
vn 0.4134 0.0863 -0.9065
vn 0.9960 0.0863 -0.0213
vn 0.4516 -0.6670 0.5926
vn 0.2996 0.2103 0.9306
vn -0.2480 -0.0301 0.9683
vn 0.8791 0.4355 -0.1936
vn 0.1867 0.2976 -0.9362
vn 0.6003 0.6974 -0.3915
vn 0.9031 0.1949 -0.3826
vn 0.7239 0.6367 -0.2658
vn 0.8822 -0.1869 -0.4322
vn 0.8014 0.5289 -0.2792
vn 0.9386 -0.3375 -0.0718
vn 0.8992 0.2677 0.3460
vn 0.9874 -0.0301 0.1557
vn 0.8331 0.3450 0.4323
vn 0.5827 -0.2113 0.7847
vn -0.0264 0.3669 0.9299
vn 0.7150 -0.4411 0.5424
vn 0.5428 -0.0943 0.8346
vn 0.7576 -0.6310 0.1673
vn 0.1395 -0.8693 0.4742
vn -0.1821 -0.6213 0.7621
vn 0.3695 -0.9225 0.1117
vn -0.0787 -0.6951 0.7146
vn -0.4490 -0.1047 0.8874
vn -0.6493 -0.7143 0.2610
vn 0.0903 -0.9781 -0.1877
vn -0.5804 -0.7949 0.1765
vn -0.8891 -0.1923 0.4154
vn -0.2944 -0.9557 0.0089
vn 0.0165 -0.7785 -0.6275
vn -0.6797 -0.4626 -0.5692
vn -0.9798 0.1771 -0.0926
vn -0.3891 -0.6609 -0.6418
vn -0.7533 -0.3523 -0.5554
vn -0.0614 -0.2388 -0.9691
vn -0.4139 0.0968 -0.9052
vn 0.2131 -0.4819 -0.8499
vn -0.3096 0.0271 -0.9505
vn 0.4177 0.0982 -0.9033
vn 0.2074 0.5338 -0.8198
vn 0.5338 -0.2563 -0.8058
vn 0.2469 0.4185 -0.8740
vn -0.4584 0.4719 -0.7531
vn -0.9013 0.4107 -0.1378
vn 0.0440 0.9978 0.0496
vn 0.4055 0.3932 -0.8252
vn -0.8161 0.5759 -0.0486
vn 0.7029 0.3891 0.5955
vn -0.1819 0.7371 -0.6508
vn 0.1898 -0.9704 -0.1491
vn -0.8957 0.3493 -0.2751
vn -0.4546 -0.2066 -0.8664
vn 0.6185 -0.3172 -0.7189
vn 0.8280 -0.3571 0.4324
vn 0.8337 0.5420 -0.1054
vn 0.1321 0.8738 0.4679
vn -0.4323 0.4778 -0.7647
vn -0.8154 -0.5698 0.1026
vn -0.0752 0.0120 -0.9971
vn 0.8849 0.4308 -0.1768
vn 0.1501 -0.1460 0.9778
vn -0.5912 0.4030 0.6986
vn -0.4354 0.5696 -0.6971
vn 0.4626 0.6232 0.6305
vn 0.6001 -0.6631 -0.4473
vn -0.1770 -0.1885 0.9660
vn 0.6808 -0.2152 0.7002
vn 0.8619 -0.4993 -0.0882
vn 0.2995 -0.1417 -0.9435
vn 0.1364 0.9113 -0.3885
vn -0.7247 0.6890 0.0014
vn 0.3023 0.3185 0.8984
vn -0.1744 -0.8829 0.4359
vn 0.9776 0.0266 0.2089
vn 0.2651 -0.5358 -0.8017
vn 0.1656 0.7949 -0.5837
vn -0.9366 -0.1095 -0.3329
vn -0.6575 0.5834 -0.4767
vn 0.5548 -0.6459 0.5244
vn 0.6915 0.7150 -0.1028
vn 0.4466 0.6505 0.6143
vn -0.3717 0.9213 -0.1139
vn 0.3503 0.2403 -0.9053
vn 0.5192 0.8374 0.1708
vn -0.5077 -0.8602 -0.0479
vn 0.5623 0.3436 0.7521
vn 0.8348 -0.5372 0.1206
vn -0.6619 -0.2062 0.7207
vn 0.5604 0.5191 -0.6454
vn -0.2789 -0.7456 0.6053
vn -0.7217 -0.3148 -0.6165
vn 0.0900 0.8669 0.4904
vn 0.5729 -0.5813 0.5779
vn 0.7381 -0.4223 0.5262
vn -0.5704 0.7837 0.2459
vn 0.1303 -0.2825 -0.9504
vn -0.9673 -0.0217 -0.2528
vn -0.6871 0.5792 0.4386
vn -0.0685 0.9970 0.0357
vn -0.0744 0.9969 0.0269
vn 0.5677 -0.8226 0.0327
vn 0.4427 -0.8602 -0.2531
vn 0.7365 -0.1633 -0.6564
vn 0.0605 -0.6669 -0.7427
vn 0.3601 -0.8971 -0.2562
vt 0.171973 0.525509
vt 0.123271 0.470458
vt 0.172144 0.469481
vt 0.329048 0.559029
vt 0.269769 0.473003
vt 0.323413 0.469622
vt 0.224429 0.536019
vt 0.271784 0.555717
vt 0.171578 0.656843
vt 0.106282 0.592595
vt 0.171766 0.593801
vt 0.074500 0.472413
vt 0.014702 0.558079
vt 0.020877 0.468708
vt 0.125000 0.930227
vt 0.075188 0.848003
vt 0.125000 0.848094
vt 0.118558 0.132190
vt 0.128554 0.179315
vt 0.084127 0.157401
vt 0.119454 0.535702
vt 0.071980 0.555113
vt 0.178317 0.661080
vt 0.208858 0.690885
vt 0.178317 0.698336
vt 0.191748 0.987956
vt 0.192024 0.935909
vt 0.236681 0.952358
vt 0.221859 0.132190
vt 0.259325 0.156810
vt 0.215194 0.179315
vt 0.237257 0.592990
vt 0.075016 0.661080
vt 0.071683 0.698336
vt 0.041227 0.690545
vt 0.058252 0.987956
vt 0.013319 0.952358
vt 0.057976 0.935909
vt 0.075883 0.082205
vt 0.118558 0.082205
vt 0.042543 0.613558
vt 0.205958 0.781989
vt 0.171652 0.781644
vt 0.125000 0.698336
vt 0.125000 0.661080
vt 0.125000 0.982481
vt 0.044042 0.781989
vt 0.078348 0.781644
vt 0.221859 0.082205
vt 0.266690 0.132190
vt 0.300872 0.614338
vt 0.244949 0.645904
vt 0.263355 0.262163
vt 0.218526 0.262623
vt 0.171874 0.132190
vt 0.171874 0.179315
vt 0.171874 0.082205
vt 0.044107 0.843803
vt 0.012944 0.920851
vt 0.205893 0.843803
vt 0.237056 0.920851
vt 0.257957 0.283956
vt 0.218526 0.288649
vt 0.125000 0.807670
vt 0.125000 0.781644
vt 0.254571 0.305310
vt 0.218526 0.355295
vt 0.085792 0.283956
vt 0.125222 0.262623
vt 0.125222 0.288649
vt 0.204260 0.792310
vt 0.171652 0.807670
vt 0.859375 0.281250
vt 0.885106 0.256635
vt 0.891894 0.281971
vt 0.878070 0.544687
vt 0.829942 0.566924
vt 0.839826 0.536375
vt 0.877139 0.631101
vt 0.823645 0.598114
vt 0.877260 0.602341
vt 0.873976 0.447406
vt 0.934594 0.467677
vt 0.874324 0.491775
vt 0.878927 0.507119
vt 0.854765 0.501683
vt 0.877556 0.574516
vt 0.877239 0.666695
vt 0.821219 0.629738
vt 0.875000 0.406250
vt 0.903699 0.436254
vt 0.834141 0.487652
vt 0.773209 0.547252
vt 0.762023 0.666908
vt 0.754270 0.625547
vt 0.915413 0.407135
vt 0.883990 0.306981
vt 0.798480 0.513179
vt 0.760116 0.585778
vt 0.960087 0.407618
vt 0.979095 0.786317
vt 0.911469 0.770080
vt 0.963302 0.747280
vt 0.976809 0.872950
vt 0.919466 0.830703
vt 0.985192 0.827584
vt 0.904686 0.378021
vt 0.858654 0.313769
vt 0.902563 0.739887
vt 0.936872 0.715119
vt 0.917002 0.800032
vt 0.935899 0.346311
vt 0.902196 0.689550
vt 0.881474 0.703189
vt 0.833644 0.305865
vt 0.859375 0.775217
vt 0.859375 0.746487
vt 0.859375 0.833482
vt 0.859375 0.804002
vt 0.876024 0.365094
vt 0.875676 0.320725
vt 0.859375 0.711581
vt 0.915262 0.870591
vt 0.801748 0.800032
vt 0.815406 0.344823
vt 0.837276 0.703189
vt 0.807280 0.770080
vt 0.803488 0.870591
vt 0.799284 0.830703
vt 0.846301 0.376246
vt 0.826856 0.280529
vt 0.816186 0.739887
vt 0.816554 0.689550
vt 0.739655 0.786317
vt 0.755447 0.747280
vt 0.741941 0.872950
vt 0.733558 0.827584
vt 0.834587 0.405365
vt 0.834760 0.255519
vt 0.781878 0.715119
vt 0.789913 0.404882
vt 0.985902 0.668598
vt 0.931328 0.630590
vt 0.995730 0.628312
vt 0.845314 0.434479
vt 0.860096 0.248731
vt 0.958042 0.517210
vt 0.924813 0.568681
vt 0.916343 0.538099
vt 0.929860 0.599530
vt 0.991899 0.589902
vt 0.814101 0.466189
vt 0.924285 0.490207
vt 0.903231 0.502984
vt 0.981025 0.551821
vt 0.583817 0.819153
vt 0.525097 0.898741
vt 0.563570 0.808626
vt 0.628063 0.806345
vt 0.654283 0.767989
vt 0.660350 0.800277
vt 0.617358 0.920610
vt 0.599032 0.823030
vt 0.621253 0.825686
vt 0.654936 0.986696
vt 0.680806 0.942579
vt 0.689993 0.977463
vt 0.642322 0.920880
vt 0.659977 0.821184
vt 0.678207 0.917205
vt 0.503995 0.889049
vt 0.506153 0.912170
vt 0.558421 0.910405
vt 0.582191 0.915969
vt 0.564827 0.936598
vt 0.703061 0.911928
vt 0.695204 0.936090
vt 0.629540 0.948432
vt 0.548693 0.797289
vt 0.569057 0.790797
vt 0.596143 0.803693
vt 0.676036 0.814794
vt 0.636957 0.824580
vt 0.738224 0.900922
vt 0.710843 0.936791
vt 0.516849 0.922305
vt 0.578566 0.943435
vt 0.645187 0.951779
vt 0.686312 0.780446
vt 0.699604 0.799854
vt 0.470058 0.299152
vt 0.452611 0.418960
vt 0.442364 0.305175
vt 0.326228 0.305757
vt 0.276172 0.426432
vt 0.298318 0.300836
vt 0.432974 0.462553
vt 0.485991 0.461930
vt 0.463692 0.498123
vt 0.430355 0.408611
vt 0.394382 0.310892
vt 0.422638 0.308709
vt 0.382064 0.410332
vt 0.346066 0.308594
vt 0.374347 0.310429
vt 0.429441 0.289859
vt 0.444161 0.437132
vt 0.384765 0.293310
vt 0.391388 0.440615
vt 0.402099 0.410794
vt 0.474849 0.279693
vt 0.489305 0.293572
vt 0.520027 0.435520
vt 0.486323 0.427222
vt 0.524818 0.416061
vt 0.338604 0.289995
vt 0.328740 0.450756
vt 0.318037 0.433814
vt 0.349490 0.437647
vt 0.421095 0.288729
vt 0.392838 0.290911
vt 0.404539 0.442386
vt 0.432796 0.440203
vt 0.375645 0.290432
vt 0.347364 0.288596
vt 0.389416 0.441153
vt 0.329708 0.286022
vt 0.301797 0.281100
vt 0.272692 0.446167
vt 0.314557 0.453549
vt 0.465799 0.279570
vt 0.438105 0.285593
vt 0.447841 0.438424
vt 0.459775 0.251877
vt 0.432082 0.257900
vt 0.475275 0.183301
vt 0.460812 0.049200
vt 0.480066 0.050836
vt 0.530222 0.182420
vt 0.498554 0.038345
vt 0.517862 0.037557
vt 0.438530 0.235355
vt 0.473347 0.205992
vt 0.470620 0.238082
vt 0.420670 0.177159
vt 0.425798 0.029735
vt 0.444696 0.033769
vt 0.367227 0.164359
vt 0.386542 0.030870
vt 0.404785 0.037239
vt 0.462714 0.036459
vt 0.443185 0.180575
vt 0.428969 0.198365
vt 0.408252 0.024832
vt 0.372938 0.186404
vt 0.389174 0.170435
vt 0.480340 0.037957
vt 0.486285 0.203235
vt 0.498043 0.183733
vt 0.391551 0.019001
vt 0.374766 0.011918
vt 0.318631 0.167443
vt 0.315861 0.144840
vt 0.336821 0.153743
vt 0.448499 0.015952
vt 0.429602 0.011918
vt 0.384420 0.192706
vt 0.415915 0.199430
vt 0.409032 0.025077
vt 0.390788 0.018708
vt 0.329315 0.175243
vt 0.359721 0.185859
vt 0.517119 0.019354
vt 0.497811 0.020142
vt 0.498972 0.206487
vt 0.531151 0.205173
vt 0.481156 0.038000
vt 0.461902 0.036364
vt 0.441257 0.203266
vt 0.482792 0.018746
vt 0.463538 0.017110
vt 0.592442 0.299152
vt 0.609889 0.418960
vt 0.576177 0.427222
vt 0.736272 0.305757
vt 0.786328 0.426432
vt 0.744463 0.433814
vt 0.576508 0.461930
vt 0.629526 0.462553
vt 0.598808 0.498123
vt 0.668118 0.310892
vt 0.632145 0.408611
vt 0.639862 0.308709
vt 0.716434 0.308594
vt 0.680436 0.410332
vt 0.688153 0.310429
vt 0.633059 0.289859
vt 0.620136 0.305175
vt 0.618339 0.437132
vt 0.677735 0.293310
vt 0.671112 0.440615
vt 0.660401 0.410794
vt 0.587651 0.279693
vt 0.573195 0.293572
vt 0.542473 0.435520
vt 0.537682 0.416061
vt 0.723896 0.289995
vt 0.733760 0.450756
vt 0.713010 0.437647
vt 0.641405 0.288729
vt 0.669662 0.290911
vt 0.657961 0.442386
vt 0.629704 0.440203
vt 0.686855 0.290432
vt 0.715136 0.288596
vt 0.673084 0.441153
vt 0.715157 0.462097
vt 0.764182 0.300836
vt 0.732792 0.286022
vt 0.760703 0.281100
vt 0.789808 0.446167
vt 0.747943 0.453549
vt 0.596701 0.279570
vt 0.624395 0.285593
vt 0.614659 0.438424
vt 0.602725 0.251877
vt 0.630418 0.257900
vt 0.601688 0.049200
vt 0.587225 0.183301
vt 0.582434 0.050836
vt 0.563946 0.038345
vt 0.532278 0.182420
vt 0.544638 0.037557
vt 0.589153 0.205992
vt 0.623970 0.235355
vt 0.591880 0.238082
vt 0.636702 0.029735
vt 0.641830 0.177159
vt 0.617804 0.033769
vt 0.675958 0.030870
vt 0.695273 0.164359
vt 0.657715 0.037239
vt 0.599786 0.036459
vt 0.619315 0.180575
vt 0.633531 0.198365
vt 0.654248 0.024832
vt 0.689562 0.186404
vt 0.673326 0.170435
vt 0.582160 0.037957
vt 0.576215 0.203235
vt 0.564457 0.183733
vt 0.670949 0.019001
vt 0.687734 0.011918
vt 0.743869 0.167443
vt 0.725679 0.153743
vt 0.746639 0.144840
vt 0.614001 0.015952
vt 0.632898 0.011918
vt 0.678080 0.192706
vt 0.646585 0.199430
vt 0.653468 0.025077
vt 0.671712 0.018708
vt 0.733185 0.175243
vt 0.702779 0.185859
vt 0.545381 0.019354
vt 0.564689 0.020142
vt 0.563528 0.206487
vt 0.531349 0.205173
vt 0.581344 0.038000
vt 0.600598 0.036364
vt 0.621243 0.203266
vt 0.579708 0.018746
vt 0.598962 0.017110
vt 0.591894 0.553935
vt 0.596099 0.670420
vt 0.565221 0.670324
vt 0.661891 0.539884
vt 0.707992 0.517253
vt 0.696257 0.551619
vt 0.646241 0.672498
vt 0.630187 0.559218
vt 0.651158 0.561710
vt 0.654725 0.743741
vt 0.700126 0.699822
vt 0.699385 0.744482
vt 0.665705 0.672505
vt 0.688747 0.564166
vt 0.692970 0.674751
vt 0.539183 0.673586
vt 0.560483 0.699517
vt 0.618158 0.670318
vt 0.607549 0.698030
vt 0.713187 0.675663
vt 0.655466 0.699081
vt 0.573927 0.543921
vt 0.589433 0.539480
vt 0.616127 0.558247
vt 0.623226 0.538650
vt 0.705802 0.561815
vt 0.665411 0.562671
vt 0.750343 0.684231
vt 0.722704 0.536890
vt 0.729700 0.551184
vt 0.475035 0.896805
vt 0.416687 0.817484
vt 0.437045 0.807124
vt 0.346512 0.765393
vt 0.372610 0.804000
vt 0.340258 0.797746
vt 0.401378 0.820931
vt 0.382942 0.918473
vt 0.379264 0.823404
vt 0.319277 0.940305
vt 0.345072 0.984607
vt 0.309960 0.975243
vt 0.340539 0.818708
vt 0.357920 0.918673
vt 0.321961 0.914878
vt 0.496029 0.887246
vt 0.493811 0.910207
vt 0.441924 0.908287
vt 0.435599 0.934449
vt 0.418212 0.913904
vt 0.297065 0.909509
vt 0.304863 0.933754
vt 0.370652 0.946324
vt 0.451921 0.795947
vt 0.431753 0.789299
vt 0.404595 0.801781
vt 0.324470 0.812241
vt 0.363577 0.822212
vt 0.289184 0.934408
vt 0.261852 0.898364
vt 0.483153 0.920218
vt 0.421781 0.941450
vt 0.314297 0.777763
vt 0.300897 0.797177
vt 0.472674 0.553515
vt 0.466172 0.670436
vt 0.448840 0.557628
vt 0.358037 0.516687
vt 0.403337 0.539790
vt 0.369135 0.550888
vt 0.434818 0.558888
vt 0.417463 0.671612
vt 0.413919 0.561328
vt 0.361463 0.698698
vt 0.407013 0.744411
vt 0.361381 0.744329
vt 0.376363 0.563519
vt 0.396244 0.671469
vt 0.369115 0.673465
vt 0.524341 0.674079
vt 0.501864 0.699979
vt 0.497190 0.670430
vt 0.455226 0.697701
vt 0.445687 0.670282
vt 0.348855 0.673975
vt 0.407094 0.698780
vt 0.489563 0.544288
vt 0.475118 0.539766
vt 0.441734 0.538362
vt 0.359414 0.560790
vt 0.399780 0.562448
vt 0.311436 0.681605
vt 0.343237 0.535559
vt 0.335902 0.549582
vt 0.171874 0.262623
vt 0.078348 0.807670
vt 0.174812 0.848003
vt 0.221010 0.470753
vt 0.931835 0.183848
vt 0.936637 0.138592
vt 0.957238 0.215476
vt 0.927027 0.159369
vt 0.909654 0.133395
vt 0.886954 0.200037
vt 0.913576 0.184854
vt 0.913520 0.254361
vt 0.935769 0.253661
vt 0.860426 0.091102
vt 0.899525 0.125463
vt 0.879538 0.124938
vt 0.936353 0.272201
vt 0.914104 0.272902
vt 0.896707 0.262583
vt 0.870141 0.208259
vt 0.913985 0.110910
vt 0.940968 0.116107
vt 0.951589 0.134586
vt 0.972190 0.211470
vt 0.973609 0.224681
vt 0.952140 0.262865
vt 0.870996 0.194601
vt 0.893696 0.127959
vt 0.914034 0.159456
vt 0.882600 0.008348
vt 0.920824 0.076021
vt 0.782113 0.138592
vt 0.786915 0.183848
vt 0.761512 0.215477
vt 0.809096 0.133395
vt 0.791723 0.159369
vt 0.831796 0.200037
vt 0.805230 0.254361
vt 0.805174 0.184854
vt 0.782981 0.253661
vt 0.858324 0.091102
vt 0.819225 0.125463
vt 0.797926 0.076021
vt 0.782397 0.272201
vt 0.804646 0.272902
vt 0.822043 0.262583
vt 0.848609 0.208259
vt 0.804765 0.110910
vt 0.777782 0.116107
vt 0.767161 0.134585
vt 0.746560 0.211470
vt 0.745141 0.224681
vt 0.766610 0.262865
vt 0.847754 0.194601
vt 0.825054 0.127959
vt 0.804716 0.159456
vt 0.836150 0.008348
vt 0.816163 0.008873
vt 0.857453 0.895108
vt 0.834384 0.895108
vt 0.826694 0.906642
vt 0.868987 0.906642
vt 0.826694 0.937401
vt 0.868987 0.937401
vt 0.838228 0.941246
vt 0.826694 0.941246
vt 0.872832 0.914332
vt 0.892056 0.918177
vt 0.872832 0.925866
vt 0.892056 0.925866
vt 0.826694 0.979694
vt 0.838228 0.979694
vt 0.853608 0.941246
vt 0.842073 0.941246
vt 0.842073 0.979694
vt 0.853608 0.979694
vt 0.868987 0.941246
vt 0.857453 0.941246
vt 0.857453 0.979694
vt 0.868987 0.979694
vt 0.978116 0.895306
vt 0.955047 0.895306
vt 0.985806 0.906841
vt 0.943513 0.906841
vt 0.985806 0.937599
vt 0.943513 0.937599
vt 0.985806 0.941444
vt 0.974272 0.941444
vt 0.920444 0.918375
vt 0.939668 0.914530
vt 0.939668 0.926065
vt 0.920444 0.926065
vt 0.985806 0.979892
vt 0.974271 0.979892
vt 0.970427 0.941444
vt 0.958892 0.941444
vt 0.970427 0.979892
vt 0.958892 0.979892
vt 0.955047 0.941444
vt 0.943513 0.941444
vt 0.955047 0.979892
vt 0.943513 0.979892
vt 0.313333 0.262987
vt 0.264729 0.178800
vt 0.314707 0.179624
vt 0.080395 0.262029
vt 0.029043 0.179491
vt 0.079021 0.178667
vt 0.045740 0.792310
vt 0.171874 0.288649
vt 0.089178 0.305310
vt 0.125222 0.355295
vt 0.089178 0.355295
vt 0.171874 0.355295
vt 0.258261 0.428276
vt 0.222142 0.374707
vt 0.258703 0.375010
vt 0.203680 0.835893
vt 0.171456 0.824544
vt 0.122879 0.445430
vt 0.172218 0.444951
vt 0.262059 0.446607
vt 0.221554 0.445728
vt 0.078544 0.824545
vt 0.125000 0.824607
vt 0.086278 0.427757
vt 0.122719 0.374407
vt 0.046320 0.835893
vt 0.082368 0.446065
vt 0.172431 0.374407
vt 0.098275 0.645461
vt 0.075883 0.132190
vt 0.209751 0.698701
vt 0.040249 0.698701
vt 0.266690 0.082205
vt 0.254571 0.355295
vt 0.820367 0.668598
vt 0.859375 0.867625
vt 0.930940 0.664137
vt 0.621995 0.774057
vt 0.746005 0.925786
vt 0.549386 0.936459
vt 0.613431 0.950870
vt 0.347343 0.462097
vt 0.673626 0.505518
vt 0.740954 0.713101
vt 0.378865 0.771648
vt 0.354952 0.949636
vt 0.253971 0.923263
vt 0.450816 0.934174
vt 0.386808 0.948822
vt 0.392239 0.505589
vt 0.320054 0.710886
vt 0.902587 0.008873
vt 0.839212 0.124938
vt 0.030417 0.262853
vt 0.086158 0.374489
s 1
f 2460/3121/2360 2178/3122/2360 2462/3123/2360
f 2201/3124/2361 2171/3125/2361 2174/3126/2361
f 2195/3127/2362 2171/3125/2362 2196/3128/2362
f 2455/3129/2363 2183/3130/2363 2459/3131/2363
f 2177/3132/2364 2190/3133/2364 2175/3134/2364
f 2456/3135/2365 2173/3136/2365 2461/3137/2365
f 2179/3138/2366 2180/3139/2366 2181/3140/2366
f 2182/3141/2367 2183/3130/2367 2184/3142/2367
f 2185/3143/2368 2186/3144/2368 2187/3145/2368
f 2188/3146/2369 2189/3147/2369 2190/3148/2369
f 2191/3149/2370 2192/3150/2370 2193/3151/2370
f 2194/3152/2371 2195/3127/2371 2196/3128/2371
f 2197/3153/2372 2198/3154/2372 2199/3155/2372
f 2200/3156/2373 2201/3157/2373 2202/3158/2373
f 2179/3138/2374 2186/3159/2374 2185/3160/2374
f 2182/3141/2375 2177/3132/2375 2178/3122/2375
f 2183/3130/2376 2190/3161/2376 2184/3142/2376
f 2187/3145/2377 2585/3162/2377 2588/3163/2377
f 2185/3143/2378 2454/3164/2378 2453/3165/2378
f 2455/3166/2379 2202/3158/2379 2456/3135/2379
f 2589/3167/2380 2198/3154/2380 2583/3168/2380
f 2197/3169/2381 2192/3170/2381 2191/3149/2381
f 2194/3152/2382 2201/3171/2382 2200/3172/2382
f 2193/3151/2383 2586/3173/2383 2590/3174/2383
f 2457/3175/2384 2193/3151/2384 2458/3176/2384
f 2459/3131/2385 2182/3141/2385 2460/3121/2385
f 2197/3169/2386 2457/3175/2386 2453/3177/2386
f 2174/3178/2387 2202/3158/2387 2201/3179/2387
f 2189/3147/2388 2175/3180/2388 2190/3181/2388
f 2590/3174/2389 2586/3182/2389 2596/3183/2389
f 2588/3163/2390 2600/3184/2391 2592/3185/2391
f 2586/3186/2392 2593/3187/2392 2596/3183/2392
f 2587/3188/2393 2584/3189/2393 2594/3190/2393
f 2588/3163/2394 2585/3191/2394 2595/3192/2394
f 2252/3193/2395 2260/3194/2395 2209/3195/2395
f 2259/3196/2396 2207/3197/2396 2208/3198/2396
f 2256/3199/2397 2206/3200/2397 2257/3201/2397
f 2254/3202/2398 2204/3203/2398 2255/3204/2398
f 2260/3205/2399 2208/3198/2399 2209/3206/2399
f 2258/3207/2400 2206/3200/2401 2207/3197/2402
f 2255/3208/2403 2205/3209/2403 2256/3199/2403
f 2254/3202/2404 2253/3210/2404 2203/3211/2404
f 2208/3198/2405 2216/3212/2405 2209/3206/2405
f 2206/3200/2406 2214/3213/2407 2207/3197/2408
f 2205/3209/2409 2211/3214/2409 2212/3215/2409
f 2203/3211/2410 2253/3210/2410 2210/3216/2410
f 2252/3193/2411 2209/3195/2411 2216/3217/2411
f 2207/3197/2412 2215/3218/2412 2208/3198/2412
f 2206/3200/2413 2212/3215/2413 2213/3219/2413
f 2203/3211/2414 2211/3220/2414 2204/3203/2414
f 2213/3221/2415 2221/3222/2416 2214/3223/2417
f 2211/3224/2418 2219/3225/2418 2212/3226/2418
f 2210/3216/2419 2253/3210/2419 2217/3227/2419
f 2252/3193/2420 2216/3217/2420 2223/3228/2420
f 2214/3223/2421 2222/3229/2421 2215/3230/2421
f 2212/3226/2422 2220/3231/2422 2213/3221/2422
f 2210/3216/2423 2218/3232/2423 2211/3220/2423
f 2216/3233/2424 2222/3229/2424 2223/3234/2424
f 2252/3193/2425 2223/3228/2425 2230/3235/2425
f 2222/3229/2426 2228/3236/2427 2229/3237/2428
f 2220/3231/2429 2226/3238/2429 2227/3239/2429
f 2218/3232/2430 2224/3240/2430 2225/3241/2430
f 2223/3234/2431 2229/3237/2431 2230/3242/2431
f 2221/3222/2432 2227/3239/2433 2228/3236/2434
f 2218/3243/2435 2226/3238/2435 2219/3225/2435
f 2217/3227/2436 2253/3210/2436 2224/3240/2436
f 2226/3238/2437 2234/3244/2437 2227/3239/2437
f 2224/3240/2438 2232/3245/2438 2225/3241/2438
f 2229/3237/2439 2237/3246/2439 2230/3242/2439
f 2227/3239/2440 2235/3247/2441 2228/3236/2442
f 2226/3238/2443 2232/3248/2443 2233/3249/2443
f 2224/3240/2444 2253/3210/2444 2231/3250/2444
f 2252/3193/2445 2230/3235/2445 2237/3251/2445
f 2228/3236/2446 2236/3252/2447 2229/3237/2448
f 2236/3252/2449 2244/3253/2449 2237/3246/2449
f 2235/3247/2450 2241/3254/2451 2242/3255/2452
f 2233/3249/2453 2239/3256/2453 2240/3257/2453
f 2231/3250/2454 2253/3210/2454 2238/3258/2454
f 2252/3193/2455 2237/3251/2455 2244/3259/2455
f 2236/3252/2456 2242/3255/2456 2243/3260/2456
f 2234/3244/2457 2240/3257/2457 2241/3254/2457
f 2231/3250/2458 2239/3261/2458 2232/3245/2458
f 2239/3262/2459 2247/3263/2459 2240/3264/2459
f 2238/3258/2460 2253/3210/2460 2245/3265/2460
f 2252/3193/2461 2244/3259/2461 2251/3266/2461
f 2243/3267/2462 2249/3268/2462 2250/3269/2462
f 2240/3264/2463 2248/3270/2463 2241/3271/2463
f 2238/3258/2464 2246/3272/2464 2239/3261/2464
f 2244/3273/2465 2250/3269/2465 2251/3274/2465
f 2242/3275/2466 2248/3270/2467 2249/3268/2468
f 2252/3193/2469 2251/3266/2469 2260/3194/2469
f 2249/3268/2470 2259/3196/2470 2250/3269/2470
f 2248/3270/2471 2256/3199/2471 2257/3201/2471
f 2246/3272/2472 2254/3202/2472 2255/3204/2472
f 2250/3269/2473 2260/3205/2473 2251/3274/2473
f 2248/3270/2474 2258/3207/2475 2249/3268/2476
f 2247/3263/2477 2255/3208/2477 2256/3199/2477
f 2245/3265/2478 2253/3210/2478 2254/3202/2478
f 2277/3276/2479 2262/3277/2479 2275/3278/2479
f 2283/3279/2480 2274/3280/2480 2281/3281/2480
f 2270/3282/2481 2276/3283/2481 2282/3284/2481
f 2266/3285/2482 2268/3286/2482 2263/3287/2482
f 2271/3288/2483 2280/3289/2483 2269/3290/2483
f 2261/3291/2484 2262/3277/2484 2263/3292/2484
f 2264/3293/2485 2265/3294/2485 2266/3295/2485
f 2267/3296/2486 2268/3297/2486 2269/3290/2486
f 2270/3282/2487 2271/3288/2487 2272/3298/2487
f 2273/3299/2488 2274/3300/2488 2275/3278/2488
f 2276/3283/2489 2277/3276/2489 2278/3301/2489
f 2279/3302/2490 2280/3289/2490 2281/3281/2490
f 2282/3284/2491 2283/3279/2491 2284/3303/2491
f 2261/3304/2492 2268/3305/2492 2267/3296/2492
f 2264/3293/2493 2263/3306/2493 2262/3277/2493
f 2270/3282/2494 2266/3307/2494 2265/3294/2494
f 2271/3288/2495 2268/3286/2495 2272/3308/2495
f 2279/3302/2496 2269/3290/2496 2280/3289/2496
f 2282/3284/2497 2271/3288/2497 2270/3282/2497
f 2281/3281/2498 2284/3303/2498 2283/3279/2498
f 2279/3302/2499 2274/3309/2499 2273/3310/2499
f 2276/3283/2500 2283/3279/2500 2282/3284/2500
f 2275/3278/2501 2278/3301/2501 2277/3276/2501
f 2273/3299/2502 2262/3277/2502 2261/3291/2502
f 2265/3294/2503 2277/3276/2503 2276/3283/2503
f 2279/3302/2504 2261/3304/2504 2267/3296/2504
f 2299/3311/2505 2288/3312/2505 2286/3313/2505
f 2305/3314/2506 2302/3315/2507 2298/3316/2508
f 2294/3317/2509 2300/3318/2510 2306/3319/2511
f 2290/3320/2512 2292/3321/2512 2287/3322/2512
f 2295/3323/2513 2304/3324/2513 2293/3325/2513
f 2285/3326/2514 2286/3313/2514 2287/3322/2514
f 2288/3312/2515 2289/3327/2515 2290/3320/2515
f 2291/3328/2516 2292/3321/2516 2293/3325/2516
f 2294/3329/2517 2295/3323/2518 2296/3330/2519
f 2297/3331/2520 2298/3332/2520 2299/3311/2520
f 2300/3333/2521 2301/3334/2521 2302/3335/2521
f 2303/3336/2522 2304/3324/2522 2305/3314/2522
f 2306/3337/2523 2307/3338/2523 2308/3339/2523
f 2285/3340/2524 2292/3321/2524 2291/3341/2524
f 2286/3313/2525 2290/3320/2525 2287/3322/2525
f 2294/3342/2526 2290/3320/2527 2289/3343/2528
f 2295/3323/2529 2292/3321/2529 2296/3330/2529
f 2291/3344/2530 2304/3324/2530 2303/3345/2530
f 2294/3346/2517 2308/3339/2531 2295/3323/2518
f 2307/3338/2532 2304/3324/2532 2308/3339/2532
f 2303/3347/2533 2298/3316/2533 2297/3348/2533
f 2300/3349/2534 2307/3338/2535 2306/3350/2536
f 2299/3311/2537 2302/3335/2538 2301/3334/2539
f 2297/3351/2540 2286/3313/2540 2285/3352/2540
f 2289/3353/2541 2301/3334/2541 2300/3318/2541
f 2303/3354/2542 2285/3352/2542 2291/3355/2542
f 2325/3356/2543 2310/3357/2543 2323/3358/2543
f 2331/3359/2544 2322/3360/2544 2329/3361/2544
f 2318/3362/2545 2324/3363/2545 2330/3364/2545
f 2314/3365/2546 2316/3366/2546 2311/3367/2546
f 2319/3368/2547 2328/3369/2547 2317/3370/2547
f 2309/3371/2548 2310/3357/2548 2311/3367/2548
f 2312/3372/2549 2313/3373/2549 2314/3365/2549
f 2315/3374/2548 2316/3366/2548 2317/3370/2548
f 2318/3375/2550 2319/3368/2550 2320/3376/2550
f 2321/3377/2551 2322/3360/2551 2323/3358/2551
f 2324/3378/2552 2325/3356/2552 2326/3379/2552
f 2327/3380/2551 2328/3369/2551 2329/3381/2551
f 2330/3382/2553 2331/3383/2553 2332/3384/2553
f 2309/3385/2548 2316/3366/2548 2315/3386/2548
f 2310/3357/2554 2314/3365/2554 2311/3367/2554
f 2318/3387/2555 2314/3365/2555 2313/3388/2555
f 2317/3370/2556 2320/3376/2556 2319/3368/2556
f 2315/3389/2557 2328/3369/2557 2327/3390/2557
f 2330/3391/2558 2319/3368/2558 2318/3392/2558
f 2331/3383/2559 2328/3369/2559 2332/3384/2559
f 2327/3393/2551 2322/3360/2551 2321/3394/2551
f 2324/3395/2560 2331/3359/2560 2330/3396/2560
f 2323/3358/2561 2326/3379/2561 2325/3356/2561
f 2321/3397/2557 2310/3357/2557 2309/3398/2557
f 2313/3399/2562 2325/3356/2562 2324/3363/2562
f 2327/3400/2557 2309/3398/2557 2315/3401/2557
f 2347/3402/2563 2336/3403/2563 2349/3404/2563
f 2353/3405/2564 2350/3406/2565 2355/3407/2566
f 2348/3408/2567 2342/3409/2568 2354/3410/2569
f 2340/3411/2570 2338/3412/2570 2335/3413/2570
f 2352/3414/2571 2343/3415/2571 2341/3416/2571
f 2333/3417/2572 2335/3413/2572 2334/3418/2572
f 2336/3403/2573 2338/3412/2573 2337/3419/2573
f 2339/3420/2574 2341/3416/2574 2340/3411/2574
f 2342/3421/2575 2344/3422/2576 2343/3415/2577
f 2345/3423/2578 2347/3402/2578 2346/3424/2578
f 2348/3425/2579 2350/3426/2579 2349/3404/2579
f 2351/3427/2580 2353/3405/2580 2352/3414/2580
f 2354/3428/2581 2356/3429/2581 2355/3407/2581
f 2340/3411/2582 2333/3430/2582 2339/3431/2582
f 2334/3418/2583 2338/3412/2583 2336/3403/2583
f 2338/3412/2584 2342/3432/2585 2337/3433/2586
f 2343/3415/2587 2340/3411/2587 2341/3416/2587
f 2352/3414/2588 2339/3434/2588 2351/3435/2588
f 2342/3436/2589 2356/3429/2589 2354/3437/2589
f 2355/3407/2590 2352/3414/2590 2353/3405/2590
f 2346/3438/2591 2351/3439/2591 2345/3440/2591
f 2355/3407/2592 2348/3441/2593 2354/3442/2594
f 2350/3426/2595 2347/3402/2596 2349/3404/2597
f 2334/3418/2598 2345/3443/2598 2333/3444/2598
f 2349/3404/2599 2337/3445/2599 2348/3408/2599
f 2333/3444/2600 2351/3446/2600 2339/3447/2600
f 2358/3448/2601 2373/3449/2601 2371/3450/2601
f 2370/3451/2602 2379/3452/2602 2377/3453/2602
f 2372/3454/2603 2366/3455/2603 2378/3456/2603
f 2364/3457/2604 2362/3458/2604 2359/3459/2604
f 2376/3460/2605 2367/3461/2605 2365/3462/2605
f 2357/3463/2606 2359/3459/2606 2358/3448/2606
f 2360/3464/2607 2362/3458/2607 2361/3465/2607
f 2363/3466/2606 2365/3462/2606 2364/3457/2606
f 2366/3467/2608 2368/3468/2608 2367/3461/2608
f 2369/3469/2609 2371/3450/2609 2370/3451/2609
f 2372/3470/2610 2374/3471/2610 2373/3449/2610
f 2375/3472/2609 2377/3473/2609 2376/3460/2609
f 2378/3474/2611 2380/3475/2611 2379/3476/2611
f 2364/3457/2606 2357/3477/2606 2363/3478/2606
f 2358/3448/2612 2362/3458/2612 2360/3464/2612
f 2362/3458/2613 2366/3479/2613 2361/3480/2613
f 2368/3468/2614 2365/3462/2614 2367/3461/2614
f 2376/3460/2615 2363/3481/2615 2375/3482/2615
f 2367/3461/2616 2378/3483/2616 2366/3484/2616
f 2379/3476/2617 2376/3460/2617 2377/3473/2617
f 2370/3451/2609 2375/3485/2609 2369/3486/2609
f 2379/3452/2618 2372/3487/2618 2378/3488/2618
f 2374/3471/2619 2371/3450/2619 2373/3449/2619
f 2358/3448/2615 2369/3489/2615 2357/3490/2615
f 2373/3449/2620 2361/3491/2620 2372/3454/2620
f 2357/3490/2615 2375/3492/2615 2363/3493/2615
f 2395/3494/2621 2384/3495/2621 2382/3496/2621
f 2403/3497/2622 2394/3498/2622 2401/3499/2622
f 2390/3500/2623 2396/3501/2623 2402/3502/2623
f 2386/3503/2624 2388/3504/2624 2383/3505/2624
f 2391/3506/2625 2400/3507/2625 2389/3508/2625
f 2381/3509/2626 2382/3496/2626 2383/3510/2626
f 2384/3495/2627 2385/3511/2627 2386/3512/2627
f 2387/3513/2628 2388/3504/2628 2389/3508/2628
f 2390/3500/2629 2391/3506/2629 2392/3514/2629
f 2393/3515/2622 2394/3516/2622 2395/3494/2622
f 2396/3501/2630 2397/3517/2630 2398/3518/2630
f 2399/3519/2622 2400/3507/2622 2401/3499/2622
f 2402/3502/2631 2403/3497/2631 2404/3520/2631
f 2381/3521/2632 2388/3504/2632 2387/3513/2632
f 2384/3495/2633 2383/3510/2633 2382/3496/2633
f 2390/3500/2634 2386/3512/2634 2385/3511/2634
f 2389/3508/2635 2392/3514/2635 2391/3506/2635
f 2399/3519/2636 2389/3508/2636 2400/3507/2636
f 2402/3502/2637 2391/3506/2637 2390/3500/2637
f 2403/3497/2638 2400/3507/2638 2404/3520/2638
f 2399/3519/2622 2394/3522/2622 2393/3523/2622
f 2396/3501/2639 2403/3497/2639 2402/3502/2639
f 2395/3494/2640 2398/3518/2640 2397/3517/2640
f 2393/3515/2641 2382/3496/2641 2381/3509/2641
f 2385/3511/2642 2397/3517/2642 2396/3501/2642
f 2399/3519/2643 2381/3521/2643 2387/3513/2643
f 2406/3524/2644 2421/3525/2644 2419/3526/2644
f 2418/3527/2645 2427/3528/2645 2425/3529/2645
f 2420/3530/2646 2414/3531/2646 2426/3532/2646
f 2412/3533/2647 2410/3534/2647 2407/3535/2647
f 2424/3536/2648 2415/3537/2648 2413/3538/2648
f 2405/3539/2649 2407/3540/2649 2406/3524/2649
f 2408/3541/2650 2410/3542/2650 2409/3543/2650
f 2411/3544/2651 2413/3538/2651 2412/3545/2651
f 2414/3531/2652 2416/3546/2652 2415/3537/2652
f 2417/3547/2653 2419/3526/2653 2418/3548/2653
f 2420/3530/2654 2422/3549/2654 2421/3525/2654
f 2423/3550/2655 2425/3529/2655 2424/3536/2655
f 2426/3532/2656 2428/3551/2656 2427/3528/2656
f 2412/3552/2657 2405/3553/2657 2411/3544/2657
f 2407/3554/2658 2408/3541/2658 2406/3524/2658
f 2410/3555/2659 2414/3531/2659 2409/3543/2659
f 2415/3537/2660 2412/3533/2660 2413/3538/2660
f 2423/3550/2661 2413/3538/2661 2411/3544/2661
f 2415/3537/2662 2426/3532/2662 2414/3531/2662
f 2428/3551/2663 2425/3529/2663 2427/3528/2663
f 2418/3556/2664 2423/3550/2664 2417/3557/2664
f 2427/3528/2665 2420/3530/2665 2426/3532/2665
f 2422/3549/2666 2419/3526/2666 2421/3525/2666
f 2406/3524/2667 2417/3547/2667 2405/3539/2667
f 2421/3525/2668 2409/3543/2668 2420/3530/2668
f 2405/3553/2669 2423/3550/2669 2411/3544/2669
f 2443/3558/2670 2432/3559/2670 2445/3560/2670
f 2442/3561/2671 2451/3562/2671 2449/3563/2671
f 2444/3564/2672 2438/3565/2672 2450/3566/2672
f 2436/3567/2673 2434/3568/2673 2431/3569/2673
f 2448/3570/2674 2439/3571/2674 2437/3572/2674
f 2429/3573/2675 2431/3574/2675 2430/3575/2675
f 2432/3559/2676 2434/3576/2676 2433/3577/2676
f 2435/3578/2677 2437/3572/2677 2436/3567/2677
f 2438/3565/2678 2440/3579/2678 2439/3571/2678
f 2441/3580/2671 2443/3558/2671 2442/3581/2671
f 2444/3564/2679 2446/3582/2679 2445/3560/2679
f 2447/3583/2671 2449/3563/2671 2448/3570/2671
f 2450/3566/2680 2452/3584/2680 2451/3562/2680
f 2436/3567/2681 2429/3585/2681 2435/3578/2681
f 2431/3574/2682 2432/3559/2682 2430/3575/2682
f 2434/3576/2683 2438/3565/2683 2433/3577/2683
f 2440/3579/2684 2437/3572/2684 2439/3571/2684
f 2447/3583/2685 2437/3572/2685 2435/3578/2685
f 2439/3571/2686 2450/3566/2686 2438/3565/2686
f 2451/3562/2671 2448/3570/2671 2449/3563/2671
f 2442/3586/2671 2447/3583/2671 2441/3587/2671
f 2451/3562/2687 2444/3564/2687 2450/3566/2687
f 2446/3582/2688 2443/3558/2688 2445/3560/2688
f 2430/3575/2689 2441/3580/2689 2429/3573/2689
f 2445/3560/2690 2433/3577/2690 2444/3564/2690
f 2429/3585/2691 2447/3583/2691 2435/3578/2691
f 2591/3588/2692 2594/3190/2693 2584/3189/2694
f 2592/3185/2391 2593/3589/2695 2583/3168/2696
f 2453/3177/2386 2179/3138/2386 2185/3160/2386
f 2459/3131/2697 2195/3127/2697 2194/3152/2697
f 2457/3175/2384 2180/3139/2384 2179/3138/2384
f 2455/3166/2698 2189/3147/2698 2188/3146/2698
f 2197/3153/2378 2454/3164/2378 2198/3154/2378
f 2176/3590/2365 2456/3135/2365 2461/3137/2365
f 2455/3129/2699 2194/3152/2699 2200/3172/2699
f 2172/3591/2360 2460/3121/2360 2462/3123/2360
f 2464/3592/2700 2472/3593/2700 2478/3594/2700
f 2466/3595/2558 2473/3596/2558 2472/3593/2558
f 2477/3597/2701 2468/3598/2701 2474/3599/2701
f 2468/3598/2702 2471/3600/2702 2474/3599/2702
f 2475/3601/2557 2467/3602/2557 2463/3603/2557
f 2474/3599/2703 2463/3604/2703 2467/3605/2703
f 2477/3597/2704 2467/3606/2704 2476/3607/2704
f 2472/3593/2705 2469/3608/2705 2465/3609/2705
f 2478/3594/2706 2465/3610/2706 2475/3611/2706
f 2471/3600/2707 2475/3612/2707 2463/3613/2707
f 2473/3596/2708 2476/3614/2708 2469/3615/2708
f 2466/3595/2545 2468/3598/2545 2470/3616/2545
f 2465/3617/2557 2476/3618/2557 2475/3601/2557
f 2470/3616/2709 2477/3597/2709 2473/3596/2709
f 2471/3600/2710 2464/3592/2710 2478/3594/2710
f 2488/3619/2711 2480/3620/2711 2494/3621/2711
f 2489/3622/2616 2482/3623/2616 2488/3619/2616
f 2493/3624/2712 2490/3625/2712 2484/3626/2712
f 2487/3627/2713 2484/3626/2713 2490/3625/2713
f 2491/3628/2615 2483/3629/2615 2492/3630/2615
f 2479/3631/2714 2490/3625/2714 2483/3632/2714
f 2483/3633/2715 2493/3624/2715 2492/3634/2715
f 2485/3635/2716 2488/3619/2716 2481/3636/2716
f 2481/3637/2717 2494/3621/2717 2491/3638/2717
f 2491/3639/2718 2487/3627/2718 2479/3640/2718
f 2492/3641/2719 2489/3622/2719 2485/3642/2719
f 2484/3626/2603 2482/3623/2603 2486/3643/2603
f 2481/3644/2615 2492/3630/2615 2485/3645/2615
f 2493/3624/2720 2486/3643/2720 2489/3622/2720
f 2487/3627/2721 2494/3621/2721 2480/3620/2721
f 2496/3646/2722 2497/3647/2722 2495/3646/2722
f 2498/3647/2723 2501/3648/2723 2497/3647/2723
f 2500/3649/2724 2495/3646/2724 2499/3649/2724
f 2501/3648/2725 2495/3646/2725 2497/3647/2725
f 2502/3648/2726 2496/3646/2726 2500/3649/2726
f 2502/3648/2727 2505/3650/2727 2501/3648/2727
f 2499/3649/2728 2504/3651/2728 2500/3649/2728
f 2501/3648/2725 2503/3651/2725 2499/3649/2725
f 2515/3652/2722 2518/3653/2722 2517/3653/2722
f 2507/3654/2729 2512/3655/2729 2508/3654/2729
f 2506/3650/2730 2503/3651/2730 2505/3650/2730
f 2510/3656/2727 2507/3654/2727 2508/3654/2727
f 2511/3655/2728 2514/3657/2728 2512/3655/2728
f 2510/3656/2730 2513/3657/2730 2509/3656/2730
f 2510/3656/2726 2512/3655/2726 2514/3657/2726
f 2509/3656/2725 2511/3655/2725 2507/3654/2725
f 2516/3652/2726 2522/3658/2726 2518/3653/2726
f 2522/3658/2730 2519/3659/2730 2521/3658/2730
f 2518/3653/2727 2521/3658/2727 2517/3653/2727
f 2515/3652/2728 2520/3659/2731 2516/3652/2728
f 2517/3653/2725 2519/3659/2725 2515/3652/2725
f 2523/3660/2722 2526/3661/2722 2525/3661/2722
f 2524/3660/2726 2530/3662/2726 2526/3661/2726
f 2530/3662/2730 2527/3663/2730 2529/3662/2730
f 2526/3661/2727 2529/3662/2727 2525/3661/2727
f 2523/3660/2728 2528/3663/2728 2524/3660/2731
f 2525/3661/2725 2527/3663/2725 2523/3660/2725
f 2531/3664/2722 2534/3665/2722 2533/3665/2722
f 2532/3664/2726 2538/3666/2726 2534/3665/2726
f 2538/3666/2730 2535/3667/2730 2537/3666/2730
f 2534/3665/2727 2537/3666/2727 2533/3665/2727
f 2531/3664/2728 2536/3667/2728 2532/3664/2728
f 2533/3665/2725 2535/3667/2725 2531/3664/2725
f 2541/3668/2732 2540/3669/2732 2539/3669/2732
f 2545/3670/2733 2542/3668/2734 2541/3668/2734
f 2500/3649/2726 2506/3650/2726 2502/3648/2726
f 2539/3669/2735 2544/3671/2735 2543/3671/2735
f 2539/3669/2736 2545/3670/2736 2541/3668/2736
f 2546/3670/2737 2540/3669/2737 2542/3668/2737
f 2549/3672/2738 2546/3670/2738 2545/3670/2738
f 2548/3673/2739 2543/3671/2739 2544/3671/2739
f 2547/3673/2736 2545/3670/2736 2543/3671/2736
f 2562/3674/2732 2559/3675/2732 2561/3674/2732
f 2556/3676/2740 2551/3677/2740 2552/3677/2740
f 2547/3673/2741 2550/3672/2741 2549/3672/2741
f 2551/3677/2738 2554/3678/2738 2552/3677/2738
f 2558/3679/2739 2555/3676/2739 2556/3676/2739
f 2557/3679/2741 2554/3678/2741 2553/3678/2741
f 2554/3678/2737 2556/3676/2737 2552/3677/2737
f 2555/3676/2736 2553/3678/2736 2551/3677/2736
f 2566/3680/2737 2560/3675/2737 2562/3674/2737
f 2563/3681/2741 2566/3680/2741 2565/3680/2741
f 2565/3680/2738 2562/3674/2738 2561/3674/2738
f 2564/3681/2739 2559/3675/2739 2560/3675/2739
f 2563/3681/2736 2561/3674/2736 2559/3675/2736
f 2570/3682/2732 2567/3683/2732 2569/3682/2732
f 2574/3684/2737 2568/3683/2737 2570/3682/2737
f 2571/3685/2741 2574/3684/2741 2573/3684/2741
f 2573/3684/2738 2570/3682/2738 2569/3682/2738
f 2572/3685/2739 2567/3683/2739 2568/3683/2739
f 2571/3685/2736 2569/3682/2736 2567/3683/2736
f 2578/3686/2732 2575/3687/2732 2577/3686/2732
f 2582/3688/2737 2576/3687/2737 2578/3686/2737
f 2579/3689/2741 2582/3688/2741 2581/3688/2741
f 2581/3688/2738 2578/3686/2738 2577/3686/2738
f 2580/3689/2739 2575/3687/2739 2576/3687/2739
f 2579/3689/2736 2577/3686/2736 2575/3687/2736
f 2550/3672/2737 2544/3671/2737 2546/3670/2737
f 2588/3163/2742 2454/3164/2742 2187/3145/2742
f 2193/3151/2743 2591/3588/2743 2458/3176/2743
f 2591/3588/2743 2180/3139/2743 2458/3176/2743
f 2589/3690/2744 2192/3691/2744 2199/3692/2744
f 2587/3693/2745 2186/3694/2745 2181/3695/2745
f 2454/3164/2742 2583/3168/2742 2198/3154/2742
f 2584/3189/2746 2181/3695/2746 2180/3139/2746
f 2589/3696/2747 2583/3168/2747 2593/3589/2747
f 2590/3174/2748 2599/3697/2749 2591/3588/2692
f 2587/3698/2750 2595/3699/2750 2585/3700/2750
f 2600/3701/2751 2594/3190/2752 2599/3697/2753
f 2599/3697/2753 2593/3187/2754 2600/3701/2751
f 2171/3702/2755 2598/3703/2756 2174/3704/2757
f 2175/3705/2758 2176/3590/2758 2601/3706/2758
f 2461/3137/2759 2601/3706/2760 2176/3590/2761
f 2462/3123/2762 2602/3707/2763 2604/3708/2764
f 2171/3709/2765 2172/3591/2765 2597/3710/2765
f 2461/3137/2759 2598/3711/2766 2603/3712/2767
f 2462/3123/2762 2597/3710/2768 2172/3591/2769
f 2177/3713/2770 2601/3714/2771 2602/3707/2772
f 2173/3136/2773 2174/3715/2773 2598/3711/2773
f 2178/3122/2774 2177/3716/2774 2602/3707/2774
f 2601/3714/2775 2604/3708/2776 2602/3707/2777
f 2598/3703/2778 2604/3708/2776 2603/3717/2779
f 2460/3121/2780 2182/3141/2780 2178/3122/2780
f 2201/3124/2781 2196/3128/2781 2171/3125/2781
f 2195/3127/2782 2172/3591/2782 2171/3125/2782
f 2455/3129/2783 2188/3718/2783 2183/3130/2783
f 2177/3132/2784 2184/3142/2784 2190/3133/2784
f 2456/3135/2785 2202/3158/2785 2173/3136/2785
f 2179/3138/2374 2181/3719/2374 2186/3159/2374
f 2182/3141/2786 2184/3142/2786 2177/3132/2786
f 2183/3130/2787 2188/3718/2787 2190/3161/2787
f 2187/3145/2788 2186/3720/2788 2585/3162/2788
f 2185/3143/2378 2187/3145/2378 2454/3164/2378
f 2455/3166/2379 2200/3156/2379 2202/3158/2379
f 2589/3167/2789 2199/3721/2789 2198/3154/2789
f 2197/3169/2381 2199/3722/2790 2192/3170/2381
f 2194/3152/2791 2196/3128/2791 2201/3171/2791
f 2193/3151/2792 2192/3691/2792 2586/3173/2792
f 2457/3175/2384 2191/3149/2384 2193/3151/2384
f 2459/3131/2697 2183/3130/2697 2182/3141/2697
f 2197/3169/2386 2191/3149/2386 2457/3175/2386
f 2174/3178/2793 2173/3136/2793 2202/3158/2793
f 2189/3147/2794 2176/3590/2794 2175/3180/2794
f 2588/3163/2390 2595/3192/2795 2600/3184/2391
f 2586/3186/2392 2589/3723/2392 2593/3187/2392
f 2259/3196/2796 2258/3207/2796 2207/3197/2796
f 2256/3199/2797 2205/3209/2797 2206/3200/2797
f 2254/3202/2398 2203/3211/2398 2204/3203/2398
f 2260/3205/2798 2259/3196/2798 2208/3198/2798
f 2258/3207/2400 2257/3201/2799 2206/3200/2401
f 2255/3208/2403 2204/3724/2403 2205/3209/2403
f 2208/3198/2800 2215/3218/2800 2216/3212/2800
f 2206/3200/2406 2213/3219/2801 2214/3213/2407
f 2205/3209/2409 2204/3724/2409 2211/3214/2409
f 2207/3197/2802 2214/3213/2802 2215/3218/2802
f 2206/3200/2803 2205/3209/2803 2212/3215/2803
f 2203/3211/2414 2210/3216/2414 2211/3220/2414
f 2213/3221/2415 2220/3231/2804 2221/3222/2416
f 2211/3224/2805 2218/3243/2805 2219/3225/2805
f 2214/3223/2806 2221/3222/2806 2222/3229/2806
f 2212/3226/2807 2219/3225/2807 2220/3231/2807
f 2210/3216/2423 2217/3227/2423 2218/3232/2423
f 2216/3233/2808 2215/3230/2808 2222/3229/2808
f 2222/3229/2426 2221/3222/2809 2228/3236/2427
f 2220/3231/2810 2219/3225/2810 2226/3238/2810
f 2218/3232/2430 2217/3227/2430 2224/3240/2430
f 2223/3234/2811 2222/3229/2811 2229/3237/2811
f 2221/3222/2432 2220/3231/2812 2227/3239/2433
f 2218/3243/2813 2225/3725/2813 2226/3238/2813
f 2226/3238/2814 2233/3249/2814 2234/3244/2814
f 2224/3240/2438 2231/3250/2438 2232/3245/2438
f 2229/3237/2815 2236/3252/2815 2237/3246/2815
f 2227/3239/2440 2234/3244/2816 2235/3247/2441
f 2226/3238/2817 2225/3725/2817 2232/3248/2817
f 2228/3236/2446 2235/3247/2818 2236/3252/2447
f 2236/3252/2819 2243/3260/2819 2244/3253/2819
f 2235/3247/2450 2234/3244/2820 2241/3254/2451
f 2233/3249/2821 2232/3248/2821 2239/3256/2821
f 2236/3252/2822 2235/3247/2822 2242/3255/2822
f 2234/3244/2823 2233/3249/2823 2240/3257/2823
f 2231/3250/2458 2238/3258/2458 2239/3261/2458
f 2239/3262/2459 2246/3726/2459 2247/3263/2459
f 2243/3267/2824 2242/3275/2824 2249/3268/2824
f 2240/3264/2825 2247/3263/2825 2248/3270/2825
f 2238/3258/2464 2245/3265/2464 2246/3272/2464
f 2244/3273/2826 2243/3267/2826 2250/3269/2826
f 2242/3275/2466 2241/3271/2827 2248/3270/2467
f 2249/3268/2828 2258/3207/2828 2259/3196/2828
f 2248/3270/2829 2247/3263/2829 2256/3199/2829
f 2246/3272/2472 2245/3265/2472 2254/3202/2472
f 2250/3269/2830 2259/3196/2830 2260/3205/2830
f 2248/3270/2474 2257/3201/2831 2258/3207/2475
f 2247/3263/2477 2246/3726/2477 2255/3208/2477
f 2277/3276/2479 2264/3293/2479 2262/3277/2479
f 2283/3279/2480 2278/3727/2480 2274/3280/2480
f 2270/3282/2481 2265/3294/2481 2276/3283/2481
f 2266/3285/2832 2272/3308/2832 2268/3286/2832
f 2271/3288/2483 2284/3303/2483 2280/3289/2483
f 2261/3304/2492 2263/3728/2492 2268/3305/2492
f 2264/3293/2833 2266/3729/2833 2263/3306/2833
f 2270/3282/2834 2272/3730/2834 2266/3307/2834
f 2271/3288/2835 2269/3290/2835 2268/3286/2835
f 2279/3302/2496 2267/3296/2496 2269/3290/2496
f 2282/3284/2497 2284/3303/2497 2271/3288/2497
f 2281/3281/2498 2280/3289/2498 2284/3303/2498
f 2279/3302/2499 2281/3281/2499 2274/3309/2499
f 2276/3283/2500 2278/3301/2500 2283/3279/2500
f 2275/3278/2501 2274/3300/2501 2278/3301/2501
f 2273/3299/2502 2275/3278/2502 2262/3277/2502
f 2265/3294/2503 2264/3293/2503 2277/3276/2503
f 2279/3302/2504 2273/3310/2504 2261/3304/2504
f 2299/3311/2836 2301/3334/2836 2288/3312/2836
f 2305/3314/2506 2307/3338/2837 2302/3315/2507
f 2294/3317/2509 2289/3353/2838 2300/3318/2510
f 2290/3320/2512 2296/3330/2512 2292/3321/2512
f 2295/3323/2839 2308/3339/2839 2304/3324/2839
f 2285/3340/2524 2287/3322/2524 2292/3321/2524
f 2286/3313/2840 2288/3312/2840 2290/3320/2840
f 2294/3342/2526 2296/3330/2841 2290/3320/2527
f 2295/3323/2529 2293/3325/2529 2292/3321/2529
f 2291/3344/2530 2293/3325/2530 2304/3324/2530
f 2294/3346/2842 2306/3731/2842 2308/3339/2842
f 2307/3338/2843 2305/3314/2843 2304/3324/2843
f 2303/3347/2533 2305/3314/2533 2298/3316/2533
f 2300/3349/2534 2302/3315/2844 2307/3338/2535
f 2299/3311/2537 2298/3332/2845 2302/3335/2538
f 2297/3351/2540 2299/3311/2540 2286/3313/2540
f 2289/3353/2846 2288/3312/2846 2301/3334/2846
f 2303/3354/2542 2297/3351/2542 2285/3352/2542
f 2325/3356/2543 2312/3372/2543 2310/3357/2543
f 2331/3359/2544 2326/3379/2544 2322/3360/2544
f 2318/3362/2545 2313/3399/2545 2324/3363/2545
f 2314/3365/2546 2320/3376/2546 2316/3366/2546
f 2319/3368/2547 2332/3384/2547 2328/3369/2547
f 2309/3385/2548 2311/3367/2548 2316/3366/2548
f 2310/3357/2847 2312/3372/2847 2314/3365/2847
f 2318/3387/2555 2320/3376/2555 2314/3365/2555
f 2317/3370/2848 2316/3366/2848 2320/3376/2848
f 2315/3389/2557 2317/3370/2557 2328/3369/2557
f 2330/3391/2558 2332/3384/2558 2319/3368/2558
f 2331/3383/2849 2329/3381/2849 2328/3369/2849
f 2327/3393/2551 2329/3361/2551 2322/3360/2551
f 2324/3395/2560 2326/3379/2560 2331/3359/2560
f 2323/3358/2850 2322/3360/2850 2326/3379/2850
f 2321/3397/2557 2323/3358/2557 2310/3357/2557
f 2313/3399/2562 2312/3372/2562 2325/3356/2562
f 2327/3400/2557 2321/3397/2557 2309/3398/2557
f 2347/3402/2851 2334/3418/2851 2336/3403/2851
f 2353/3405/2564 2346/3438/2852 2350/3406/2565
f 2348/3408/2567 2337/3445/2853 2342/3409/2568
f 2340/3411/2570 2344/3422/2570 2338/3412/2570
f 2352/3414/2854 2356/3429/2854 2343/3415/2854
f 2340/3411/2582 2335/3413/2582 2333/3430/2582
f 2334/3418/2855 2335/3413/2855 2338/3412/2855
f 2338/3412/2584 2344/3422/2856 2342/3432/2585
f 2343/3415/2587 2344/3422/2587 2340/3411/2587
f 2352/3414/2588 2341/3416/2588 2339/3434/2588
f 2342/3436/2575 2343/3415/2577 2356/3429/2857
f 2355/3407/2858 2356/3429/2858 2352/3414/2858
f 2346/3438/2591 2353/3405/2591 2351/3439/2591
f 2355/3407/2592 2350/3406/2859 2348/3441/2593
f 2350/3426/2595 2346/3424/2860 2347/3402/2596
f 2334/3418/2598 2347/3402/2598 2345/3443/2598
f 2349/3404/2861 2336/3403/2861 2337/3445/2861
f 2333/3444/2600 2345/3443/2600 2351/3446/2600
f 2358/3448/2601 2360/3464/2601 2373/3449/2601
f 2370/3451/2602 2374/3471/2602 2379/3452/2602
f 2372/3454/2603 2361/3491/2603 2366/3455/2603
f 2364/3457/2604 2368/3468/2604 2362/3458/2604
f 2376/3460/2605 2380/3475/2605 2367/3461/2605
f 2364/3457/2606 2359/3459/2606 2357/3477/2606
f 2358/3448/2862 2359/3459/2862 2362/3458/2862
f 2362/3458/2613 2368/3468/2613 2366/3479/2613
f 2368/3468/2863 2364/3457/2863 2365/3462/2863
f 2376/3460/2615 2365/3462/2864 2363/3481/2615
f 2367/3461/2616 2380/3475/2616 2378/3483/2616
f 2379/3476/2865 2380/3475/2865 2376/3460/2865
f 2370/3451/2609 2377/3453/2609 2375/3485/2609
f 2379/3452/2618 2374/3471/2618 2372/3487/2618
f 2374/3471/2866 2370/3451/2866 2371/3450/2866
f 2358/3448/2615 2371/3450/2864 2369/3489/2615
f 2373/3449/2620 2360/3464/2620 2361/3491/2620
f 2357/3490/2615 2369/3489/2615 2375/3492/2615
f 2395/3494/2867 2397/3517/2867 2384/3495/2867
f 2403/3497/2622 2398/3732/2622 2394/3498/2622
f 2390/3500/2623 2385/3511/2623 2396/3501/2623
f 2386/3503/2624 2392/3514/2624 2388/3504/2624
f 2391/3506/2868 2404/3520/2868 2400/3507/2868
f 2381/3521/2632 2383/3733/2632 2388/3504/2632
f 2384/3495/2633 2386/3512/2633 2383/3510/2633
f 2390/3500/2634 2392/3514/2634 2386/3512/2634
f 2389/3508/2635 2388/3504/2635 2392/3514/2635
f 2399/3519/2636 2387/3513/2636 2389/3508/2636
f 2402/3502/2637 2404/3520/2637 2391/3506/2637
f 2403/3497/2622 2401/3499/2622 2400/3507/2622
f 2399/3519/2622 2401/3499/2622 2394/3522/2622
f 2396/3501/2639 2398/3518/2639 2403/3497/2639
f 2395/3494/2622 2394/3516/2622 2398/3518/2622
f 2393/3515/2641 2395/3494/2641 2382/3496/2641
f 2385/3511/2642 2384/3495/2642 2397/3517/2642
f 2399/3519/2643 2393/3523/2643 2381/3521/2643
f 2406/3524/2644 2408/3541/2644 2421/3525/2644
f 2418/3527/2645 2422/3734/2645 2427/3528/2645
f 2420/3530/2646 2409/3543/2646 2414/3531/2646
f 2412/3533/2869 2416/3735/2869 2410/3534/2869
f 2424/3536/2648 2428/3551/2648 2415/3537/2648
f 2412/3552/2657 2407/3736/2657 2405/3553/2657
f 2407/3554/2870 2410/3737/2870 2408/3541/2870
f 2410/3555/2871 2416/3738/2871 2414/3531/2871
f 2415/3537/2872 2416/3735/2872 2412/3533/2872
f 2423/3550/2661 2424/3536/2661 2413/3538/2661
f 2415/3537/2662 2428/3551/2662 2426/3532/2662
f 2428/3551/2663 2424/3536/2663 2425/3529/2663
f 2418/3556/2664 2425/3529/2664 2423/3550/2664
f 2427/3528/2665 2422/3549/2665 2420/3530/2665
f 2422/3549/2666 2418/3548/2666 2419/3526/2666
f 2406/3524/2667 2419/3526/2667 2417/3547/2667
f 2421/3525/2668 2408/3541/2668 2409/3543/2668
f 2405/3553/2669 2417/3557/2669 2423/3550/2669
f 2443/3558/2873 2430/3575/2873 2432/3559/2873
f 2442/3561/2671 2446/3739/2671 2451/3562/2671
f 2444/3564/2672 2433/3577/2672 2438/3565/2672
f 2436/3567/2673 2440/3579/2673 2434/3568/2673
f 2448/3570/2874 2452/3584/2874 2439/3571/2874
f 2436/3567/2681 2431/3740/2681 2429/3585/2681
f 2431/3574/2682 2434/3576/2682 2432/3559/2682
f 2434/3576/2683 2440/3579/2683 2438/3565/2683
f 2440/3579/2684 2436/3567/2684 2437/3572/2684
f 2447/3583/2685 2448/3570/2685 2437/3572/2685
f 2439/3571/2686 2452/3584/2686 2450/3566/2686
f 2451/3562/2875 2452/3584/2875 2448/3570/2875
f 2442/3586/2671 2449/3563/2671 2447/3583/2671
f 2451/3562/2687 2446/3582/2687 2444/3564/2687
f 2446/3582/2671 2442/3581/2671 2443/3558/2671
f 2430/3575/2689 2443/3558/2689 2441/3580/2689
f 2445/3560/2690 2432/3559/2690 2433/3577/2690
f 2429/3585/2691 2441/3587/2876 2447/3583/2691
f 2591/3588/2692 2599/3697/2749 2594/3190/2693
f 2592/3185/2391 2600/3184/2391 2593/3589/2695
f 2453/3177/2386 2457/3175/2386 2179/3138/2386
f 2459/3131/2877 2460/3121/2877 2195/3127/2877
f 2457/3175/2384 2458/3176/2384 2180/3139/2384
f 2455/3166/2698 2456/3135/2698 2189/3147/2698
f 2197/3153/2378 2453/3165/2378 2454/3164/2378
f 2176/3590/2878 2189/3147/2878 2456/3135/2878
f 2455/3129/2363 2459/3131/2363 2194/3152/2363
f 2172/3591/2879 2195/3127/2879 2460/3121/2879
f 2464/3592/2880 2466/3595/2880 2472/3593/2880
f 2466/3595/2558 2470/3616/2558 2473/3596/2558
f 2468/3598/2702 2464/3592/2702 2471/3600/2702
f 2475/3601/2557 2476/3618/2557 2467/3602/2557
f 2474/3599/2703 2471/3600/2703 2463/3604/2703
f 2477/3597/2704 2474/3599/2704 2467/3606/2704
f 2472/3593/2705 2473/3596/2705 2469/3608/2705
f 2478/3594/2706 2472/3593/2706 2465/3610/2706
f 2471/3600/2707 2478/3594/2707 2475/3612/2707
f 2473/3596/2708 2477/3597/2708 2476/3614/2708
f 2466/3595/2545 2464/3592/2545 2468/3598/2545
f 2465/3617/2557 2469/3741/2557 2476/3618/2557
f 2470/3616/2881 2468/3598/2881 2477/3597/2881
f 2488/3619/2882 2482/3623/2882 2480/3620/2882
f 2489/3622/2616 2486/3643/2616 2482/3623/2616
f 2487/3627/2713 2480/3620/2713 2484/3626/2713
f 2491/3628/2615 2479/3742/2615 2483/3629/2615
f 2479/3631/2714 2487/3627/2714 2490/3625/2714
f 2483/3633/2715 2490/3625/2715 2493/3624/2715
f 2485/3635/2716 2489/3622/2716 2488/3619/2716
f 2481/3637/2717 2488/3619/2883 2494/3621/2717
f 2491/3639/2718 2494/3621/2718 2487/3627/2718
f 2492/3641/2719 2493/3624/2719 2489/3622/2719
f 2484/3626/2603 2480/3620/2603 2482/3623/2603
f 2481/3644/2615 2491/3628/2615 2492/3630/2615
f 2493/3624/2884 2484/3626/2884 2486/3643/2884
f 2496/3646/2722 2498/3647/2722 2497/3647/2722
f 2498/3647/2723 2502/3648/2723 2501/3648/2723
f 2500/3649/2724 2496/3646/2724 2495/3646/2724
f 2501/3648/2725 2499/3649/2725 2495/3646/2725
f 2502/3648/2726 2498/3647/2726 2496/3646/2726
f 2502/3648/2727 2506/3650/2727 2505/3650/2727
f 2499/3649/2728 2503/3651/2728 2504/3651/2728
f 2501/3648/2725 2505/3650/2725 2503/3651/2725
f 2515/3652/2722 2516/3652/2722 2518/3653/2722
f 2507/3654/2729 2511/3655/2885 2512/3655/2729
f 2506/3650/2730 2504/3651/2730 2503/3651/2730
f 2510/3656/2727 2509/3656/2727 2507/3654/2727
f 2511/3655/2728 2513/3657/2728 2514/3657/2728
f 2510/3656/2730 2514/3657/2730 2513/3657/2730
f 2510/3656/2726 2508/3654/2726 2512/3655/2726
f 2509/3656/2725 2513/3657/2725 2511/3655/2725
f 2516/3652/2726 2520/3659/2726 2522/3658/2726
f 2522/3658/2730 2520/3659/2730 2519/3659/2730
f 2518/3653/2727 2522/3658/2727 2521/3658/2727
f 2515/3652/2728 2519/3659/2731 2520/3659/2731
f 2517/3653/2725 2521/3658/2725 2519/3659/2725
f 2523/3660/2722 2524/3660/2722 2526/3661/2722
f 2524/3660/2726 2528/3663/2726 2530/3662/2726
f 2530/3662/2730 2528/3663/2730 2527/3663/2730
f 2526/3661/2727 2530/3662/2727 2529/3662/2727
f 2523/3660/2728 2527/3663/2728 2528/3663/2728
f 2525/3661/2725 2529/3662/2725 2527/3663/2725
f 2531/3664/2722 2532/3664/2722 2534/3665/2722
f 2532/3664/2726 2536/3667/2726 2538/3666/2726
f 2538/3666/2730 2536/3667/2730 2535/3667/2730
f 2534/3665/2727 2538/3666/2727 2537/3666/2727
f 2531/3664/2728 2535/3667/2728 2536/3667/2728
f 2533/3665/2725 2537/3666/2725 2535/3667/2725
f 2541/3668/2732 2542/3668/2732 2540/3669/2732
f 2545/3670/2733 2546/3670/2733 2542/3668/2734
f 2500/3649/2726 2504/3651/2726 2506/3650/2726
f 2539/3669/2735 2540/3669/2735 2544/3671/2735
f 2539/3669/2736 2543/3671/2736 2545/3670/2736
f 2546/3670/2737 2544/3671/2737 2540/3669/2737
f 2549/3672/2738 2550/3672/2738 2546/3670/2738
f 2548/3673/2739 2547/3673/2739 2543/3671/2739
f 2547/3673/2736 2549/3672/2736 2545/3670/2736
f 2562/3674/2732 2560/3675/2732 2559/3675/2732
f 2556/3676/2740 2555/3676/2740 2551/3677/2740
f 2547/3673/2741 2548/3673/2741 2550/3672/2741
f 2551/3677/2738 2553/3678/2738 2554/3678/2738
f 2558/3679/2739 2557/3679/2739 2555/3676/2739
f 2557/3679/2741 2558/3679/2741 2554/3678/2741
f 2554/3678/2737 2558/3679/2737 2556/3676/2737
f 2555/3676/2736 2557/3679/2736 2553/3678/2736
f 2566/3680/2737 2564/3681/2737 2560/3675/2737
f 2563/3681/2741 2564/3681/2741 2566/3680/2741
f 2565/3680/2738 2566/3680/2738 2562/3674/2738
f 2564/3681/2739 2563/3681/2739 2559/3675/2739
f 2563/3681/2736 2565/3680/2736 2561/3674/2736
f 2570/3682/2732 2568/3683/2732 2567/3683/2732
f 2574/3684/2737 2572/3685/2737 2568/3683/2737
f 2571/3685/2741 2572/3685/2741 2574/3684/2741
f 2573/3684/2738 2574/3684/2738 2570/3682/2738
f 2572/3685/2739 2571/3685/2739 2567/3683/2739
f 2571/3685/2736 2573/3684/2736 2569/3682/2736
f 2578/3686/2732 2576/3687/2732 2575/3687/2732
f 2582/3688/2737 2580/3689/2737 2576/3687/2737
f 2579/3689/2741 2580/3689/2741 2582/3688/2741
f 2581/3688/2738 2582/3688/2738 2578/3686/2738
f 2580/3689/2739 2579/3689/2739 2575/3687/2739
f 2579/3689/2736 2581/3688/2736 2577/3686/2736
f 2550/3672/2737 2548/3673/2737 2544/3671/2737
f 2588/3163/2742 2592/3185/2742 2454/3164/2742
f 2193/3151/2743 2590/3174/2743 2591/3588/2743
f 2591/3588/2743 2584/3189/2743 2180/3139/2743
f 2589/3690/2744 2586/3173/2744 2192/3691/2744
f 2587/3693/2745 2585/3743/2745 2186/3694/2745
f 2454/3164/2742 2592/3185/2742 2583/3168/2742
f 2584/3189/2886 2587/3693/2886 2181/3695/2886
f 2590/3174/2748 2596/3183/2887 2599/3697/2749
f 2587/3698/2750 2594/3190/2750 2595/3699/2750
f 2600/3701/2751 2595/3699/2888 2594/3190/2752
f 2599/3697/2753 2596/3183/2889 2593/3187/2754
f 2171/3702/2755 2597/3710/2890 2598/3703/2756
f 2461/3137/2759 2603/3712/2767 2601/3706/2760
f 2462/3123/2762 2178/3122/2891 2602/3707/2763
f 2461/3137/2759 2173/3136/2892 2598/3711/2766
f 2462/3123/2762 2604/3708/2764 2597/3710/2768
f 2177/3713/2770 2175/3744/2893 2601/3714/2771
f 2601/3714/2775 2603/3717/2779 2604/3708/2776
f 2598/3703/2778 2597/3710/2894 2604/3708/2776
o Android.006
v 0.196715 0.849170 0.191597
v 0.299392 0.901756 0.260822
v 0.029333 0.979903 0.155650
v 0.062416 0.892780 0.140982
v 0.129598 1.310150 0.322334
v 0.073147 1.252101 0.273923
v 0.263897 1.266540 0.372949
v 0.340285 1.155807 0.371210
v 0.131286 1.101409 0.656447
v 0.252750 1.070548 0.584377
v 0.184155 1.201822 0.597099
v 0.456970 1.219935 0.205764
v 0.455763 1.334115 0.070259
v 0.408364 1.340000 0.201098
v -0.004910 1.148537 0.614859
v 0.047959 1.248950 0.555511
v -0.013586 1.192038 0.512231
v 0.285113 1.398335 -0.014324
v 0.145087 1.390965 0.054511
v 0.240809 1.446551 0.144775
v 0.068718 0.820000 0.542457
v 0.087274 0.766091 0.420598
v 0.200273 0.834527 0.488772
v 0.397344 0.971184 -0.087439
v 0.413155 0.947737 0.087491
v 0.335340 0.886337 0.003976
v -0.067478 0.867128 0.500868
v -0.078174 0.901551 0.394564
v -0.048922 0.813219 0.379010
v 0.226694 1.035405 -0.172021
v 0.153180 0.902155 -0.091771
v 0.086667 1.028035 -0.103186
v 0.532726 1.335204 -0.697858
v 0.422206 1.265807 -0.692014
v 0.323060 1.201178 -0.636716
v 0.274324 1.165332 -0.523558
v 0.239179 1.137533 -0.400851
v 0.246917 1.136189 -0.270455
v 0.296360 1.161504 -0.152221
v 0.608359 1.274817 -0.682083
v 0.561957 1.154224 -0.662865
v 0.505654 1.055388 -0.598630
v 0.451378 1.014214 -0.490092
v 0.401189 0.998427 -0.370524
v 0.366084 1.031290 -0.249064
v 0.351409 1.107800 -0.144203
v 0.694953 1.282526 -0.636718
v 0.721962 1.168469 -0.579042
v 0.710789 1.049639 -0.499695
v 0.653154 1.016683 -0.389892
v 0.585740 0.999362 -0.279347
v 0.501584 1.027858 -0.183583
v 0.417419 1.122194 -0.106597
v 0.741783 1.353816 -0.588338
v 0.808492 1.300196 -0.489649
v 0.827767 1.246109 -0.372312
v 0.776089 1.206474 -0.261949
v 0.699360 1.174973 -0.161027
v 0.588678 1.163086 -0.092669
v 0.460891 1.172624 -0.067281
v 0.721416 1.446926 -0.565284
v 0.770859 1.472242 -0.447049
v 0.782519 1.495258 -0.306068
v 0.723432 1.453284 -0.200184
v 0.650754 1.403262 -0.103847
v 0.551608 1.338633 -0.048549
v 0.437167 1.244875 -0.053290
v 0.645783 1.507314 -0.581060
v 0.631108 1.583824 -0.476199
v 0.596004 1.616687 -0.354739
v 0.542457 1.580040 -0.244234
v 0.484823 1.518007 -0.144760
v 0.428520 1.419171 -0.080525
v 0.382118 1.298579 -0.061308
v 0.559189 1.499605 -0.626424
v 0.471103 1.569580 -0.560022
v 0.386947 1.598076 -0.464258
v 0.336760 1.553212 -0.355020
v 0.296351 1.492712 -0.246522
v 0.289099 1.398242 -0.156590
v 0.316108 1.284185 -0.098915
v 0.356040 1.195450 -0.080971
v 0.637795 1.398805 -0.653356
v 0.512360 1.428315 -0.674804
v 0.384573 1.437853 -0.649415
v 0.273890 1.425966 -0.581057
v 0.217746 1.387781 -0.472378
v 0.186651 1.341461 -0.354257
v 0.205926 1.287375 -0.236920
v 0.272636 1.233755 -0.138231
v 0.196844 0.922242 0.014266
v 0.210067 0.990739 0.002717
v 0.185604 0.950119 -0.049738
v 0.265551 1.041972 -0.062832
v 0.307812 1.024708 -0.116832
v 0.233292 1.001804 -0.121534
v 0.225881 0.836483 -0.028185
v 0.214641 0.864359 -0.092189
v 0.268141 0.819219 -0.082185
v 0.336849 0.938948 -0.159283
v 0.323625 0.870452 -0.147734
v 0.254532 0.916496 -0.170231
v 0.452532 0.909901 0.190536
v 0.505911 0.928586 0.189300
v 0.463111 0.964698 0.181297
v 0.541306 0.991874 0.085658
v 0.507498 1.005685 0.128858
v 0.550298 0.969573 0.136861
v 0.475761 0.841293 0.156576
v 0.509570 0.827483 0.113375
v 0.529141 0.859978 0.155340
v 0.564536 0.923266 0.051697
v 0.573528 0.900965 0.102900
v 0.553957 0.868469 0.060936
v 0.251328 0.424370 0.521093
v 0.279793 0.478051 0.484925
v 0.263196 0.486260 0.553168
v 0.200956 0.872244 0.454972
v 0.146577 0.913506 0.473418
v 0.197318 0.832980 0.532077
v 0.168484 0.411952 0.575706
v 0.180352 0.473841 0.607782
v 0.114105 0.453214 0.594152
v 0.048460 0.924772 0.498399
v 0.048226 0.799935 0.573061
v 0.114474 0.820562 0.586691
v 0.201677 0.395535 0.439219
v 0.163894 0.428589 0.389421
v 0.230141 0.449216 0.403051
v 0.059142 0.917725 0.341746
v 0.179769 0.897089 0.336931
v 0.048336 0.853071 0.312671
v 0.118833 0.383117 0.493833
v 0.064453 0.424379 0.512278
v 0.081050 0.416171 0.444035
v -0.065124 0.899097 0.423667
v -0.076992 0.837208 0.391591
v -0.068763 0.859834 0.500772
v 0.087759 0.096088 0.690088
v 0.117257 0.075975 0.672051
v 0.099732 0.069954 0.738809
v 0.276028 0.410431 0.492242
v 0.254348 0.477735 0.492621
v 0.269314 0.445068 0.553521
v 0.043512 0.126256 0.717144
v 0.055484 0.100123 0.765864
v 0.014013 0.146368 0.735181
v 0.180602 0.528016 0.537714
v 0.128536 0.510993 0.582428
v 0.195568 0.495349 0.598614
v 0.051568 0.084691 0.643608
v 0.015287 0.043363 0.630356
v 0.081067 0.064579 0.625571
v 0.194030 0.458742 0.415155
v 0.215710 0.391438 0.414775
v 0.148678 0.407081 0.398589
v 0.007321 0.114860 0.670664
v -0.022177 0.134972 0.688702
v -0.028961 0.073532 0.657412
v 0.120284 0.509023 0.460248
v 0.074932 0.457362 0.443682
v 0.068218 0.491999 0.504962
v 0.351245 1.310603 0.943479
v 0.379322 1.286080 0.883394
v 0.339020 1.243922 0.923375
v 0.240118 1.067210 0.574819
v 0.175762 1.048251 0.552485
v 0.217956 1.046794 0.656010
v 0.258812 1.316169 0.981230
v 0.246586 1.249488 0.961126
v 0.194456 1.297210 0.958896
v 0.066135 1.053630 0.551832
v 0.073392 1.100081 0.691531
v 0.125523 1.052359 0.693761
v 0.339417 1.400483 0.901268
v 0.315363 1.423681 0.838952
v 0.367494 1.375959 0.841183
v 0.139880 1.161329 0.447958
v 0.256367 1.132565 0.472522
v 0.153058 1.227531 0.471775
v 0.246984 1.406048 0.939019
v 0.182627 1.387089 0.916685
v 0.222930 1.429246 0.876703
v 0.001230 1.169676 0.504584
v 0.013456 1.236357 0.524689
v -0.020933 1.149260 0.585775
v 0.224627 1.510692 1.269379
v 0.262939 1.521465 1.273394
v 0.223142 1.495656 1.323892
v 0.385946 1.321396 0.935398
v 0.349105 1.284599 0.887557
v 0.347248 1.265805 0.955699
v 0.167159 1.494531 1.263356
v 0.165674 1.479496 1.317870
v 0.128847 1.483757 1.259341
v 0.253325 1.257664 0.877519
v 0.194387 1.267526 0.915322
v 0.251469 1.238871 0.945662
v 0.213596 1.561239 1.238994
v 0.197404 1.613602 1.252995
v 0.251908 1.572013 1.243009
v 0.330721 1.368846 0.836916
v 0.367562 1.405643 0.884757
v 0.310480 1.434299 0.854417
v 0.156128 1.545079 1.232971
v 0.117817 1.534305 1.228956
v 0.139936 1.597441 1.246972
v 0.234941 1.341911 0.826878
v 0.214701 1.407364 0.844379
v 0.176003 1.351773 0.864681
v 0.432022 0.880563 0.150246
v 0.422092 0.906023 0.100716
v 0.462903 0.867066 0.104813
v 0.466479 0.947009 0.048277
v 0.520797 0.962536 0.045367
v 0.507290 0.908052 0.052373
v 0.496271 0.870631 0.196866
v 0.527152 0.857133 0.151433
v 0.550589 0.886158 0.193956
v 0.585046 0.952603 0.091987
v 0.594976 0.927144 0.141517
v 0.571539 0.898120 0.098993
v 0.383825 1.152996 0.291870
v 0.400470 1.168366 0.272205
v 0.376377 1.172091 0.254722
v 0.443891 1.239969 0.227621
v 0.403152 1.228323 0.229803
v 0.433761 1.199106 0.232876
v 0.432011 1.145547 0.326835
v 0.472750 1.157192 0.324653
v 0.448657 1.160917 0.307170
v 0.492077 1.232519 0.262586
v 0.481947 1.191656 0.267841
v 0.499525 1.213425 0.299734
v 0.382134 1.319738 0.205550
v 0.416760 1.381391 0.205729
v 0.412931 1.343163 0.146366
v 0.411668 1.465506 0.151890
v 0.371949 1.487969 0.097872
v 0.414507 1.423552 0.086074
v 0.307791 1.280549 0.151355
v 0.338587 1.303973 0.092170
v 0.268072 1.303012 0.097337
v 0.297606 1.448780 0.043677
v 0.262980 1.387127 0.043498
v 0.346832 1.380635 0.025425
v 0.166954 1.448167 0.389408
v 0.138243 1.496720 0.393684
v 0.194655 1.497489 0.389550
v 0.158806 1.582752 0.303265
v 0.190581 1.564782 0.346479
v 0.134169 1.564012 0.350613
v 0.107479 1.416816 0.346051
v 0.075705 1.434786 0.302837
v 0.078768 1.465369 0.350327
v 0.099331 1.551401 0.259908
v 0.074694 1.532661 0.307256
v 0.071631 1.502079 0.259766
v 0.175214 1.440780 0.377085
v 0.211174 1.482715 0.364905
v 0.185509 1.454446 0.323166
v 0.207100 1.550007 0.321834
v 0.167066 1.575365 0.290943
v 0.181435 1.521738 0.280095
v 0.099220 1.424203 0.358374
v 0.109515 1.437868 0.304455
v 0.059186 1.449561 0.327482
v 0.091072 1.558788 0.272231
v 0.055112 1.516853 0.284411
v 0.105441 1.505161 0.261384
v 0.069123 1.610382 0.614950
v 0.067595 1.635617 0.598798
v 0.096093 1.641833 0.605815
v 0.053763 1.726306 0.574631
v 0.083788 1.707288 0.597799
v 0.064540 1.686086 0.566495
v 0.012127 1.597949 0.600917
v -0.017898 1.616967 0.577748
v 0.010600 1.623184 0.584765
v -0.003233 1.713874 0.560598
v 0.007544 1.673653 0.552462
v -0.030203 1.682423 0.569733
v -0.037203 1.003294 0.556025
v -0.045880 1.046794 0.453397
v 0.247488 1.210796 -0.076076
v 0.107461 1.203426 -0.007241
v 0.098993 0.956165 0.597613
v 0.226512 0.952538 0.536575
v 0.426553 1.152649 -0.008590
v 0.444553 1.071947 0.170472
v 0.051240 1.116002 0.214787
v 0.319839 1.028782 0.316016
v 0.207459 -0.132588 0.652952
v 0.090354 0.052301 0.698803
v -0.050651 0.043395 0.810778
v 0.016608 0.102581 0.743896
v 0.171268 -0.143984 0.606473
v 0.054163 0.040905 0.652324
v -0.086842 0.031999 0.764299
v -0.019583 0.091185 0.697417
v 0.222652 -0.090425 0.630785
v -0.035458 0.085558 0.788611
v -0.071649 0.074162 0.742131
v 0.186461 -0.101821 0.584305
v 0.169904 -0.070911 0.744525
v 0.024459 -0.079959 0.627633
v 0.039652 -0.037795 0.605465
v 0.185097 -0.028748 0.722358
v 0.404407 1.635270 1.411362
v 0.234944 1.534742 1.305644
v 0.069178 1.540999 1.376230
v 0.139164 1.507807 1.295606
v 0.393376 1.685818 1.380978
v 0.223914 1.585290 1.275259
v 0.058147 1.591547 1.345845
v 0.128134 1.558355 1.265221
v 0.415455 1.611941 1.368541
v 0.080226 1.517669 1.333408
v 0.069196 1.568217 1.303023
v 0.404425 1.662489 1.338156
v 0.319657 1.557787 1.431709
v 0.238676 1.695964 1.335536
v 0.249725 1.672635 1.292715
v 0.330706 1.534458 1.388888
v 0.406881 1.201629 0.298975
v 0.404101 1.192393 0.270568
v 0.464358 1.215536 0.288829
v 0.461578 1.206300 0.260422
v 0.369996 1.222358 0.295845
v 0.367216 1.213122 0.267438
v 0.475371 1.247855 0.277243
v 0.472591 1.238619 0.248836
v 0.348273 1.296179 0.273969
v 0.345493 1.286943 0.245562
v 0.453648 1.321676 0.255367
v 0.450868 1.312440 0.226960
v 0.354986 1.238496 0.292067
v 0.352206 1.229259 0.263660
v 0.346839 1.266178 0.283864
v 0.344059 1.256942 0.255457
v 0.304372 1.236134 0.297788
v 0.301593 1.226897 0.269381
v 0.298941 1.254589 0.292319
v 0.296162 1.245353 0.263912
v 0.422194 1.323950 0.257706
v 0.419414 1.314714 0.229299
v 0.450932 1.330904 0.252633
v 0.448152 1.321667 0.224226
v 0.395039 1.416226 0.230361
v 0.392259 1.406990 0.201954
v 0.423778 1.423180 0.225288
v 0.420998 1.413944 0.196881
v 0.383875 1.314678 0.264470
v 0.381096 1.305442 0.236063
v 0.412614 1.321632 0.259397
v 0.409834 1.312396 0.230990
v 0.356721 1.406955 0.237126
v 0.353941 1.397718 0.208719
v 0.385460 1.413908 0.232052
v 0.382680 1.404672 0.203645
v 0.345557 1.305407 0.271234
v 0.342777 1.296171 0.242827
v 0.374296 1.312361 0.266161
v 0.371516 1.303124 0.237754
v 0.318403 1.397683 0.243890
v 0.315623 1.388447 0.215482
v 0.347142 1.404637 0.238816
v 0.344362 1.395401 0.210409
v 0.031203 1.650831 0.625189
v 0.056408 1.666851 0.622355
v 0.008636 1.677731 0.576536
v 0.033842 1.693751 0.573702
v 0.030766 1.658885 0.666841
v 0.055971 1.674906 0.664008
v -0.010606 1.708202 0.577644
v 0.014599 1.724222 0.574810
v -0.000488 1.716231 0.713044
v 0.024718 1.732251 0.710210
v -0.041860 1.765548 0.623846
v -0.016655 1.781568 0.621013
v 0.026713 1.668738 0.686501
v 0.051919 1.684758 0.683667
v 0.014993 1.690243 0.703827
v 0.040199 1.706263 0.700993
v 0.041612 1.653490 0.732821
v 0.066818 1.669510 0.729987
v 0.033799 1.667826 0.744371
v 0.059004 1.683846 0.741538
v -0.034484 1.759266 0.653948
v -0.009278 1.775286 0.651114
v -0.045767 1.772716 0.629621
v -0.020562 1.788736 0.626788
v -0.073551 1.830948 0.711701
v -0.048346 1.846968 0.708867
v -0.084835 1.844398 0.687374
v -0.059629 1.860418 0.684541
v -0.019439 1.741333 0.686383
v 0.005766 1.757353 0.683550
v -0.030723 1.754782 0.662057
v -0.005517 1.770803 0.659223
v -0.058507 1.813015 0.744136
v -0.033301 1.829035 0.741303
v -0.069790 1.826465 0.719810
v -0.044585 1.842485 0.716976
v -0.004395 1.723399 0.718819
v 0.020811 1.739419 0.715985
v -0.015678 1.736849 0.694492
v 0.009527 1.752869 0.691659
v -0.043462 1.795081 0.776572
v -0.018257 1.811102 0.773738
v -0.054746 1.808531 0.752245
v -0.029540 1.824552 0.749412
v 0.017667 0.989184 0.180006
v 0.346573 1.149104 0.366142
v 0.137745 1.309350 0.329922
v 0.181097 0.844647 0.202364
v 0.273941 1.262222 0.371511
v 0.074181 1.243360 0.282965
v 0.044901 0.891775 0.160775
v 0.290059 0.894927 0.263183
v 0.318316 1.022016 0.314663
v 0.045924 1.116272 0.231485
v 0.085099 0.990149 0.140610
v 0.323207 1.181488 0.299021
v 0.141613 1.244325 0.243569
v 0.266694 0.927311 0.196062
v 0.232061 0.900438 0.285904
v 0.051710 0.960674 0.223858
v 0.294986 1.054524 0.247809
v 0.113462 1.117220 0.191998
v 0.099750 1.214783 0.330847
v 0.279547 1.154542 0.393157
v 0.075801 1.087863 0.277627
v 0.256118 1.027376 0.339112
vn 0.7588 -0.3585 0.5439
vn -0.2580 -0.9561 -0.1391
vn 0.4794 -0.8581 0.1842
vn 0.4208 0.3037 -0.8548
vn 0.0224 0.7860 0.6178
vn -0.9623 0.2227 -0.1560
vn 0.5372 0.2013 0.8191
vn 0.8795 0.3678 0.3021
vn -0.7537 0.5798 0.3095
vn -0.2141 0.9167 -0.3374
vn 0.2684 -0.8652 0.4236
vn 0.7097 -0.6870 -0.1562
vn -0.9496 -0.3134 -0.0060
vn -0.4091 -0.2945 -0.8637
vn -0.0718 0.5352 0.8416
vn 0.6469 0.4364 0.6254
vn 0.4969 0.8562 0.1415
vn -0.6809 0.7258 -0.0982
vn -0.9763 0.1567 0.1490
vn -0.4082 0.4749 -0.7796
vn -0.8768 -0.1553 -0.4551
vn -0.3957 -0.8607 0.3205
vn 0.1775 -0.5777 -0.7967
vn 0.4463 -0.8928 -0.0614
vn 0.3824 -0.4187 0.8237
vn 0.9909 -0.0536 -0.1238
vn -0.3672 -0.2779 0.8876
vn -0.8191 -0.4635 -0.3381
vn -0.6224 0.7586 0.1929
vn 0.5783 -0.6376 -0.5089
vn -0.4625 0.4193 -0.7812
vn -0.4626 0.4192 -0.7812
vn 0.1936 -0.2723 -0.9425
vn 0.8404 0.5411 -0.0315
vn -0.3461 0.7420 -0.5742
vn -0.6336 -0.3424 0.6938
vn -0.9606 -0.2725 0.0542
vn -0.8671 -0.1087 -0.4861
vn -0.1765 0.2000 -0.9638
vn -0.8327 -0.3556 0.4244
vn -0.9361 -0.1703 -0.3076
vn -0.9357 -0.1669 -0.3109
vn -0.9362 -0.1710 -0.3069
vn -0.5304 0.0926 -0.8427
vn 0.2255 0.2803 -0.9330
vn -0.6664 -0.6216 0.4118
vn -0.5734 -0.7461 -0.3384
vn -0.5766 -0.7453 -0.3349
vn -0.5772 -0.7451 -0.3341
vn -0.1853 -0.4591 -0.8688
vn 0.3108 0.1439 -0.9395
vn -0.5557 -0.4669 0.6879
vn -0.6636 -0.7474 0.0317
vn -0.4986 -0.6980 -0.5141
vn 0.0611 -0.1800 -0.9818
vn 0.0672 -0.9914 -0.1127
vn 0.0593 -0.9924 -0.1078
vn 0.0578 -0.9926 -0.1068
vn 0.3200 -0.6377 -0.7007
vn 0.4551 0.0970 -0.8852
vn -0.3235 -0.5423 0.7754
vn -0.1323 -0.9658 0.2231
vn 0.1522 -0.9469 -0.2831
vn 0.4627 -0.3104 -0.8304
vn -0.2145 -0.7253 0.6542
vn -0.2153 -0.4782 0.8514
vn 0.4376 -0.6787 0.5898
vn 0.4385 -0.6797 0.5880
vn 0.4374 -0.6785 0.5902
vn 0.7814 -0.6061 0.1482
vn 0.7929 -0.1148 -0.5984
vn 0.7930 -0.1148 -0.5984
vn 0.0980 -0.6630 0.7422
vn 0.6852 -0.6563 0.3159
vn 0.6854 -0.6564 0.3153
vn 0.6852 -0.6563 0.3161
vn 0.8886 -0.3096 -0.3385
vn 0.5737 0.1673 -0.8018
vn 0.8917 0.0787 0.4458
vn 0.8585 0.2922 -0.4215
vn 0.1840 -0.1283 0.9745
vn 0.7938 0.0172 0.6079
vn 0.7935 0.0167 0.6083
vn 0.7934 0.0165 0.6084
vn 0.9717 0.2068 -0.1141
vn 0.5972 0.3134 -0.7383
vn -0.1774 -0.2429 0.9537
vn 0.5322 -0.0975 0.8410
vn 0.5309 -0.0992 0.8416
vn 0.5306 -0.0995 0.8418
vn -0.0885 0.0577 0.9944
vn 0.3322 0.7029 0.6289
vn 0.3401 0.7037 0.6238
vn 0.3307 0.7028 0.6299
vn 0.5561 0.8287 -0.0635
vn 0.5119 0.4499 -0.7318
vn -0.2553 -0.1184 0.9596
vn 0.1036 0.4998 0.8599
vn 0.4293 0.7744 0.4648
vn 0.6208 0.6721 -0.4035
vn 0.0443 0.9675 -0.2490
vn 0.3676 0.4967 -0.7862
vn -0.4875 -0.0430 0.8721
vn -0.4409 0.6364 0.6330
vn -0.2331 0.9511 0.2025
vn 0.2192 0.8025 -0.5549
vn -0.5206 0.2839 0.8052
vn -0.3159 0.8742 0.3688
vn -0.3123 0.8764 0.3666
vn -0.3166 0.8737 0.3693
vn -0.5957 -0.1071 0.7960
vn -0.8537 0.3920 0.3429
vn -0.7453 0.6479 -0.1574
vn -0.1110 0.6070 -0.7869
vn -0.7518 0.1470 0.6428
vn -0.8157 0.5783 0.0129
vn -0.8157 0.5783 0.0177
vn -0.8156 0.5783 0.0187
vn -0.4353 0.6835 -0.5859
vn 0.2490 0.4265 -0.8695
vn -0.2396 0.8529 0.4638
vn 0.7796 -0.0452 0.6246
vn 0.6039 0.5084 -0.6139
vn -0.8310 -0.0060 -0.5563
vn 0.3400 -0.8587 -0.3834
vn -0.9381 0.2254 0.2629
vn -0.2347 0.8575 -0.4578
vn -0.6028 -0.7648 -0.2273
vn 0.1820 -0.1975 -0.9633
vn -0.0379 0.1732 0.9842
vn 0.6028 0.7648 0.2273
vn 0.2974 -0.8170 0.4940
vn 0.9381 -0.2254 -0.2629
vn -0.9436 -0.3303 0.0218
vn -0.7566 0.6384 -0.1415
vn -0.0729 0.4225 -0.9034
vn -0.2795 -0.7263 -0.6280
vn -0.1333 -0.9695 0.2056
vn 0.6495 -0.2467 -0.7193
vn 0.7566 -0.6384 0.1415
vn 0.1590 -0.3942 0.9052
vn 0.9436 0.3303 -0.0218
vn 0.3460 0.5745 0.7418
vn -0.5430 0.2405 0.8045
vn 0.2398 0.9633 -0.1203
vn -0.5035 -0.5142 0.6943
vn 0.8284 0.1242 -0.5461
vn -0.4952 -0.2839 -0.8211
vn -0.4865 -0.2848 -0.8260
vn -0.4978 -0.2837 -0.8196
vn -0.0282 0.9985 -0.0468
vn -0.0656 0.9966 -0.0493
vn -0.1845 0.9812 -0.0567
vn 0.5282 0.1512 0.8356
vn -0.8284 -0.1242 0.5461
vn 0.9146 -0.3100 0.2597
vn 0.6378 0.6737 0.3732
vn -0.0420 -0.4534 0.8903
vn -0.2763 0.4937 0.8246
vn -0.2948 0.4909 0.8198
vn -0.3189 0.4869 0.8131
vn 0.3413 -0.6429 -0.6857
vn 0.0329 0.4053 -0.9136
vn -0.6153 -0.7863 -0.0551
vn -0.9849 0.1685 0.0393
vn 0.5343 -0.4675 0.7042
vn 0.9582 0.1948 0.2096
vn 0.2788 0.6952 0.6625
vn 0.2864 0.7032 0.6508
vn 0.2546 0.6691 0.6982
vn -0.2075 0.0201 0.9780
vn -0.4025 -0.7592 0.5115
vn -0.2581 0.4962 0.8289
vn -0.9490 -0.2869 0.1310
vn -0.1678 -0.8752 -0.4536
vn -0.5249 0.4343 -0.7320
vn -0.5307 0.4545 -0.7154
vn -0.5343 0.4675 -0.7042
vn 0.2307 -0.1125 -0.9665
vn 0.2199 -0.1177 -0.9684
vn 0.2185 -0.1184 -0.9686
vn 0.7690 -0.5835 -0.2609
vn 0.1651 0.9832 -0.0781
vn 0.2592 -0.9494 0.1772
vn 0.7133 -0.5630 -0.4174
vn -0.6221 -0.2456 -0.7435
vn 0.3039 0.8433 -0.4434
vn 0.5816 0.1334 0.8024
vn -0.7577 0.4399 0.4821
vn -0.6414 -0.7306 -0.2343
vn 0.9495 0.3062 -0.0691
vn 0.0979 0.8868 0.4516
vn 0.2117 -0.4620 0.8613
vn 0.2530 0.0869 -0.9636
vn -0.5986 0.6675 -0.4429
vn 0.9254 -0.3123 0.2148
vn 0.6414 0.7306 0.2343
vn -0.1207 0.4156 0.9015
vn -0.3039 -0.8433 0.4434
vn -0.3066 0.9518 0.0054
vn -0.9706 0.1480 -0.1900
vn -0.2117 0.4620 -0.8613
vn -0.2116 0.4620 -0.8613
vn 0.0685 -0.5605 -0.8253
vn 0.7363 0.2407 -0.6324
vn 0.9407 -0.3333 -0.0635
vn -0.1172 0.8968 -0.4265
vn -0.1077 0.8972 -0.4283
vn -0.1058 0.8972 -0.4287
vn -0.2165 -0.5969 -0.7726
vn -0.1820 -0.6152 -0.7671
vn -0.3506 -0.5146 -0.7825
vn 0.1684 -0.8283 0.5344
vn -0.9243 0.0557 0.3775
vn 0.8114 -0.3000 0.5016
vn 0.3258 -0.9341 -0.1459
vn -0.2559 -0.2357 0.9375
vn -0.6615 -0.7006 0.2673
vn -0.6567 -0.7048 0.2685
vn -0.6594 -0.7025 0.2678
vn 0.6748 0.7378 0.0142
vn 0.2637 0.2796 -0.9232
vn -0.3925 0.8021 0.4501
vn -0.9511 0.2349 -0.2006
vn 0.3402 -0.3281 0.8813
vn 0.7968 -0.6005 0.0665
vn -0.0525 -0.9986 0.0109
vn -0.0517 -0.9986 0.0098
vn -0.0490 -0.9988 0.0059
vn -0.5306 -0.5495 0.6454
vn -0.3971 0.3468 0.8497
vn -0.7516 -0.5614 -0.3463
vn -0.7066 0.7069 0.0331
vn 0.1729 0.9430 0.2843
vn -0.3311 0.3417 -0.8796
vn -0.3169 0.3624 -0.8765
vn -0.3402 0.3281 -0.8813
vn 0.5603 0.6032 -0.5676
vn 0.5668 0.5962 -0.5686
vn 0.5594 0.6041 -0.5675
vn 0.9101 0.2681 0.3159
vn -0.0138 -0.6811 -0.7321
vn 0.3628 0.4348 0.8242
vn 0.9391 0.3027 0.1626
vn -0.1981 0.8716 -0.4483
vn 0.2210 -0.4666 -0.8564
vn 0.1687 -0.8096 0.5623
vn -0.9714 -0.2346 -0.0376
vn -0.2862 0.9256 0.2475
vn 0.7867 -0.6003 -0.1441
vn -0.3193 -0.9113 -0.2600
vn -0.0263 -0.2658 0.9637
vn 0.5744 0.3725 -0.7289
vn -0.5315 0.0615 -0.8448
vn 0.7853 -0.3637 0.5011
vn 0.2862 -0.9256 -0.2475
vn -0.5642 -0.7432 0.3596
vn -0.2210 0.4666 0.8564
vn -0.5210 -0.5204 -0.6766
vn -0.8507 0.3965 -0.3452
vn 0.0263 0.2658 -0.9637
vn 0.5263 0.8233 -0.2125
vn 0.8335 -0.1395 -0.5346
vn -0.8154 0.1786 -0.5506
vn -0.2172 0.8498 0.4803
vn 0.5411 0.5613 -0.6262
vn 0.2172 -0.8498 -0.4803
vn 0.7875 -0.0692 0.6125
vn -0.6586 -0.7147 -0.2353
vn -0.0180 -0.1231 -0.9922
vn 0.2687 -0.8581 0.4376
vn 0.9094 -0.2665 -0.3193
vn 0.0179 0.1231 0.9922
vn -0.9094 0.2665 0.3193
vn -0.2388 -0.9631 0.1238
vn -0.2388 -0.9631 0.1239
vn -0.4143 -0.5131 -0.7517
vn 0.5459 -0.2386 -0.8032
vn 0.7215 -0.6887 0.0724
vn 0.1603 -0.3910 0.9063
vn 0.9448 0.3269 -0.0214
vn -0.8651 0.4785 0.1502
vn -0.5459 0.2386 0.8032
vn 0.2057 0.3130 0.9272
vn -0.9728 -0.2158 0.0841
vn -0.1887 0.5021 -0.8440
vn -0.5677 -0.4566 0.6851
vn 0.6990 0.4151 0.5824
vn -0.6669 0.3727 0.6453
vn -0.0938 0.8634 -0.4957
vn 0.6686 -0.4545 -0.5885
vn -0.7848 -0.3671 -0.4993
vn 0.8436 -0.4745 0.2512
vn 0.7604 0.5620 -0.3254
vn -0.0148 -0.9271 -0.3746
vn -0.2007 0.1155 -0.9728
vn 0.0736 -0.0442 0.9963
vn 0.0148 0.9271 0.3746
vn -0.7848 -0.4967 0.3705
vn -0.8436 0.4745 -0.2512
vn 0.5076 -0.8583 -0.0756
vn 0.9972 0.0136 -0.0731
vn 0.3878 0.4076 -0.8267
vn -0.0541 -0.5406 -0.8395
vn -0.5341 -0.8444 0.0415
vn -0.6059 0.3424 -0.7181
vn -0.9972 -0.0136 0.0731
vn -0.4355 -0.3313 0.8370
vn -0.5076 0.8583 0.0756
vn 0.0541 0.5406 0.8395
vn 0.5149 -0.2915 0.8062
vn 0.4430 0.8953 0.0466
vn 0.0079 -0.8154 0.5788
vn 0.9316 0.2113 0.2958
vn -0.3083 0.4995 0.8096
vn -0.0689 0.8690 -0.4899
vn 0.3083 -0.4995 -0.8096
vn -0.9678 -0.1746 -0.1813
vn 0.7558 -0.6544 -0.0215
vn 0.6970 0.3169 -0.6432
vn -0.3410 -0.8937 -0.2916
vn -0.3998 0.0776 -0.9133
vn -0.6970 -0.3169 0.6432
vn 0.3998 -0.0776 0.9133
vn 0.2540 -0.9480 -0.1918
vn 0.8897 -0.2067 -0.4071
vn 0.1820 0.2416 -0.9532
vn -0.4537 -0.4997 -0.7378
vn -0.6553 -0.7055 0.2701
vn -0.7255 0.4785 -0.4946
vn -0.1820 -0.2416 0.9532
vn -0.8218 -0.0855 0.5633
vn 0.6850 -0.4131 0.6001
vn 0.6153 0.7710 -0.1645
vn 0.0310 -0.8072 0.5894
vn 0.0310 -0.8073 0.5894
vn 0.9323 -0.0633 -0.3560
vn 0.9325 -0.0635 -0.3556
vn 0.9326 -0.0635 -0.3553
vn -0.4625 0.4192 -0.7812
vn -0.4624 0.4193 -0.7813
vn 0.9880 -0.1136 -0.1045
vn -0.4269 0.3590 -0.8300
vn 0.5197 0.3618 -0.7739
vn 0.5138 0.7311 0.4490
vn 0.0923 0.4968 -0.8629
vn 0.4736 0.6961 -0.5395
vn 0.7375 -0.5028 -0.4509
vn -0.2862 -0.3631 -0.8867
vn -0.7375 0.5028 0.4509
vn 0.4144 0.3020 0.8585
vn 0.8966 -0.0958 0.4323
vn -0.7896 -0.0374 -0.6124
vn -0.6750 0.1969 -0.7110
vn 0.6652 0.7166 -0.2098
vn 0.0901 -0.9902 -0.1070
vn 0.2866 0.1056 -0.9522
vn 0.4467 -0.3873 -0.8065
vn 0.9578 0.2693 0.1004
vn 0.1850 0.8822 -0.4329
vn -0.9578 -0.2693 -0.1004
vn -0.0448 -0.8821 0.4690
vn 0.6504 -0.5838 0.4859
vn -0.4513 0.7295 -0.5139
vn -0.3727 0.5723 -0.7304
vn 0.4830 -0.6748 -0.5579
vn 0.2715 -0.9228 0.2734
vn 0.9477 -0.3190 0.0110
vn -0.4854 -0.8164 0.3129
vn 0.0927 0.3079 0.9469
vn -0.0927 -0.3079 -0.9469
vn 0.9580 0.2318 -0.1691
vn -0.9580 -0.2318 0.1691
vn 0.2715 -0.9228 0.2735
vn 0.0784 -0.9503 0.3013
vn -0.2715 0.9228 -0.2735
vn -0.2715 0.9228 -0.2734
vn 0.3907 -0.7168 -0.5775
vn -0.0962 -0.0246 -0.9951
vn 0.5422 -0.8239 0.1650
vn -0.8402 -0.5340 0.0945
vn 0.8402 0.5340 -0.0945
vn -0.3761 0.4483 -0.8109
vn 0.3761 -0.4483 0.8109
vn 0.4568 -0.7908 -0.4073
vn 0.4569 -0.7908 -0.4073
vn -0.3907 0.7168 0.5775
vn -0.9080 0.3142 -0.2773
vn 0.9080 -0.3142 0.2773
vn -0.1870 -0.8959 -0.4029
vn 0.2164 0.9182 0.3319
vn 0.7974 0.3705 0.4762
vn -0.5045 0.0293 -0.8629
vn 0.9326 -0.0630 -0.3554
vn 0.4175 0.7348 -0.5346
vn 0.3681 0.2772 -0.8875
vn 0.3680 0.2772 -0.8876
vn 0.3681 0.2776 -0.8874
vn -0.4311 -0.7185 0.5458
vn -0.4335 -0.7204 0.5413
vn -0.4366 -0.7228 0.5357
vn -0.7780 0.2931 0.5557
vn -0.9297 0.0112 0.3682
vn -0.9176 -0.0160 0.3971
vn -0.9129 -0.0299 0.4070
vn 0.3184 -0.4191 0.8503
vn 0.3165 -0.4203 0.8504
vn 0.3176 -0.4184 0.8509
vn 0.1737 -0.8911 0.4193
vn -0.9434 0.0165 0.3314
vn -0.9283 0.0191 0.3714
vn 0.3222 -0.4195 0.8487
vn 0.3240 -0.4204 0.8475
vn -0.2884 0.1447 0.9465
vn -0.2922 0.1596 0.9429
vn -0.2850 0.1315 0.9495
vn -0.9065 -0.3764 0.1913
vn 0.3282 0.2120 0.9205
vn -0.3967 -0.2926 0.8701
vn -0.3969 -0.2924 0.8701
vn -0.3997 -0.2952 0.8678
vn -0.3957 -0.2919 0.8707
vn -0.3950 -0.2921 0.8710
vn 0.8355 -0.1928 0.5145
vn 0.0122 -0.9825 -0.1856
vn 0.4316 -0.9010 0.0443
vn 0.4908 0.1821 -0.8520
vn 0.2935 0.7647 0.5736
vn -0.9622 0.2094 -0.1742
vn 0.6651 0.2959 0.6856
vn 0.4148 0.8964 -0.1562
vn -0.6551 0.7533 -0.0590
vn -0.8690 -0.2087 -0.4487
vn 0.2325 -0.7864 -0.5722
vn 0.5458 -0.8353 -0.0661
vn -0.9165 -0.3043 -0.2596
vn -0.7669 0.6254 0.1444
vn -0.4624 0.4194 -0.7812
vn -0.9654 -0.2578 0.0398
vn -0.9032 -0.0939 -0.4188
vn -0.8563 -0.3218 0.4040
vn -0.9356 -0.1663 -0.3115
vn -0.6472 -0.6561 0.3881
vn -0.5729 -0.7463 -0.3390
vn -0.6531 -0.7571 0.0161
vn -0.4982 -0.7414 -0.4495
vn 0.0685 -0.9912 -0.1135
vn 0.4303 -0.5289 -0.7315
vn -0.0964 -0.9740 0.2051
vn 0.0900 -0.9659 -0.2427
vn -0.2809 -0.7936 0.5397
vn 0.4386 -0.6798 0.5878
vn 0.7675 -0.6012 0.2224
vn 0.0753 -0.5893 0.8044
vn 0.6854 -0.6564 0.3151
vn 0.8773 -0.3645 -0.3121
vn 0.8685 0.0261 0.4950
vn 0.1356 -0.2145 0.9673
vn 0.7939 0.0173 0.6079
vn 0.9725 0.2264 -0.0554
vn 0.5324 -0.0973 0.8409
vn -0.1208 0.2014 0.9720
vn 0.3413 0.7038 0.6230
vn 0.6364 0.7512 -0.1753
vn 0.1422 0.5085 0.8493
vn 0.3701 0.7742 0.5134
vn -0.4264 0.6510 0.6279
vn -0.2287 0.9329 0.2781
vn -0.4904 0.3180 0.8114
vn -0.3116 0.8768 0.3662
vn -0.8605 0.3940 0.3230
vn -0.7916 0.5997 -0.1174
vn -0.7810 0.1459 0.6072
vn -0.8157 0.5783 0.0120
vn -0.8975 0.0278 -0.4402
vn -0.7562 0.6536 -0.0317
vn -0.0185 0.4922 -0.8703
vn -0.3460 -0.5745 -0.7418
vn 0.9835 0.0873 -0.1582
vn -0.4847 -0.2849 -0.8270
vn 0.1045 0.9938 -0.0376
vn -0.5755 -0.1548 0.8030
vn 0.9672 0.2048 0.1500
vn 0.3032 0.7205 0.6237
vn -0.4400 0.8085 0.3909
vn -0.9137 -0.3652 -0.1783
vn -0.1678 -0.8753 -0.4536
vn -0.5209 0.4210 -0.7426
vn 0.2334 -0.1111 -0.9660
vn 0.6153 0.7863 0.0551
vn 0.9184 -0.2929 0.2662
vn -0.1699 0.4345 0.8845
vn -0.9724 0.1818 -0.1462
vn 0.1229 -0.5650 -0.8159
vn 0.9243 -0.0556 -0.3775
vn -0.1200 0.8967 -0.4260
vn -0.0292 -0.6835 -0.7294
vn -0.7743 -0.1810 0.6064
vn 0.7700 -0.6278 0.1142
vn -0.0545 -0.9984 0.0138
vn -0.6636 -0.6989 0.2669
vn -0.8606 0.4728 0.1896
vn -0.3076 0.3757 -0.8742
vn 0.5685 0.5944 -0.5688
vn 0.3925 -0.8021 -0.4501
vn 0.8165 -0.3243 0.4777
vn -0.6061 -0.7244 0.3286
vn -0.8233 0.4438 -0.3539
vn 0.5719 0.7966 -0.1961
vn -0.8300 0.1582 -0.5348
vn 0.7728 -0.0896 0.6283
vn 0.7333 -0.4896 -0.4718
vn 0.9993 0.0086 0.0376
vn 0.3887 0.4898 -0.7804
vn -0.2100 -0.6290 -0.7485
vn 0.9281 0.2389 0.2855
vn -0.9643 -0.2022 -0.1710
vn -0.4537 -0.4997 -0.7379
vn 0.4447 0.1908 0.8751
vn 0.9771 -0.1394 -0.1610
vn -0.4269 0.3589 -0.8300
vn -0.9566 0.2443 -0.1590
vn 0.7917 -0.4649 0.3963
vn 0.6032 0.1899 0.7747
vn -0.1527 0.5262 -0.8365
vn 0.1838 -0.8425 0.5064
vn 0.0521 0.1809 -0.9821
vn 0.2716 -0.9228 0.2735
vn 0.7680 0.4726 0.4322
vn 0.9327 -0.0630 -0.3551
vn 0.3674 0.2787 -0.8873
vn 0.3675 0.2791 -0.8871
vn -0.4286 -0.7166 0.5502
vn 0.3161 -0.4204 0.8505
vn -0.9487 0.0156 0.3156
vn -0.2964 0.1766 0.9386
vn -0.3965 -0.2900 0.8710
vt 0.171973 0.525509
vt 0.123271 0.470458
vt 0.172144 0.469481
vt 0.329048 0.559029
vt 0.269769 0.473003
vt 0.323413 0.469622
vt 0.224429 0.536019
vt 0.271784 0.555717
vt 0.171578 0.656843
vt 0.106282 0.592595
vt 0.171766 0.593801
vt 0.074500 0.472413
vt 0.014702 0.558079
vt 0.020877 0.468708
vt 0.125000 0.930227
vt 0.075188 0.848003
vt 0.125000 0.848094
vt 0.118558 0.132190
vt 0.128554 0.179315
vt 0.084127 0.157401
vt 0.119454 0.535702
vt 0.071980 0.555113
vt 0.178317 0.661080
vt 0.208858 0.690885
vt 0.178317 0.698336
vt 0.191748 0.987956
vt 0.192024 0.935909
vt 0.236681 0.952358
vt 0.221859 0.132190
vt 0.259325 0.156810
vt 0.215194 0.179315
vt 0.237257 0.592990
vt 0.075016 0.661080
vt 0.071683 0.698336
vt 0.041227 0.690545
vt 0.058252 0.987956
vt 0.013319 0.952358
vt 0.057976 0.935909
vt 0.075883 0.082205
vt 0.118558 0.082205
vt 0.042543 0.613558
vt 0.205958 0.781989
vt 0.171652 0.781644
vt 0.125000 0.698336
vt 0.125000 0.661080
vt 0.125000 0.982481
vt 0.044042 0.781989
vt 0.078348 0.781644
vt 0.221859 0.082205
vt 0.266690 0.132190
vt 0.300872 0.614338
vt 0.244949 0.645904
vt 0.263355 0.262163
vt 0.218526 0.262623
vt 0.171874 0.132190
vt 0.171874 0.179315
vt 0.171874 0.082205
vt 0.044107 0.843803
vt 0.012944 0.920851
vt 0.205893 0.843803
vt 0.237056 0.920851
vt 0.257957 0.283956
vt 0.218526 0.288649
vt 0.125000 0.807670
vt 0.125000 0.781644
vt 0.254571 0.305310
vt 0.218526 0.355295
vt 0.085792 0.283956
vt 0.125222 0.262623
vt 0.125222 0.288649
vt 0.204260 0.792310
vt 0.171652 0.807670
vt 0.859375 0.281250
vt 0.885106 0.256635
vt 0.891894 0.281971
vt 0.878070 0.544687
vt 0.829942 0.566924
vt 0.839826 0.536375
vt 0.877139 0.631101
vt 0.823645 0.598114
vt 0.877260 0.602341
vt 0.873976 0.447406
vt 0.934594 0.467677
vt 0.874324 0.491775
vt 0.878927 0.507119
vt 0.854765 0.501683
vt 0.877556 0.574516
vt 0.877239 0.666695
vt 0.821219 0.629738
vt 0.875000 0.406250
vt 0.903699 0.436254
vt 0.834141 0.487652
vt 0.773209 0.547252
vt 0.762023 0.666908
vt 0.754270 0.625547
vt 0.915413 0.407135
vt 0.883990 0.306981
vt 0.798480 0.513179
vt 0.760116 0.585778
vt 0.960087 0.407618
vt 0.979095 0.786317
vt 0.911469 0.770080
vt 0.963302 0.747280
vt 0.976809 0.872950
vt 0.919466 0.830703
vt 0.985192 0.827584
vt 0.904686 0.378021
vt 0.858654 0.313769
vt 0.902563 0.739887
vt 0.936872 0.715119
vt 0.917002 0.800032
vt 0.935899 0.346311
vt 0.902196 0.689550
vt 0.881474 0.703189
vt 0.833644 0.305865
vt 0.859375 0.775217
vt 0.859375 0.746487
vt 0.859375 0.833482
vt 0.859375 0.804002
vt 0.876024 0.365094
vt 0.875676 0.320725
vt 0.859375 0.711581
vt 0.915262 0.870591
vt 0.801748 0.800032
vt 0.815406 0.344823
vt 0.837276 0.703189
vt 0.807280 0.770080
vt 0.803488 0.870591
vt 0.799284 0.830703
vt 0.846301 0.376246
vt 0.826856 0.280529
vt 0.816186 0.739887
vt 0.816554 0.689550
vt 0.739655 0.786317
vt 0.755447 0.747280
vt 0.741941 0.872950
vt 0.733558 0.827584
vt 0.834587 0.405365
vt 0.834760 0.255519
vt 0.781878 0.715119
vt 0.789913 0.404882
vt 0.985902 0.668598
vt 0.931328 0.630590
vt 0.995730 0.628312
vt 0.845314 0.434479
vt 0.860096 0.248731
vt 0.958042 0.517210
vt 0.924813 0.568681
vt 0.916343 0.538099
vt 0.929860 0.599530
vt 0.991899 0.589902
vt 0.814101 0.466189
vt 0.924285 0.490207
vt 0.903231 0.502984
vt 0.981025 0.551821
vt 0.583817 0.819153
vt 0.525097 0.898741
vt 0.563570 0.808626
vt 0.628063 0.806345
vt 0.654283 0.767989
vt 0.660350 0.800277
vt 0.617358 0.920610
vt 0.599032 0.823030
vt 0.621253 0.825686
vt 0.654936 0.986696
vt 0.680806 0.942579
vt 0.689993 0.977463
vt 0.642322 0.920880
vt 0.659977 0.821184
vt 0.678207 0.917205
vt 0.503995 0.889049
vt 0.506153 0.912170
vt 0.558421 0.910405
vt 0.582191 0.915969
vt 0.564827 0.936598
vt 0.703061 0.911928
vt 0.695204 0.936090
vt 0.629540 0.948432
vt 0.548693 0.797289
vt 0.569057 0.790797
vt 0.596143 0.803693
vt 0.676036 0.814794
vt 0.636957 0.824580
vt 0.738224 0.900922
vt 0.710843 0.936791
vt 0.516849 0.922305
vt 0.578566 0.943435
vt 0.645187 0.951779
vt 0.686312 0.780446
vt 0.699604 0.799854
vt 0.470058 0.299152
vt 0.452611 0.418960
vt 0.442364 0.305175
vt 0.326228 0.305757
vt 0.276172 0.426432
vt 0.298318 0.300836
vt 0.432974 0.462553
vt 0.485991 0.461930
vt 0.463692 0.498123
vt 0.430355 0.408611
vt 0.394382 0.310892
vt 0.422638 0.308709
vt 0.382064 0.410332
vt 0.346066 0.308594
vt 0.374347 0.310429
vt 0.429441 0.289859
vt 0.444161 0.437132
vt 0.384765 0.293310
vt 0.391388 0.440615
vt 0.402099 0.410794
vt 0.474849 0.279693
vt 0.489305 0.293572
vt 0.520027 0.435520
vt 0.486323 0.427222
vt 0.524818 0.416061
vt 0.338604 0.289995
vt 0.328740 0.450756
vt 0.318037 0.433814
vt 0.349490 0.437647
vt 0.421095 0.288729
vt 0.392838 0.290911
vt 0.404539 0.442386
vt 0.432796 0.440203
vt 0.375645 0.290432
vt 0.347364 0.288596
vt 0.389416 0.441153
vt 0.329708 0.286022
vt 0.301797 0.281100
vt 0.272692 0.446167
vt 0.314557 0.453549
vt 0.465799 0.279570
vt 0.438105 0.285593
vt 0.447841 0.438424
vt 0.459775 0.251877
vt 0.432082 0.257900
vt 0.475275 0.183301
vt 0.460812 0.049200
vt 0.480066 0.050836
vt 0.530222 0.182420
vt 0.498554 0.038345
vt 0.517862 0.037557
vt 0.438530 0.235355
vt 0.473347 0.205992
vt 0.470620 0.238082
vt 0.420670 0.177159
vt 0.425798 0.029735
vt 0.444696 0.033769
vt 0.367227 0.164359
vt 0.386542 0.030870
vt 0.404785 0.037239
vt 0.462714 0.036459
vt 0.443185 0.180575
vt 0.428969 0.198365
vt 0.408252 0.024832
vt 0.372938 0.186404
vt 0.389174 0.170435
vt 0.480340 0.037957
vt 0.486285 0.203235
vt 0.498043 0.183733
vt 0.391551 0.019001
vt 0.374766 0.011918
vt 0.318631 0.167443
vt 0.315861 0.144840
vt 0.336821 0.153743
vt 0.448499 0.015952
vt 0.429602 0.011918
vt 0.384420 0.192706
vt 0.415915 0.199430
vt 0.409032 0.025077
vt 0.390788 0.018708
vt 0.329315 0.175243
vt 0.359721 0.185859
vt 0.517119 0.019354
vt 0.497811 0.020142
vt 0.498972 0.206487
vt 0.531151 0.205173
vt 0.481156 0.038000
vt 0.461902 0.036364
vt 0.441257 0.203266
vt 0.482792 0.018746
vt 0.463538 0.017110
vt 0.592442 0.299152
vt 0.609889 0.418960
vt 0.576177 0.427222
vt 0.736272 0.305757
vt 0.786328 0.426432
vt 0.744463 0.433814
vt 0.576508 0.461930
vt 0.629526 0.462553
vt 0.598808 0.498123
vt 0.668118 0.310892
vt 0.632145 0.408611
vt 0.639862 0.308709
vt 0.716434 0.308594
vt 0.680436 0.410332
vt 0.688153 0.310429
vt 0.633059 0.289859
vt 0.620136 0.305175
vt 0.618339 0.437132
vt 0.677735 0.293310
vt 0.671112 0.440615
vt 0.660401 0.410794
vt 0.587651 0.279693
vt 0.573195 0.293572
vt 0.542473 0.435520
vt 0.537682 0.416061
vt 0.723896 0.289995
vt 0.733760 0.450756
vt 0.713010 0.437647
vt 0.641405 0.288729
vt 0.669662 0.290911
vt 0.657961 0.442386
vt 0.629704 0.440203
vt 0.686855 0.290432
vt 0.715136 0.288596
vt 0.673084 0.441153
vt 0.715157 0.462097
vt 0.764182 0.300836
vt 0.732792 0.286022
vt 0.760703 0.281100
vt 0.789808 0.446167
vt 0.747943 0.453549
vt 0.596701 0.279570
vt 0.624395 0.285593
vt 0.614659 0.438424
vt 0.602725 0.251877
vt 0.630418 0.257900
vt 0.601688 0.049200
vt 0.587225 0.183301
vt 0.582434 0.050836
vt 0.563946 0.038345
vt 0.532278 0.182420
vt 0.544638 0.037557
vt 0.589153 0.205992
vt 0.623970 0.235355
vt 0.591880 0.238082
vt 0.636702 0.029735
vt 0.641830 0.177159
vt 0.617804 0.033769
vt 0.675958 0.030870
vt 0.695273 0.164359
vt 0.657715 0.037239
vt 0.599786 0.036459
vt 0.619315 0.180575
vt 0.633531 0.198365
vt 0.654248 0.024832
vt 0.689562 0.186404
vt 0.673326 0.170435
vt 0.582160 0.037957
vt 0.576215 0.203235
vt 0.564457 0.183733
vt 0.670949 0.019001
vt 0.687734 0.011918
vt 0.743869 0.167443
vt 0.725679 0.153743
vt 0.746639 0.144840
vt 0.614001 0.015952
vt 0.632898 0.011918
vt 0.678080 0.192706
vt 0.646585 0.199430
vt 0.653468 0.025077
vt 0.671712 0.018708
vt 0.733185 0.175243
vt 0.702779 0.185859
vt 0.545381 0.019354
vt 0.564689 0.020142
vt 0.563528 0.206487
vt 0.531349 0.205173
vt 0.581344 0.038000
vt 0.600598 0.036364
vt 0.621243 0.203266
vt 0.579708 0.018746
vt 0.598962 0.017110
vt 0.591894 0.553935
vt 0.596099 0.670420
vt 0.565221 0.670324
vt 0.661891 0.539884
vt 0.707992 0.517253
vt 0.696257 0.551619
vt 0.646241 0.672498
vt 0.630187 0.559218
vt 0.651158 0.561710
vt 0.654725 0.743741
vt 0.700126 0.699822
vt 0.699385 0.744482
vt 0.665705 0.672505
vt 0.688747 0.564166
vt 0.692970 0.674751
vt 0.539183 0.673586
vt 0.560483 0.699517
vt 0.618158 0.670318
vt 0.607549 0.698030
vt 0.713187 0.675663
vt 0.655466 0.699081
vt 0.573927 0.543921
vt 0.589433 0.539480
vt 0.616127 0.558247
vt 0.623226 0.538650
vt 0.705802 0.561815
vt 0.665411 0.562671
vt 0.750343 0.684231
vt 0.722704 0.536890
vt 0.729700 0.551184
vt 0.475035 0.896805
vt 0.416687 0.817484
vt 0.437045 0.807124
vt 0.346512 0.765393
vt 0.372610 0.804000
vt 0.340258 0.797746
vt 0.401378 0.820931
vt 0.382942 0.918473
vt 0.379264 0.823404
vt 0.319277 0.940305
vt 0.345072 0.984607
vt 0.309960 0.975243
vt 0.340539 0.818708
vt 0.357920 0.918673
vt 0.321961 0.914878
vt 0.496029 0.887246
vt 0.493811 0.910207
vt 0.441924 0.908287
vt 0.435599 0.934449
vt 0.418212 0.913904
vt 0.297065 0.909509
vt 0.304863 0.933754
vt 0.370652 0.946324
vt 0.451921 0.795947
vt 0.431753 0.789299
vt 0.404595 0.801781
vt 0.324470 0.812241
vt 0.363577 0.822212
vt 0.289184 0.934408
vt 0.261852 0.898364
vt 0.483153 0.920218
vt 0.421781 0.941450
vt 0.314297 0.777763
vt 0.300897 0.797177
vt 0.472674 0.553515
vt 0.466172 0.670436
vt 0.448840 0.557628
vt 0.358037 0.516687
vt 0.403337 0.539790
vt 0.369135 0.550888
vt 0.434818 0.558888
vt 0.417463 0.671612
vt 0.413919 0.561328
vt 0.361463 0.698698
vt 0.407013 0.744411
vt 0.361381 0.744329
vt 0.376363 0.563519
vt 0.396244 0.671469
vt 0.369115 0.673465
vt 0.524341 0.674079
vt 0.501864 0.699979
vt 0.497190 0.670430
vt 0.455226 0.697701
vt 0.445687 0.670282
vt 0.348855 0.673975
vt 0.407094 0.698780
vt 0.489563 0.544288
vt 0.475118 0.539766
vt 0.441734 0.538362
vt 0.359414 0.560790
vt 0.399780 0.562448
vt 0.311436 0.681605
vt 0.343237 0.535559
vt 0.335902 0.549582
vt 0.171874 0.262623
vt 0.078348 0.807670
vt 0.174812 0.848003
vt 0.221010 0.470753
vt 0.931835 0.183848
vt 0.936637 0.138592
vt 0.957238 0.215476
vt 0.927027 0.159369
vt 0.909654 0.133395
vt 0.886954 0.200037
vt 0.913576 0.184854
vt 0.913520 0.254361
vt 0.935769 0.253661
vt 0.860426 0.091102
vt 0.899525 0.125463
vt 0.879538 0.124938
vt 0.936353 0.272201
vt 0.914104 0.272902
vt 0.896707 0.262583
vt 0.870141 0.208259
vt 0.913985 0.110910
vt 0.940968 0.116107
vt 0.951589 0.134586
vt 0.972190 0.211470
vt 0.973609 0.224681
vt 0.952140 0.262865
vt 0.870996 0.194601
vt 0.893696 0.127959
vt 0.914034 0.159456
vt 0.882600 0.008348
vt 0.920824 0.076021
vt 0.782113 0.138592
vt 0.786915 0.183848
vt 0.761512 0.215477
vt 0.809096 0.133395
vt 0.791723 0.159369
vt 0.831796 0.200037
vt 0.805230 0.254361
vt 0.805174 0.184854
vt 0.782981 0.253661
vt 0.858324 0.091102
vt 0.819225 0.125463
vt 0.797926 0.076021
vt 0.782397 0.272201
vt 0.804646 0.272902
vt 0.822043 0.262583
vt 0.848609 0.208259
vt 0.804765 0.110910
vt 0.777782 0.116107
vt 0.767161 0.134585
vt 0.746560 0.211470
vt 0.745141 0.224681
vt 0.766610 0.262865
vt 0.847754 0.194601
vt 0.825054 0.127959
vt 0.804716 0.159456
vt 0.836150 0.008348
vt 0.816163 0.008873
vt 0.857453 0.895108
vt 0.834384 0.895108
vt 0.826694 0.906642
vt 0.868987 0.906642
vt 0.826694 0.937401
vt 0.868987 0.937401
vt 0.838228 0.941246
vt 0.826694 0.941246
vt 0.872832 0.914332
vt 0.892056 0.918177
vt 0.872832 0.925866
vt 0.892056 0.925866
vt 0.826694 0.979694
vt 0.838228 0.979694
vt 0.853608 0.941246
vt 0.842073 0.941246
vt 0.842073 0.979694
vt 0.853608 0.979694
vt 0.868987 0.941246
vt 0.857453 0.941246
vt 0.857453 0.979694
vt 0.868987 0.979694
vt 0.978116 0.895306
vt 0.955047 0.895306
vt 0.985806 0.906841
vt 0.943513 0.906841
vt 0.985806 0.937599
vt 0.943513 0.937599
vt 0.985806 0.941444
vt 0.974272 0.941444
vt 0.920444 0.918375
vt 0.939668 0.914530
vt 0.939668 0.926065
vt 0.920444 0.926065
vt 0.985806 0.979892
vt 0.974271 0.979892
vt 0.970427 0.941444
vt 0.958892 0.941444
vt 0.970427 0.979892
vt 0.958892 0.979892
vt 0.955047 0.941444
vt 0.943513 0.941444
vt 0.955047 0.979892
vt 0.943513 0.979892
vt 0.313333 0.262987
vt 0.264729 0.178800
vt 0.314707 0.179624
vt 0.080395 0.262029
vt 0.029043 0.179491
vt 0.079021 0.178667
vt 0.045740 0.792310
vt 0.171874 0.288649
vt 0.089178 0.305310
vt 0.125222 0.355295
vt 0.089178 0.355295
vt 0.171874 0.355295
vt 0.258261 0.428276
vt 0.222142 0.374707
vt 0.258703 0.375010
vt 0.203680 0.835893
vt 0.171456 0.824544
vt 0.122879 0.445430
vt 0.172218 0.444951
vt 0.262059 0.446607
vt 0.221554 0.445728
vt 0.078544 0.824545
vt 0.125000 0.824607
vt 0.086278 0.427757
vt 0.122719 0.374407
vt 0.046320 0.835893
vt 0.082368 0.446065
vt 0.172431 0.374407
vt 0.098275 0.645461
vt 0.075883 0.132190
vt 0.209751 0.698701
vt 0.040249 0.698701
vt 0.266690 0.082205
vt 0.254571 0.355295
vt 0.820367 0.668598
vt 0.859375 0.867625
vt 0.930940 0.664137
vt 0.621995 0.774057
vt 0.746005 0.925786
vt 0.549386 0.936459
vt 0.613431 0.950870
vt 0.347343 0.462097
vt 0.673626 0.505518
vt 0.740954 0.713101
vt 0.378865 0.771648
vt 0.354952 0.949636
vt 0.253971 0.923263
vt 0.450816 0.934174
vt 0.386808 0.948822
vt 0.392239 0.505589
vt 0.320054 0.710886
vt 0.902587 0.008873
vt 0.839212 0.124938
vt 0.030417 0.262853
vt 0.086158 0.374489
s 1
f 2894/3745/2895 2612/3746/2895 2896/3747/2895
f 2635/3748/2896 2605/3749/2896 2608/3750/2896
f 2629/3751/2897 2605/3749/2897 2630/3752/2897
f 2889/3753/2898 2617/3754/2898 2893/3755/2898
f 2611/3756/2899 2624/3757/2899 2609/3758/2899
f 2890/3759/2900 2607/3760/2900 2895/3761/2900
f 2613/3762/2901 2614/3763/2901 2615/3764/2901
f 2616/3765/2902 2617/3754/2902 2618/3766/2902
f 2619/3767/2903 2620/3768/2903 2621/3769/2903
f 2622/3770/2904 2623/3771/2904 2624/3772/2904
f 2625/3773/2905 2626/3774/2905 2627/3775/2905
f 2628/3776/2906 2629/3751/2906 2630/3752/2906
f 2631/3777/2907 2632/3778/2907 2633/3779/2907
f 2634/3780/2908 2635/3781/2908 2636/3782/2908
f 2613/3762/2909 2620/3783/2909 2619/3784/2909
f 2616/3765/2910 2611/3756/2910 2612/3746/2910
f 2617/3754/2911 2624/3785/2911 2618/3766/2911
f 2621/3769/2912 3019/3786/2912 3022/3787/2912
f 2619/3767/2913 2888/3788/2913 2887/3789/2913
f 2889/3790/2914 2636/3782/2914 2890/3759/2914
f 3023/3791/2915 2632/3778/2915 3017/3792/2915
f 2631/3793/2916 2626/3794/2916 2625/3773/2916
f 2628/3776/2917 2635/3795/2917 2634/3796/2917
f 2627/3775/2918 3020/3797/2918 3024/3798/2918
f 2891/3799/2919 2627/3775/2919 2892/3800/2919
f 2893/3755/2920 2616/3765/2920 2894/3745/2920
f 2631/3793/2921 2891/3799/2921 2887/3801/2921
f 2608/3802/2922 2636/3782/2922 2635/3803/2922
f 2623/3771/2923 2609/3804/2923 2624/3805/2923
f 3024/3798/2924 3020/3806/2924 3030/3807/2924
f 3022/3787/2925 3034/3808/2926 3026/3809/2926
f 3020/3810/2927 3027/3811/2927 3030/3807/2927
f 3021/3812/2928 3018/3813/2928 3028/3814/2928
f 3022/3787/2929 3019/3815/2929 3029/3816/2929
f 2686/3817/2930 2694/3818/2930 2643/3819/2930
f 2693/3820/2931 2641/3821/2931 2642/3822/2931
f 2690/3823/2932 2640/3824/2932 2691/3825/2932
f 2688/3826/2933 2638/3827/2933 2689/3828/2933
f 2694/3829/2934 2642/3822/2934 2643/3830/2934
f 2692/3831/2935 2640/3824/2936 2641/3821/2937
f 2689/3832/2938 2639/3833/2938 2690/3823/2938
f 2688/3826/2939 2687/3834/2939 2637/3835/2939
f 2642/3822/2940 2650/3836/2940 2643/3830/2940
f 2640/3824/2941 2648/3837/2942 2641/3821/2943
f 2639/3833/2944 2645/3838/2944 2646/3839/2944
f 2637/3835/2945 2687/3834/2945 2644/3840/2945
f 2686/3817/2946 2643/3819/2946 2650/3841/2946
f 2641/3821/2947 2649/3842/2947 2642/3822/2947
f 2640/3824/2948 2646/3839/2948 2647/3843/2948
f 2637/3835/2949 2645/3844/2949 2638/3827/2949
f 2647/3845/2950 2655/3846/2951 2648/3847/2952
f 2645/3848/2953 2653/3849/2953 2646/3850/2953
f 2644/3840/2954 2687/3834/2954 2651/3851/2954
f 2686/3817/2955 2650/3841/2955 2657/3852/2955
f 2648/3847/2956 2656/3853/2956 2649/3854/2956
f 2646/3850/2957 2654/3855/2957 2647/3845/2957
f 2644/3840/2958 2652/3856/2958 2645/3844/2958
f 2650/3857/2959 2656/3853/2959 2657/3858/2959
f 2686/3817/2960 2657/3852/2960 2664/3859/2960
f 2656/3853/2961 2662/3860/2962 2663/3861/2963
f 2654/3855/2964 2660/3862/2964 2661/3863/2964
f 2652/3856/2965 2658/3864/2965 2659/3865/2966
f 2657/3858/2967 2663/3861/2967 2664/3866/2967
f 2655/3846/2968 2661/3863/2969 2662/3860/2970
f 2652/3867/2971 2660/3862/2971 2653/3849/2971
f 2651/3851/2972 2687/3834/2972 2658/3864/2972
f 2660/3862/2973 2668/3868/2973 2661/3863/2973
f 2658/3864/2974 2666/3869/2974 2659/3865/2974
f 2663/3861/2975 2671/3870/2975 2664/3866/2975
f 2661/3863/2976 2669/3871/2977 2662/3860/2978
f 2660/3862/2979 2666/3872/2979 2667/3873/2979
f 2658/3864/2980 2687/3834/2980 2665/3874/2980
f 2686/3817/2981 2664/3859/2981 2671/3875/2981
f 2662/3860/2982 2670/3876/2983 2663/3861/2984
f 2670/3876/2985 2678/3877/2985 2671/3870/2985
f 2669/3871/2986 2675/3878/2987 2676/3879/2988
f 2667/3873/2989 2673/3880/2989 2674/3881/2989
f 2665/3874/2990 2687/3834/2990 2672/3882/2990
f 2686/3817/2991 2671/3875/2991 2678/3883/2991
f 2670/3876/2992 2676/3879/2992 2677/3884/2992
f 2668/3868/2993 2674/3881/2993 2675/3878/2993
f 2665/3874/2994 2673/3885/2994 2666/3869/2994
f 2673/3886/2995 2681/3887/2995 2674/3888/2995
f 2672/3882/2996 2687/3834/2996 2679/3889/2996
f 2686/3817/2997 2678/3883/2997 2685/3890/2997
f 2677/3891/2998 2683/3892/2998 2684/3893/2998
f 2674/3888/2999 2682/3894/2999 2675/3895/2999
f 2672/3882/3000 2680/3896/3000 2673/3885/3000
f 2678/3897/3001 2684/3893/3001 2685/3898/3001
f 2676/3899/3002 2682/3894/3003 2683/3892/3004
f 2686/3817/3005 2685/3890/3005 2694/3818/3005
f 2683/3892/3006 2693/3820/3006 2684/3893/3006
f 2682/3894/3007 2690/3823/3007 2691/3825/3007
f 2680/3896/3008 2688/3826/3008 2689/3828/3008
f 2684/3893/3009 2694/3829/3009 2685/3898/3009
f 2682/3894/3010 2692/3831/3011 2683/3892/3012
f 2681/3887/3013 2689/3832/3013 2690/3823/3013
f 2679/3889/3014 2687/3834/3014 2688/3826/3014
f 2711/3900/3015 2696/3901/3015 2709/3902/3015
f 2717/3903/3016 2708/3904/3016 2715/3905/3016
f 2704/3906/3017 2710/3907/3017 2716/3908/3017
f 2700/3909/3018 2702/3910/3018 2697/3911/3018
f 2705/3912/3019 2714/3913/3019 2703/3914/3019
f 2695/3915/3020 2696/3901/3020 2697/3916/3020
f 2698/3917/3021 2699/3918/3021 2700/3919/3021
f 2701/3920/3022 2702/3921/3022 2703/3914/3022
f 2704/3906/3023 2705/3912/3023 2706/3922/3023
f 2707/3923/3024 2708/3924/3024 2709/3902/3024
f 2710/3907/3025 2711/3900/3025 2712/3925/3025
f 2713/3926/3026 2714/3913/3026 2715/3905/3026
f 2716/3908/3027 2717/3903/3027 2718/3927/3027
f 2695/3928/3028 2702/3929/3028 2701/3920/3028
f 2698/3917/3029 2697/3930/3029 2696/3901/3029
f 2704/3906/3030 2700/3931/3030 2699/3918/3030
f 2705/3912/3031 2702/3910/3031 2706/3932/3031
f 2713/3926/3032 2703/3914/3032 2714/3913/3032
f 2716/3908/3033 2705/3912/3033 2704/3906/3033
f 2715/3905/3034 2718/3927/3034 2717/3903/3034
f 2713/3926/3035 2708/3933/3035 2707/3934/3035
f 2710/3907/3036 2717/3903/3036 2716/3908/3036
f 2709/3902/3037 2712/3925/3037 2711/3900/3037
f 2707/3923/3038 2696/3901/3038 2695/3915/3038
f 2699/3918/3039 2711/3900/3039 2710/3907/3039
f 2713/3926/3040 2695/3928/3040 2701/3920/3040
f 2733/3935/3041 2722/3936/3041 2720/3937/3041
f 2739/3938/3042 2736/3939/3043 2732/3940/3044
f 2728/3941/3045 2734/3942/3046 2740/3943/3047
f 2724/3944/3048 2726/3945/3048 2721/3946/3048
f 2729/3947/3049 2738/3948/3049 2727/3949/3049
f 2719/3950/3050 2720/3937/3050 2721/3946/3050
f 2722/3936/3051 2723/3951/3051 2724/3944/3051
f 2725/3952/3052 2726/3945/3052 2727/3949/3052
f 2728/3953/3053 2729/3947/3054 2730/3954/3055
f 2731/3955/3056 2732/3956/3056 2733/3935/3056
f 2734/3957/3057 2735/3958/3057 2736/3959/3057
f 2737/3960/3058 2738/3948/3058 2739/3938/3058
f 2740/3961/3059 2741/3962/3059 2742/3963/3059
f 2719/3964/3060 2726/3945/3060 2725/3965/3060
f 2720/3937/3061 2724/3944/3061 2721/3946/3061
f 2728/3966/3062 2724/3944/3063 2723/3967/3064
f 2729/3947/3065 2726/3945/3065 2730/3954/3065
f 2725/3968/3066 2738/3948/3066 2737/3969/3066
f 2728/3970/3053 2742/3963/3067 2729/3947/3054
f 2741/3962/3068 2738/3948/3068 2742/3963/3068
f 2737/3971/3069 2732/3940/3069 2731/3972/3069
f 2734/3973/3070 2741/3962/3071 2740/3974/3072
f 2733/3935/3073 2736/3959/3074 2735/3958/3075
f 2731/3975/3076 2720/3937/3076 2719/3976/3076
f 2723/3977/3077 2735/3958/3077 2734/3942/3077
f 2737/3978/3078 2719/3976/3078 2725/3979/3078
f 2759/3980/3079 2744/3981/3079 2757/3982/3079
f 2765/3983/3080 2756/3984/3080 2763/3985/3080
f 2752/3986/3081 2758/3987/3081 2764/3988/3081
f 2748/3989/3082 2750/3990/3082 2745/3991/3082
f 2753/3992/3083 2762/3993/3083 2751/3994/3083
f 2743/3995/3084 2744/3981/3084 2745/3991/3084
f 2746/3996/3085 2747/3997/3085 2748/3989/3085
f 2749/3998/3084 2750/3990/3084 2751/3994/3084
f 2752/3999/3086 2753/3992/3086 2754/4000/3086
f 2755/4001/3087 2756/3984/3087 2757/3982/3087
f 2758/4002/3088 2759/3980/3088 2760/4003/3088
f 2761/4004/3087 2762/3993/3087 2763/4005/3087
f 2764/4006/3089 2765/4007/3089 2766/4008/3089
f 2743/4009/3084 2750/3990/3084 2749/4010/3084
f 2744/3981/3090 2748/3989/3090 2745/3991/3090
f 2752/4011/3091 2748/3989/3091 2747/4012/3091
f 2751/3994/3092 2754/4000/3092 2753/3992/3092
f 2749/4013/3093 2762/3993/3093 2761/4014/3093
f 2764/4015/3094 2753/3992/3094 2752/4016/3094
f 2765/4007/3095 2762/3993/3095 2766/4008/3095
f 2761/4017/3087 2756/3984/3087 2755/4018/3087
f 2758/4019/3096 2765/3983/3096 2764/4020/3097
f 2757/3982/3098 2760/4003/3098 2759/3980/3098
f 2755/4021/3093 2744/3981/3093 2743/4022/3093
f 2747/4023/3099 2759/3980/3099 2758/3987/3099
f 2761/4024/3093 2743/4022/3093 2749/4025/3093
f 2781/4026/3100 2770/4027/3100 2783/4028/3100
f 2787/4029/3101 2784/4030/3102 2789/4031/3103
f 2782/4032/3104 2776/4033/3105 2788/4034/3106
f 2774/4035/3107 2772/4036/3107 2769/4037/3107
f 2786/4038/3108 2777/4039/3108 2775/4040/3108
f 2767/4041/3109 2769/4037/3109 2768/4042/3109
f 2770/4027/3110 2772/4036/3110 2771/4043/3110
f 2773/4044/3111 2775/4040/3111 2774/4035/3111
f 2776/4045/3112 2778/4046/3113 2777/4039/3114
f 2779/4047/3115 2781/4026/3115 2780/4048/3115
f 2782/4049/3116 2784/4050/3116 2783/4028/3116
f 2785/4051/3117 2787/4029/3117 2786/4038/3117
f 2788/4052/3118 2790/4053/3118 2789/4031/3118
f 2774/4035/3119 2767/4054/3119 2773/4055/3119
f 2768/4042/3120 2772/4036/3120 2770/4027/3120
f 2772/4036/3121 2776/4056/3122 2771/4057/3123
f 2777/4039/3124 2774/4035/3124 2775/4040/3124
f 2786/4038/3125 2773/4058/3125 2785/4059/3125
f 2776/4060/3126 2790/4053/3126 2788/4061/3126
f 2789/4031/3127 2786/4038/3127 2787/4029/3127
f 2780/4062/3128 2785/4063/3128 2779/4064/3128
f 2789/4031/3129 2782/4065/3130 2788/4066/3131
f 2784/4050/3132 2781/4026/3133 2783/4028/3134
f 2768/4042/3135 2779/4067/3135 2767/4068/3135
f 2783/4028/3136 2771/4069/3136 2782/4032/3136
f 2767/4068/3137 2785/4070/3137 2773/4071/3137
f 2792/4072/3138 2807/4073/3138 2805/4074/3138
f 2804/4075/3139 2813/4076/3139 2811/4077/3139
f 2806/4078/3140 2800/4079/3140 2812/4080/3140
f 2798/4081/3141 2796/4082/3141 2793/4083/3141
f 2810/4084/3142 2801/4085/3142 2799/4086/3142
f 2791/4087/3143 2793/4083/3143 2792/4072/3143
f 2794/4088/3144 2796/4082/3144 2795/4089/3144
f 2797/4090/3143 2799/4086/3143 2798/4081/3143
f 2800/4091/3145 2802/4092/3145 2801/4085/3145
f 2803/4093/3146 2805/4074/3146 2804/4075/3146
f 2806/4094/3147 2808/4095/3147 2807/4073/3147
f 2809/4096/3146 2811/4097/3146 2810/4084/3146
f 2812/4098/3148 2814/4099/3148 2813/4100/3148
f 2798/4081/3143 2791/4101/3143 2797/4102/3143
f 2792/4072/3149 2796/4082/3149 2794/4088/3149
f 2796/4082/3150 2800/4103/3150 2795/4104/3150
f 2802/4092/3151 2799/4086/3151 2801/4085/3151
f 2810/4084/3152 2797/4105/3152 2809/4106/3152
f 2801/4085/3153 2812/4107/3153 2800/4108/3153
f 2813/4100/3154 2810/4084/3154 2811/4097/3154
f 2804/4075/3146 2809/4109/3146 2803/4110/3146
f 2813/4076/3155 2806/4111/3155 2812/4112/3155
f 2808/4095/3156 2805/4074/3156 2807/4073/3156
f 2792/4072/3152 2803/4113/3152 2791/4114/3152
f 2807/4073/3157 2795/4115/3157 2806/4078/3157
f 2791/4114/3152 2809/4116/3152 2797/4117/3152
f 2829/4118/3158 2818/4119/3158 2816/4120/3158
f 2837/4121/3159 2828/4122/3159 2835/4123/3159
f 2824/4124/3160 2830/4125/3160 2836/4126/3160
f 2820/4127/3161 2822/4128/3161 2817/4129/3161
f 2825/4130/3162 2834/4131/3162 2823/4132/3162
f 2815/4133/3163 2816/4120/3163 2817/4134/3163
f 2818/4119/3164 2819/4135/3164 2820/4136/3164
f 2821/4137/3165 2822/4128/3165 2823/4132/3165
f 2824/4124/3166 2825/4130/3166 2826/4138/3166
f 2827/4139/3159 2828/4140/3159 2829/4118/3159
f 2830/4125/3167 2831/4141/3167 2832/4142/3167
f 2833/4143/3159 2834/4131/3159 2835/4123/3159
f 2836/4126/3168 2837/4121/3168 2838/4144/3168
f 2815/4145/3169 2822/4128/3170 2821/4137/3170
f 2818/4119/3171 2817/4134/3171 2816/4120/3171
f 2824/4124/3172 2820/4136/3172 2819/4135/3172
f 2823/4132/3173 2826/4138/3173 2825/4130/3173
f 2833/4143/3174 2823/4132/3174 2834/4131/3174
f 2836/4126/3175 2825/4130/3175 2824/4124/3175
f 2837/4121/3176 2834/4131/3176 2838/4144/3176
f 2833/4143/3159 2828/4146/3159 2827/4147/3159
f 2830/4125/3177 2837/4121/3177 2836/4126/3177
f 2829/4118/3178 2832/4142/3178 2831/4141/3178
f 2827/4139/3179 2816/4120/3179 2815/4133/3179
f 2819/4135/3180 2831/4141/3180 2830/4125/3180
f 2833/4143/3181 2815/4145/3181 2821/4137/3181
f 2840/4148/3182 2855/4149/3182 2853/4150/3182
f 2852/4151/3183 2861/4152/3183 2859/4153/3183
f 2854/4154/3184 2848/4155/3184 2860/4156/3184
f 2846/4157/3185 2844/4158/3185 2841/4159/3185
f 2858/4160/3186 2849/4161/3186 2847/4162/3186
f 2839/4163/3187 2841/4164/3187 2840/4148/3187
f 2842/4165/3188 2844/4166/3188 2843/4167/3188
f 2845/4168/3189 2847/4162/3189 2846/4169/3189
f 2848/4155/3190 2850/4170/3190 2849/4161/3190
f 2851/4171/3191 2853/4150/3191 2852/4172/3191
f 2854/4154/3192 2856/4173/3192 2855/4149/3192
f 2857/4174/3193 2859/4153/3193 2858/4160/3193
f 2860/4156/3194 2862/4175/3194 2861/4152/3194
f 2846/4176/3195 2839/4177/3195 2845/4168/3195
f 2841/4178/3196 2842/4165/3196 2840/4148/3196
f 2844/4179/3197 2848/4155/3197 2843/4167/3197
f 2849/4161/3198 2846/4157/3198 2847/4162/3198
f 2857/4174/3199 2847/4162/3199 2845/4168/3199
f 2849/4161/3200 2860/4156/3200 2848/4155/3200
f 2862/4175/3201 2859/4153/3201 2861/4152/3201
f 2852/4180/3202 2857/4174/3202 2851/4181/3202
f 2861/4152/3203 2854/4154/3203 2860/4156/3203
f 2856/4173/3204 2853/4150/3204 2855/4149/3204
f 2840/4148/3205 2851/4171/3205 2839/4163/3205
f 2855/4149/3206 2843/4167/3206 2854/4154/3206
f 2839/4177/3207 2857/4174/3207 2845/4168/3207
f 2877/4182/3208 2866/4183/3208 2879/4184/3208
f 2876/4185/3209 2885/4186/3209 2883/4187/3209
f 2878/4188/3210 2872/4189/3210 2884/4190/3210
f 2870/4191/3211 2868/4192/3211 2865/4193/3211
f 2882/4194/3212 2873/4195/3212 2871/4196/3212
f 2863/4197/3213 2865/4198/3213 2864/4199/3213
f 2866/4183/3214 2868/4200/3214 2867/4201/3214
f 2869/4202/3215 2871/4196/3215 2870/4191/3215
f 2872/4189/3216 2874/4203/3216 2873/4195/3216
f 2875/4204/3209 2877/4182/3209 2876/4205/3209
f 2878/4188/3217 2880/4206/3217 2879/4184/3217
f 2881/4207/3209 2883/4187/3209 2882/4194/3209
f 2884/4190/3218 2886/4208/3218 2885/4186/3218
f 2870/4191/3219 2863/4209/3219 2869/4202/3219
f 2865/4198/3220 2866/4183/3220 2864/4199/3220
f 2868/4200/3221 2872/4189/3221 2867/4201/3221
f 2874/4203/3222 2871/4196/3222 2873/4195/3222
f 2881/4207/3223 2871/4196/3223 2869/4202/3223
f 2873/4195/3224 2884/4190/3224 2872/4189/3224
f 2885/4186/3209 2882/4194/3209 2883/4187/3209
f 2876/4210/3209 2881/4207/3209 2875/4211/3209
f 2885/4186/3225 2878/4188/3225 2884/4190/3225
f 2880/4206/3226 2877/4182/3226 2879/4184/3226
f 2864/4199/3227 2875/4204/3227 2863/4197/3227
f 2879/4184/3228 2867/4201/3228 2878/4188/3228
f 2863/4209/3229 2881/4207/3230 2869/4202/3229
f 3025/4212/3231 3028/3814/3232 3018/3813/3233
f 3026/3809/2926 3027/4213/3234 3017/3792/3235
f 2887/3801/2921 2613/3762/2921 2619/3784/2921
f 2893/3755/3236 2629/3751/3236 2628/3776/3236
f 2891/3799/2919 2614/3763/2919 2613/3762/2919
f 2889/3790/3237 2623/3771/3237 2622/3770/3237
f 2631/3777/2913 2888/3788/2913 2632/3778/2913
f 2610/4214/2900 2890/3759/2900 2895/3761/2900
f 2889/3753/3238 2628/3776/3238 2634/3796/3238
f 2606/4215/2895 2894/3745/2895 2896/3747/2895
f 2898/4216/3239 2906/4217/3239 2912/4218/3239
f 2900/4219/3094 2907/4220/3094 2906/4217/3094
f 2911/4221/3240 2902/4222/3240 2908/4223/3240
f 2902/4222/3241 2905/4224/3241 2908/4223/3241
f 2909/4225/3093 2901/4226/3093 2897/4227/3093
f 2908/4223/3242 2897/4228/3242 2901/4229/3242
f 2911/4221/3243 2901/4230/3243 2910/4231/3243
f 2906/4217/3244 2903/4232/3244 2899/4233/3244
f 2912/4218/3245 2899/4234/3245 2909/4235/3245
f 2905/4224/3246 2909/4236/3246 2897/4237/3246
f 2907/4220/3247 2910/4238/3247 2903/4239/3247
f 2900/4219/3081 2902/4222/3081 2904/4240/3081
f 2899/4241/3093 2910/4242/3093 2909/4225/3093
f 2904/4240/3248 2911/4221/3248 2907/4220/3248
f 2905/4224/3249 2898/4216/3249 2912/4218/3249
f 2922/4243/3250 2914/4244/3250 2928/4245/3250
f 2923/4246/3153 2916/4247/3153 2922/4243/3153
f 2927/4248/3251 2924/4249/3251 2918/4250/3251
f 2921/4251/3252 2918/4250/3252 2924/4249/3252
f 2925/4252/3152 2917/4253/3152 2926/4254/3152
f 2913/4255/3253 2924/4249/3253 2917/4256/3253
f 2917/4257/3254 2927/4248/3254 2926/4258/3254
f 2919/4259/3255 2922/4243/3255 2915/4260/3255
f 2915/4261/3256 2928/4245/3256 2925/4262/3256
f 2925/4263/3257 2921/4251/3257 2913/4264/3257
f 2926/4265/3258 2923/4246/3258 2919/4266/3258
f 2918/4250/3140 2916/4247/3140 2920/4267/3140
f 2915/4268/3152 2926/4254/3152 2919/4269/3152
f 2927/4248/3259 2920/4267/3259 2923/4246/3259
f 2921/4251/3260 2928/4245/3260 2914/4244/3260
f 2930/4270/3261 2931/4271/3261 2929/4270/3261
f 2932/4271/3262 2935/4272/3262 2931/4271/3262
f 2934/4273/3263 2929/4270/3263 2933/4273/3263
f 2935/4272/3264 2929/4270/3264 2931/4271/3264
f 2936/4272/3265 2930/4270/3265 2934/4273/3265
f 2936/4272/3266 2939/4274/3266 2935/4272/3266
f 2933/4273/3267 2938/4275/3267 2934/4273/3267
f 2935/4272/3264 2937/4275/3264 2933/4273/3264
f 2949/4276/3268 2952/4277/3268 2951/4277/3268
f 2941/4278/3269 2946/4279/3269 2942/4278/3269
f 2940/4274/3270 2937/4275/3270 2939/4274/3270
f 2944/4280/3266 2941/4278/3266 2942/4278/3266
f 2945/4279/3267 2948/4281/3267 2946/4279/3267
f 2944/4280/3271 2947/4281/3271 2943/4280/3271
f 2944/4280/3265 2946/4279/3265 2948/4281/3265
f 2943/4280/3264 2945/4279/3264 2941/4278/3264
f 2950/4276/3265 2956/4282/3265 2952/4277/3265
f 2956/4282/3271 2953/4283/3271 2955/4282/3271
f 2952/4277/3266 2955/4282/3266 2951/4277/3266
f 2949/4276/3267 2954/4283/3267 2950/4276/3267
f 2951/4277/3264 2953/4283/3264 2949/4276/3264
f 2957/4284/3261 2960/4285/3261 2959/4285/3268
f 2958/4284/3265 2964/4286/3265 2960/4285/3265
f 2964/4286/3271 2961/4287/3271 2963/4286/3271
f 2960/4285/3266 2963/4286/3266 2959/4285/3266
f 2957/4284/3267 2962/4287/3267 2958/4284/3267
f 2959/4285/3264 2961/4287/3264 2957/4284/3264
f 2965/4288/3268 2968/4289/3268 2967/4289/3261
f 2966/4288/3265 2972/4290/3265 2968/4289/3265
f 2972/4290/3270 2969/4291/3270 2971/4290/3271
f 2968/4289/3266 2971/4290/3266 2967/4289/3266
f 2965/4288/3267 2970/4291/3267 2966/4288/3267
f 2967/4289/3264 2969/4291/3264 2965/4288/3264
f 2975/4292/3272 2974/4293/3272 2973/4293/3272
f 2979/4294/3273 2976/4292/3273 2975/4292/3273
f 2934/4273/3265 2940/4274/3265 2936/4272/3265
f 2973/4293/3274 2978/4295/3274 2977/4295/3274
f 2973/4293/3275 2979/4294/3275 2975/4292/3275
f 2980/4294/3276 2974/4293/3276 2976/4292/3276
f 2983/4296/3277 2980/4294/3277 2979/4294/3277
f 2982/4297/3278 2977/4295/3278 2978/4295/3278
f 2981/4297/3275 2979/4294/3275 2977/4295/3275
f 2996/4298/3272 2993/4299/3272 2995/4298/3272
f 2990/4300/3279 2985/4301/3279 2986/4301/3280
f 2981/4297/3281 2984/4296/3281 2983/4296/3281
f 2985/4301/3277 2988/4302/3277 2986/4301/3277
f 2992/4303/3278 2989/4300/3278 2990/4300/3278
f 2991/4303/3281 2988/4302/3281 2987/4302/3281
f 2988/4302/3276 2990/4300/3276 2986/4301/3276
f 2989/4300/3275 2987/4302/3275 2985/4301/3275
f 3000/4304/3276 2994/4299/3276 2996/4298/3276
f 2997/4305/3281 3000/4304/3281 2999/4304/3281
f 2999/4304/3277 2996/4298/3277 2995/4298/3277
f 2998/4305/3278 2993/4299/3278 2994/4299/3278
f 2997/4305/3275 2995/4298/3275 2993/4299/3275
f 3004/4306/3272 3001/4307/3272 3003/4306/3272
f 3008/4308/3276 3002/4307/3276 3004/4306/3276
f 3005/4309/3281 3008/4308/3281 3007/4308/3281
f 3007/4308/3277 3004/4306/3277 3003/4306/3277
f 3006/4309/3278 3001/4307/3278 3002/4307/3278
f 3005/4309/3275 3003/4306/3275 3001/4307/3275
f 3012/4310/3272 3009/4311/3272 3011/4310/3272
f 3016/4312/3276 3010/4311/3276 3012/4310/3276
f 3013/4313/3281 3016/4312/3281 3015/4312/3281
f 3015/4312/3277 3012/4310/3277 3011/4310/3277
f 3014/4313/3278 3009/4311/3278 3010/4311/3278
f 3013/4313/3275 3011/4310/3275 3009/4311/3275
f 2984/4296/3276 2978/4295/3276 2980/4294/3276
f 3022/3787/3282 2888/3788/3282 2621/3769/3282
f 2627/3775/3283 3025/4212/3283 2892/3800/3283
f 3025/4212/3283 2614/3763/3283 2892/3800/3283
f 3023/4314/3284 2626/4315/3284 2633/4316/3284
f 3021/4317/3285 2620/4318/3285 2615/4319/3285
f 2888/3788/3282 3017/3792/3282 2632/3778/3282
f 3018/3813/3286 2615/4319/3286 2614/3763/3286
f 3023/4320/3287 3017/3792/3287 3027/4213/3287
f 3024/3798/3288 3033/4321/3231 3025/4212/3231
f 3021/4322/3289 3029/4323/3289 3019/4324/3289
f 3034/4325/3290 3028/3814/3291 3033/4321/3290
f 3033/4321/3290 3027/3811/3292 3034/4325/3290
f 2605/4326/3293 3032/4327/3294 2608/4328/3295
f 2609/4329/3296 2610/4214/3296 3035/4330/3296
f 2895/3761/3297 3035/4330/3298 2610/4214/3299
f 2896/3747/3300 3036/4331/3301 3038/4332/3302
f 2605/4333/3303 2606/4215/3303 3031/4334/3303
f 2895/3761/3297 3032/4335/3304 3037/4336/3305
f 2896/3747/3300 3031/4334/3306 2606/4215/3307
f 2611/4337/3308 3035/4338/3309 3036/4331/3310
f 2607/3760/3311 2608/4339/3311 3032/4335/3311
f 2612/3746/3312 2611/4340/3312 3036/4331/3312
f 3035/4338/3313 3038/4332/3314 3036/4331/3315
f 3032/4327/3316 3038/4332/3314 3037/4341/3317
f 2894/3745/3318 2616/3765/3318 2612/3746/3318
f 2635/3748/3319 2630/3752/3319 2605/3749/3319
f 2629/3751/3320 2606/4215/3320 2605/3749/3320
f 2889/3753/3321 2622/4342/3321 2617/3754/3321
f 2611/3756/3322 2618/3766/3322 2624/3757/3322
f 2890/3759/3323 2636/3782/3323 2607/3760/3323
f 2613/3762/2909 2615/4343/2909 2620/3783/2909
f 2616/3765/3324 2618/3766/3324 2611/3756/3324
f 2617/3754/3325 2622/4342/3325 2624/3785/3325
f 2621/3769/3326 2620/4344/3326 3019/3786/3326
f 2619/3767/2913 2621/3769/2913 2888/3788/2913
f 2889/3790/2914 2634/3780/2914 2636/3782/2914
f 3023/3791/3327 2633/4345/3327 2632/3778/3327
f 2631/3793/2916 2633/4346/2916 2626/3794/2916
f 2628/3776/3328 2630/3752/3328 2635/3795/3328
f 2627/3775/3329 2626/4315/3329 3020/3797/3329
f 2891/3799/2919 2625/3773/2919 2627/3775/2919
f 2893/3755/3236 2617/3754/3236 2616/3765/3236
f 2631/3793/2921 2625/3773/2921 2891/3799/2921
f 2608/3802/3330 2607/3760/3330 2636/3782/3330
f 2623/3771/3331 2610/4214/3331 2609/3804/3331
f 3022/3787/2925 3029/3816/3332 3034/3808/2926
f 3020/3810/2927 3023/4347/2927 3027/3811/2927
f 2693/3820/3333 2692/3831/3333 2641/3821/3333
f 2690/3823/3334 2639/3833/3334 2640/3824/3334
f 2688/3826/2933 2637/3835/2933 2638/3827/2933
f 2694/3829/3335 2693/3820/3335 2642/3822/3335
f 2692/3831/2935 2691/3825/3336 2640/3824/2936
f 2689/3832/2938 2638/4348/2938 2639/3833/2938
f 2642/3822/3337 2649/3842/3337 2650/3836/3337
f 2640/3824/2941 2647/3843/3338 2648/3837/2942
f 2639/3833/2944 2638/4348/2944 2645/3838/2944
f 2641/3821/3339 2648/3837/3339 2649/3842/3339
f 2640/3824/3340 2639/3833/3340 2646/3839/3340
f 2637/3835/2949 2644/3840/2949 2645/3844/2949
f 2647/3845/2950 2654/3855/3341 2655/3846/2951
f 2645/3848/3342 2652/3867/3342 2653/3849/3342
f 2648/3847/3343 2655/3846/3343 2656/3853/3343
f 2646/3850/3344 2653/3849/3344 2654/3855/3344
f 2644/3840/2958 2651/3851/2958 2652/3856/2958
f 2650/3857/3345 2649/3854/3345 2656/3853/3345
f 2656/3853/2961 2655/3846/3346 2662/3860/2962
f 2654/3855/3347 2653/3849/3347 2660/3862/3347
f 2652/3856/2965 2651/3851/2965 2658/3864/2965
f 2657/3858/3348 2656/3853/3348 2663/3861/3348
f 2655/3846/2968 2654/3855/3349 2661/3863/2969
f 2652/3867/3350 2659/4349/3350 2660/3862/3350
f 2660/3862/3351 2667/3873/3351 2668/3868/3351
f 2658/3864/2974 2665/3874/2974 2666/3869/2974
f 2663/3861/3352 2670/3876/3352 2671/3870/3352
f 2661/3863/2976 2668/3868/3353 2669/3871/2977
f 2660/3862/3354 2659/4349/3354 2666/3872/3354
f 2662/3860/2982 2669/3871/3355 2670/3876/2983
f 2670/3876/3356 2677/3884/3356 2678/3877/3356
f 2669/3871/2986 2668/3868/3357 2675/3878/2987
f 2667/3873/3358 2666/3872/3358 2673/3880/3358
f 2670/3876/3359 2669/3871/3359 2676/3879/3359
f 2668/3868/3360 2667/3873/3360 2674/3881/3360
f 2665/3874/2994 2672/3882/2994 2673/3885/2994
f 2673/3886/2995 2680/4350/2995 2681/3887/2995
f 2677/3891/3361 2676/3899/3361 2683/3892/3361
f 2674/3888/3362 2681/3887/3362 2682/3894/3362
f 2672/3882/3000 2679/3889/3000 2680/3896/3000
f 2678/3897/3363 2677/3891/3363 2684/3893/3363
f 2676/3899/3002 2675/3895/3364 2682/3894/3003
f 2683/3892/3365 2692/3831/3365 2693/3820/3365
f 2682/3894/3366 2681/3887/3366 2690/3823/3366
f 2680/3896/3008 2679/3889/3008 2688/3826/3008
f 2684/3893/3367 2693/3820/3367 2694/3829/3367
f 2682/3894/3010 2691/3825/3368 2692/3831/3011
f 2681/3887/3013 2680/4350/3013 2689/3832/3013
f 2711/3900/3015 2698/3917/3015 2696/3901/3015
f 2717/3903/3016 2712/4351/3016 2708/3904/3016
f 2704/3906/3017 2699/3918/3017 2710/3907/3017
f 2700/3909/3369 2706/3932/3369 2702/3910/3369
f 2705/3912/3019 2718/3927/3019 2714/3913/3019
f 2695/3928/3028 2697/4352/3028 2702/3929/3028
f 2698/3917/3370 2700/4353/3370 2697/3930/3370
f 2704/3906/3371 2706/4354/3371 2700/3931/3371
f 2705/3912/3372 2703/3914/3372 2702/3910/3372
f 2713/3926/3032 2701/3920/3032 2703/3914/3032
f 2716/3908/3033 2718/3927/3033 2705/3912/3033
f 2715/3905/3034 2714/3913/3034 2718/3927/3034
f 2713/3926/3035 2715/3905/3035 2708/3933/3035
f 2710/3907/3036 2712/3925/3036 2717/3903/3036
f 2709/3902/3037 2708/3924/3037 2712/3925/3037
f 2707/3923/3038 2709/3902/3038 2696/3901/3038
f 2699/3918/3039 2698/3917/3039 2711/3900/3039
f 2713/3926/3040 2707/3934/3040 2695/3928/3040
f 2733/3935/3373 2735/3958/3373 2722/3936/3373
f 2739/3938/3042 2741/3962/3374 2736/3939/3043
f 2728/3941/3045 2723/3977/3375 2734/3942/3046
f 2724/3944/3048 2730/3954/3048 2726/3945/3048
f 2729/3947/3376 2742/3963/3376 2738/3948/3376
f 2719/3964/3060 2721/3946/3060 2726/3945/3060
f 2720/3937/3377 2722/3936/3377 2724/3944/3377
f 2728/3966/3062 2730/3954/3378 2724/3944/3063
f 2729/3947/3065 2727/3949/3065 2726/3945/3065
f 2725/3968/3066 2727/3949/3066 2738/3948/3066
f 2728/3970/3379 2740/4355/3379 2742/3963/3379
f 2741/3962/3380 2739/3938/3380 2738/3948/3380
f 2737/3971/3069 2739/3938/3381 2732/3940/3069
f 2734/3973/3070 2736/3939/3382 2741/3962/3071
f 2733/3935/3073 2732/3956/3383 2736/3959/3074
f 2731/3975/3076 2733/3935/3076 2720/3937/3076
f 2723/3977/3384 2722/3936/3384 2735/3958/3384
f 2737/3978/3078 2731/3975/3078 2719/3976/3078
f 2759/3980/3079 2746/3996/3079 2744/3981/3079
f 2765/3983/3080 2760/4003/3080 2756/3984/3080
f 2752/3986/3081 2747/4023/3081 2758/3987/3081
f 2748/3989/3082 2754/4000/3082 2750/3990/3082
f 2753/3992/3083 2766/4008/3083 2762/3993/3083
f 2743/4009/3084 2745/3991/3084 2750/3990/3084
f 2744/3981/3385 2746/3996/3385 2748/3989/3385
f 2752/4011/3091 2754/4000/3091 2748/3989/3091
f 2751/3994/3386 2750/3990/3386 2754/4000/3386
f 2749/4013/3093 2751/3994/3093 2762/3993/3093
f 2764/4015/3094 2766/4008/3094 2753/3992/3094
f 2765/4007/3387 2763/4005/3387 2762/3993/3387
f 2761/4017/3087 2763/3985/3087 2756/3984/3087
f 2758/4019/3096 2760/4003/3096 2765/3983/3096
f 2757/3982/3388 2756/3984/3388 2760/4003/3388
f 2755/4021/3093 2757/3982/3093 2744/3981/3093
f 2747/4023/3099 2746/3996/3099 2759/3980/3099
f 2761/4024/3093 2755/4021/3093 2743/4022/3093
f 2781/4026/3389 2768/4042/3389 2770/4027/3389
f 2787/4029/3101 2780/4062/3390 2784/4030/3102
f 2782/4032/3104 2771/4069/3391 2776/4033/3105
f 2774/4035/3107 2778/4046/3107 2772/4036/3107
f 2786/4038/3392 2790/4053/3392 2777/4039/3392
f 2774/4035/3119 2769/4037/3119 2767/4054/3119
f 2768/4042/3393 2769/4037/3393 2772/4036/3393
f 2772/4036/3121 2778/4046/3394 2776/4056/3122
f 2777/4039/3124 2778/4046/3124 2774/4035/3124
f 2786/4038/3125 2775/4040/3125 2773/4058/3125
f 2776/4060/3112 2777/4039/3114 2790/4053/3395
f 2789/4031/3396 2790/4053/3396 2786/4038/3396
f 2780/4062/3128 2787/4029/3128 2785/4063/3128
f 2789/4031/3129 2784/4030/3397 2782/4065/3130
f 2784/4050/3132 2780/4048/3398 2781/4026/3133
f 2768/4042/3135 2781/4026/3135 2779/4067/3135
f 2783/4028/3399 2770/4027/3399 2771/4069/3399
f 2767/4068/3137 2779/4067/3137 2785/4070/3137
f 2792/4072/3138 2794/4088/3138 2807/4073/3138
f 2804/4075/3139 2808/4095/3139 2813/4076/3139
f 2806/4078/3140 2795/4115/3140 2800/4079/3140
f 2798/4081/3141 2802/4092/3141 2796/4082/3141
f 2810/4084/3142 2814/4099/3142 2801/4085/3142
f 2798/4081/3143 2793/4083/3143 2791/4101/3143
f 2792/4072/3400 2793/4083/3400 2796/4082/3400
f 2796/4082/3150 2802/4092/3150 2800/4103/3150
f 2802/4092/3401 2798/4081/3401 2799/4086/3401
f 2810/4084/3152 2799/4086/3152 2797/4105/3152
f 2801/4085/3153 2814/4099/3153 2812/4107/3153
f 2813/4100/3402 2814/4099/3402 2810/4084/3402
f 2804/4075/3146 2811/4077/3146 2809/4109/3146
f 2813/4076/3155 2808/4095/3155 2806/4111/3155
f 2808/4095/3403 2804/4075/3403 2805/4074/3403
f 2792/4072/3152 2805/4074/3152 2803/4113/3152
f 2807/4073/3157 2794/4088/3157 2795/4115/3157
f 2791/4114/3152 2803/4113/3152 2809/4116/3152
f 2829/4118/3404 2831/4141/3404 2818/4119/3404
f 2837/4121/3159 2832/4356/3159 2828/4122/3159
f 2824/4124/3160 2819/4135/3160 2830/4125/3160
f 2820/4127/3161 2826/4138/3161 2822/4128/3161
f 2825/4130/3405 2838/4144/3405 2834/4131/3405
f 2815/4145/3169 2817/4357/3169 2822/4128/3170
f 2818/4119/3171 2820/4136/3171 2817/4134/3171
f 2824/4124/3172 2826/4138/3172 2820/4136/3172
f 2823/4132/3173 2822/4128/3173 2826/4138/3173
f 2833/4143/3174 2821/4137/3174 2823/4132/3174
f 2836/4126/3175 2838/4144/3175 2825/4130/3175
f 2837/4121/3159 2835/4123/3159 2834/4131/3159
f 2833/4143/3159 2835/4123/3159 2828/4146/3159
f 2830/4125/3177 2832/4142/3177 2837/4121/3177
f 2829/4118/3159 2828/4140/3159 2832/4142/3159
f 2827/4139/3179 2829/4118/3179 2816/4120/3179
f 2819/4135/3180 2818/4119/3180 2831/4141/3180
f 2833/4143/3181 2827/4147/3181 2815/4145/3181
f 2840/4148/3182 2842/4165/3182 2855/4149/3182
f 2852/4151/3183 2856/4358/3183 2861/4152/3183
f 2854/4154/3184 2843/4167/3184 2848/4155/3184
f 2846/4157/3406 2850/4359/3406 2844/4158/3406
f 2858/4160/3186 2862/4175/3186 2849/4161/3186
f 2846/4176/3195 2841/4360/3195 2839/4177/3195
f 2841/4178/3407 2844/4361/3407 2842/4165/3407
f 2844/4179/3408 2850/4362/3408 2848/4155/3408
f 2849/4161/3409 2850/4359/3409 2846/4157/3409
f 2857/4174/3199 2858/4160/3199 2847/4162/3199
f 2849/4161/3200 2862/4175/3200 2860/4156/3200
f 2862/4175/3201 2858/4160/3201 2859/4153/3201
f 2852/4180/3202 2859/4153/3202 2857/4174/3202
f 2861/4152/3203 2856/4173/3203 2854/4154/3203
f 2856/4173/3204 2852/4172/3204 2853/4150/3204
f 2840/4148/3205 2853/4150/3205 2851/4171/3205
f 2855/4149/3206 2842/4165/3206 2843/4167/3206
f 2839/4177/3207 2851/4181/3207 2857/4174/3207
f 2877/4182/3410 2864/4199/3410 2866/4183/3410
f 2876/4185/3209 2880/4363/3209 2885/4186/3209
f 2878/4188/3210 2867/4201/3210 2872/4189/3210
f 2870/4191/3211 2874/4203/3211 2868/4192/3211
f 2882/4194/3411 2886/4208/3411 2873/4195/3411
f 2870/4191/3219 2865/4364/3219 2863/4209/3219
f 2865/4198/3220 2868/4200/3220 2866/4183/3220
f 2868/4200/3221 2874/4203/3221 2872/4189/3221
f 2874/4203/3222 2870/4191/3412 2871/4196/3222
f 2881/4207/3223 2882/4194/3223 2871/4196/3223
f 2873/4195/3224 2886/4208/3224 2884/4190/3224
f 2885/4186/3413 2886/4208/3413 2882/4194/3413
f 2876/4210/3209 2883/4187/3209 2881/4207/3209
f 2885/4186/3225 2880/4206/3225 2878/4188/3225
f 2880/4206/3209 2876/4205/3209 2877/4182/3209
f 2864/4199/3227 2877/4182/3227 2875/4204/3227
f 2879/4184/3228 2866/4183/3228 2867/4201/3228
f 2863/4209/3229 2875/4211/3230 2881/4207/3230
f 3025/4212/3231 3033/4321/3231 3028/3814/3232
f 3026/3809/2926 3034/3808/2926 3027/4213/3234
f 2887/3801/2921 2891/3799/2921 2613/3762/2921
f 2893/3755/3414 2894/3745/3414 2629/3751/3414
f 2891/3799/2919 2892/3800/2919 2614/3763/2919
f 2889/3790/3237 2890/3759/3415 2623/3771/3237
f 2631/3777/2913 2887/3789/2913 2888/3788/2913
f 2610/4214/3416 2623/3771/3416 2890/3759/3416
f 2889/3753/2898 2893/3755/2898 2628/3776/2898
f 2606/4215/3417 2629/3751/3417 2894/3745/3417
f 2898/4216/3418 2900/4219/3418 2906/4217/3418
f 2900/4219/3094 2904/4240/3094 2907/4220/3094
f 2902/4222/3241 2898/4216/3241 2905/4224/3241
f 2909/4225/3093 2910/4242/3093 2901/4226/3093
f 2908/4223/3242 2905/4224/3242 2897/4228/3242
f 2911/4221/3243 2908/4223/3243 2901/4230/3243
f 2906/4217/3244 2907/4220/3244 2903/4232/3244
f 2912/4218/3245 2906/4217/3245 2899/4234/3245
f 2905/4224/3246 2912/4218/3246 2909/4236/3246
f 2907/4220/3247 2911/4221/3247 2910/4238/3247
f 2900/4219/3081 2898/4216/3081 2902/4222/3081
f 2899/4241/3093 2903/4365/3093 2910/4242/3093
f 2904/4240/3419 2902/4222/3419 2911/4221/3419
f 2922/4243/3420 2916/4247/3420 2914/4244/3420
f 2923/4246/3153 2920/4267/3153 2916/4247/3153
f 2921/4251/3252 2914/4244/3252 2918/4250/3252
f 2925/4252/3152 2913/4366/3152 2917/4253/3152
f 2913/4255/3253 2921/4251/3253 2924/4249/3253
f 2917/4257/3254 2924/4249/3254 2927/4248/3254
f 2919/4259/3255 2923/4246/3255 2922/4243/3255
f 2915/4261/3256 2922/4243/3256 2928/4245/3256
f 2925/4263/3257 2928/4245/3257 2921/4251/3257
f 2926/4265/3258 2927/4248/3258 2923/4246/3258
f 2918/4250/3140 2914/4244/3140 2916/4247/3140
f 2915/4268/3152 2925/4252/3152 2926/4254/3152
f 2927/4248/3421 2918/4250/3421 2920/4267/3421
f 2930/4270/3261 2932/4271/3261 2931/4271/3261
f 2932/4271/3262 2936/4272/3262 2935/4272/3262
f 2934/4273/3263 2930/4270/3263 2929/4270/3263
f 2935/4272/3264 2933/4273/3264 2929/4270/3264
f 2936/4272/3265 2932/4271/3265 2930/4270/3265
f 2936/4272/3266 2940/4274/3266 2939/4274/3266
f 2933/4273/3267 2937/4275/3267 2938/4275/3267
f 2935/4272/3264 2939/4274/3264 2937/4275/3264
f 2949/4276/3268 2950/4276/3268 2952/4277/3268
f 2941/4278/3269 2945/4279/3269 2946/4279/3269
f 2940/4274/3270 2938/4275/3270 2937/4275/3270
f 2944/4280/3266 2943/4280/3266 2941/4278/3266
f 2945/4279/3267 2947/4281/3267 2948/4281/3267
f 2944/4280/3271 2948/4281/3270 2947/4281/3271
f 2944/4280/3265 2942/4278/3265 2946/4279/3265
f 2943/4280/3264 2947/4281/3264 2945/4279/3264
f 2950/4276/3265 2954/4283/3265 2956/4282/3265
f 2956/4282/3271 2954/4283/3270 2953/4283/3271
f 2952/4277/3266 2956/4282/3266 2955/4282/3266
f 2949/4276/3267 2953/4283/3267 2954/4283/3267
f 2951/4277/3264 2955/4282/3264 2953/4283/3264
f 2957/4284/3261 2958/4284/3261 2960/4285/3261
f 2958/4284/3265 2962/4287/3265 2964/4286/3265
f 2964/4286/3271 2962/4287/3271 2961/4287/3271
f 2960/4285/3266 2964/4286/3266 2963/4286/3266
f 2957/4284/3267 2961/4287/3267 2962/4287/3267
f 2959/4285/3264 2963/4286/3264 2961/4287/3264
f 2965/4288/3268 2966/4288/3422 2968/4289/3268
f 2966/4288/3265 2970/4291/3265 2972/4290/3265
f 2972/4290/3270 2970/4291/3270 2969/4291/3270
f 2968/4289/3266 2972/4290/3266 2971/4290/3266
f 2965/4288/3267 2969/4291/3267 2970/4291/3267
f 2967/4289/3264 2971/4290/3264 2969/4291/3264
f 2975/4292/3272 2976/4292/3272 2974/4293/3272
f 2979/4294/3273 2980/4294/3273 2976/4292/3273
f 2934/4273/3265 2938/4275/3265 2940/4274/3265
f 2973/4293/3274 2974/4293/3274 2978/4295/3274
f 2973/4293/3275 2977/4295/3275 2979/4294/3275
f 2980/4294/3276 2978/4295/3276 2974/4293/3276
f 2983/4296/3277 2984/4296/3277 2980/4294/3277
f 2982/4297/3278 2981/4297/3278 2977/4295/3278
f 2981/4297/3275 2983/4296/3275 2979/4294/3275
f 2996/4298/3272 2994/4299/3272 2993/4299/3272
f 2990/4300/3279 2989/4300/3279 2985/4301/3279
f 2981/4297/3281 2982/4297/3281 2984/4296/3281
f 2985/4301/3277 2987/4302/3277 2988/4302/3277
f 2992/4303/3278 2991/4303/3278 2989/4300/3278
f 2991/4303/3281 2992/4303/3281 2988/4302/3281
f 2988/4302/3276 2992/4303/3276 2990/4300/3276
f 2989/4300/3275 2991/4303/3275 2987/4302/3275
f 3000/4304/3276 2998/4305/3276 2994/4299/3276
f 2997/4305/3281 2998/4305/3281 3000/4304/3281
f 2999/4304/3277 3000/4304/3277 2996/4298/3277
f 2998/4305/3278 2997/4305/3278 2993/4299/3278
f 2997/4305/3275 2999/4304/3275 2995/4298/3275
f 3004/4306/3272 3002/4307/3272 3001/4307/3272
f 3008/4308/3276 3006/4309/3276 3002/4307/3276
f 3005/4309/3281 3006/4309/3281 3008/4308/3281
f 3007/4308/3277 3008/4308/3277 3004/4306/3277
f 3006/4309/3278 3005/4309/3278 3001/4307/3278
f 3005/4309/3275 3007/4308/3275 3003/4306/3275
f 3012/4310/3272 3010/4311/3272 3009/4311/3272
f 3016/4312/3276 3014/4313/3276 3010/4311/3276
f 3013/4313/3281 3014/4313/3281 3016/4312/3281
f 3015/4312/3277 3016/4312/3277 3012/4310/3277
f 3014/4313/3278 3013/4313/3278 3009/4311/3278
f 3013/4313/3275 3015/4312/3275 3011/4310/3275
f 2984/4296/3276 2982/4297/3276 2978/4295/3276
f 3022/3787/3282 3026/3809/3282 2888/3788/3282
f 2627/3775/3283 3024/3798/3283 3025/4212/3283
f 3025/4212/3283 3018/3813/3283 2614/3763/3283
f 3023/4314/3284 3020/3797/3284 2626/4315/3284
f 3021/4317/3285 3019/4367/3285 2620/4318/3285
f 2888/3788/3282 3026/3809/3282 3017/3792/3282
f 3018/3813/3423 3021/4317/3423 2615/4319/3423
f 3024/3798/3288 3030/3807/3424 3033/4321/3231
f 3021/4322/3289 3028/3814/3289 3029/4323/3289
f 3034/4325/3290 3029/4323/3425 3028/3814/3291
f 3033/4321/3290 3030/3807/3426 3027/3811/3292
f 2605/4326/3293 3031/4334/3427 3032/4327/3294
f 2895/3761/3297 3037/4336/3305 3035/4330/3298
f 2896/3747/3300 2612/3746/3428 3036/4331/3301
f 2895/3761/3297 2607/3760/3429 3032/4335/3304
f 2896/3747/3300 3038/4332/3302 3031/4334/3306
f 2611/4337/3308 2609/4368/3430 3035/4338/3309
f 3035/4338/3313 3037/4341/3317 3038/4332/3314
f 3032/4327/3316 3031/4334/3431 3038/4332/3314
o Android.007
v 0.194065 1.069202 0.299041
v 0.154518 1.128691 0.413046
v 0.052226 1.070414 0.136930
v 0.138671 1.042375 0.162250
v -0.252213 1.255018 0.278839
v -0.202698 1.209094 0.212966
v -0.196819 1.281845 0.415630
v -0.083412 1.258125 0.484013
v -0.287884 0.898638 0.442726
v -0.215379 0.997932 0.518777
v -0.329882 1.018487 0.426221
v -0.001822 1.450502 0.446141
v -0.017419 1.589586 0.337456
v -0.108816 1.499792 0.392078
v -0.305009 0.872434 0.296028
v -0.347007 0.992283 0.279524
v -0.277744 0.955895 0.226812
v -0.083753 1.571187 0.148614
v -0.165831 1.449080 0.096143
v -0.221400 1.495821 0.219136
v 0.002630 0.791479 0.427953
v 0.119947 0.852564 0.403346
v 0.028278 0.908057 0.506387
v 0.322480 1.404679 0.236074
v 0.253102 1.311822 0.370105
v 0.316058 1.268658 0.265351
v -0.014495 0.765276 0.281255
v 0.022142 0.845280 0.211562
v 0.102822 0.826360 0.256649
v 0.256146 1.386280 0.047233
v 0.288448 1.218461 0.067064
v 0.174068 1.264173 -0.005239
v 0.418469 2.019848 -0.132442
v 0.428065 1.907575 -0.198529
v 0.411856 1.780338 -0.223287
v 0.361265 1.672248 -0.176152
v 0.304403 1.572524 -0.113807
v 0.238882 1.511089 -0.018951
v 0.174676 1.497296 0.093975
v 0.483814 2.018704 -0.059335
v 0.548806 1.905460 -0.063445
v 0.569612 1.777575 -0.046790
v 0.523528 1.665146 -0.006079
v 0.453669 1.565650 0.041724
v 0.351133 1.504863 0.095167
v 0.231531 1.492040 0.146116
v 0.485383 2.052253 0.032794
v 0.551705 1.967453 0.106788
v 0.596214 1.846161 0.168825
v 0.541953 1.736293 0.206896
v 0.471781 1.630123 0.236373
v 0.368356 1.550332 0.237630
v 0.224610 1.521478 0.217279
v 0.422257 2.100845 0.089978
v 0.435064 2.057237 0.212449
v 0.421001 1.975881 0.313683
v 0.373719 1.865051 0.357302
v 0.316104 1.749216 0.375404
v 0.248437 1.641900 0.344269
v 0.181020 1.559441 0.268636
v 0.331415 2.136013 0.078718
v 0.267210 2.122219 0.191644
v 0.178874 2.073196 0.293305
v 0.133058 1.958733 0.328857
v 0.093513 1.835903 0.349199
v 0.077304 1.708666 0.324442
v 0.109714 1.583982 0.251549
v 0.266071 2.137157 0.005611
v 0.146468 2.124334 0.056560
v 0.043932 2.063547 0.110004
v -0.006391 1.953424 0.151979
v -0.032938 1.830366 0.186863
v -0.012132 1.702481 0.203518
v 0.052859 1.589238 0.199408
v 0.264501 2.103607 -0.086518
v 0.143569 2.062342 -0.113673
v 0.040145 1.982551 -0.112417
v -0.002001 1.869866 -0.067801
v -0.028236 1.753482 -0.014591
v -0.006541 1.644601 0.054251
v 0.059781 1.559800 0.128244
v 0.132607 1.518505 0.180986
v 0.384530 2.100065 -0.035086
v 0.327627 2.055016 -0.143702
v 0.260210 1.972557 -0.219335
v 0.192543 1.865242 -0.250470
v 0.143419 1.753519 -0.211402
v 0.104627 1.646800 -0.146817
v 0.090564 1.565444 -0.045583
v 0.103370 1.521837 0.076888
v 0.353033 1.238312 0.237655
v 0.398251 1.282503 0.205990
v 0.338079 1.307307 0.233633
v 0.391666 1.349221 0.131792
v 0.339865 1.371749 0.089259
v 0.329163 1.381152 0.166051
v 0.256015 1.216651 0.226786
v 0.241061 1.285645 0.222765
v 0.204213 1.239179 0.184253
v 0.242846 1.350087 0.078390
v 0.197629 1.305897 0.110055
v 0.229812 1.366617 0.161798
v 0.414319 1.028552 0.016647
v 0.421015 1.026731 -0.039495
v 0.450493 1.063904 -0.008685
v 0.403784 1.135301 -0.102070
v 0.445225 1.117278 -0.068044
v 0.415747 1.080106 -0.098853
v 0.336704 1.011223 0.007952
v 0.295263 1.029245 -0.026075
v 0.343400 1.009402 -0.048190
v 0.326169 1.117972 -0.110765
v 0.338132 1.062776 -0.107548
v 0.289995 1.082620 -0.085433
v 0.032167 0.528301 0.708669
v 0.046930 0.597201 0.714565
v -0.017301 0.576484 0.693465
v -0.021379 0.921719 0.485387
v -0.041524 0.931771 0.418357
v -0.082918 0.861526 0.494856
v -0.002740 0.469452 0.635743
v -0.052208 0.517635 0.620539
v -0.022884 0.479503 0.568712
v -0.083056 0.886702 0.342326
v -0.088501 0.764545 0.370102
v -0.117825 0.802677 0.421929
v 0.125722 0.510885 0.677942
v 0.169809 0.541654 0.632010
v 0.140485 0.579786 0.683837
v 0.096117 0.945124 0.341697
v 0.086938 0.973205 0.460555
v 0.145131 0.895602 0.358187
v 0.090815 0.452037 0.605015
v 0.070671 0.462088 0.537984
v 0.134901 0.482805 0.559083
v 0.043757 0.856851 0.232308
v 0.093226 0.808667 0.247511
v -0.017783 0.796657 0.241776
v -0.024661 0.138856 0.525187
v -0.015700 0.124497 0.561429
v -0.069163 0.104045 0.522398
v 0.033050 0.496799 0.729996
v 0.029323 0.561316 0.701295
v -0.026304 0.517801 0.697808
v -0.038103 0.160396 0.470824
v -0.082605 0.125584 0.468034
v -0.047064 0.174755 0.434581
v 0.006921 0.597214 0.610689
v -0.011755 0.568597 0.548784
v -0.048706 0.553700 0.607203
v 0.033122 0.135193 0.509448
v 0.065664 0.095497 0.485674
v 0.042083 0.120833 0.545691
v 0.125628 0.555210 0.675064
v 0.129355 0.490693 0.703765
v 0.166306 0.505589 0.645346
v 0.019680 0.156732 0.455085
v 0.010719 0.171091 0.418843
v 0.052222 0.117036 0.431311
v 0.103226 0.591108 0.584458
v 0.143904 0.541488 0.554741
v 0.084550 0.562491 0.522553
v -0.519605 0.674349 0.656669
v -0.478427 0.728424 0.676168
v -0.450360 0.672993 0.642410
v -0.186277 0.940489 0.496788
v -0.163768 0.947391 0.430112
v -0.190054 0.854568 0.486619
v -0.538275 0.627176 0.570494
v -0.469030 0.625820 0.556235
v -0.515766 0.634079 0.503818
v -0.180966 0.921287 0.351166
v -0.255460 0.815654 0.348027
v -0.208724 0.807395 0.400443
v -0.594407 0.738040 0.638011
v -0.599965 0.800374 0.605093
v -0.553229 0.792115 0.657510
v -0.244128 1.073415 0.378535
v -0.219901 1.058254 0.497628
v -0.314097 1.073294 0.393743
v -0.613077 0.690867 0.551836
v -0.590569 0.697769 0.485159
v -0.618635 0.753201 0.518918
v -0.272133 1.002656 0.249273
v -0.341378 1.004013 0.263532
v -0.275910 0.916736 0.239103
v -0.559858 0.575318 0.193012
v -0.584676 0.545324 0.202200
v -0.531570 0.541156 0.157901
v -0.557504 0.607207 0.608196
v -0.522802 0.656497 0.645159
v -0.487442 0.613794 0.601271
v -0.522631 0.620309 0.179229
v -0.494343 0.586147 0.144119
v -0.497812 0.650303 0.170041
v -0.460757 0.731481 0.622188
v -0.433413 0.757176 0.562254
v -0.425397 0.688778 0.578300
v -0.606705 0.612404 0.187538
v -0.640880 0.627691 0.145131
v -0.631523 0.582411 0.196727
v -0.600880 0.718307 0.636037
v -0.635582 0.669018 0.599074
v -0.643599 0.737415 0.583027
v -0.569478 0.657395 0.173756
v -0.544659 0.687389 0.164567
v -0.603652 0.672681 0.131348
v -0.538835 0.793292 0.613066
v -0.581553 0.812400 0.560056
v -0.511492 0.818987 0.553132
v 0.395879 1.046365 0.034301
v 0.413613 1.099531 0.026623
v 0.358920 1.086717 0.019954
v 0.408346 1.152905 -0.032736
v 0.385344 1.153115 -0.084416
v 0.353653 1.140091 -0.039405
v 0.355143 0.993409 -0.009702
v 0.318185 1.033760 -0.024049
v 0.332142 0.993619 -0.061383
v 0.344609 1.100158 -0.128419
v 0.326874 1.046993 -0.120741
v 0.312917 1.087135 -0.083407
v 0.655490 0.947194 -0.104866
v 0.653515 0.967210 -0.127125
v 0.668791 0.987068 -0.110624
v 0.673333 1.017008 -0.205403
v 0.690584 1.016851 -0.166642
v 0.649564 1.007241 -0.171644
v 0.624938 0.907477 -0.137868
v 0.607687 0.907634 -0.176629
v 0.622963 0.927492 -0.160127
v 0.642781 0.977291 -0.238405
v 0.619012 0.967523 -0.204646
v 0.629480 0.937417 -0.232647
v -0.068996 1.435429 0.317314
v -0.023495 1.488199 0.305275
v -0.068901 1.468459 0.254792
v -0.031786 1.583315 0.275539
v -0.085578 1.625661 0.257843
v -0.076344 1.560669 0.215525
v -0.168290 1.425005 0.311656
v -0.168195 1.458035 0.249134
v -0.222083 1.467351 0.293960
v -0.184872 1.615237 0.252185
v -0.230374 1.562467 0.264224
v -0.174790 1.547339 0.200337
v -0.106874 1.543486 0.606259
v -0.113583 1.593155 0.632488
v -0.070473 1.585702 0.596627
v -0.120140 1.695671 0.558681
v -0.077106 1.661795 0.572839
v -0.120216 1.669248 0.608699
v -0.186310 1.535147 0.601732
v -0.229344 1.569023 0.587575
v -0.193019 1.584816 0.627962
v -0.199575 1.687332 0.554155
v -0.199651 1.660908 0.604173
v -0.235977 1.645116 0.563787
v -0.127404 1.530378 0.570055
v -0.111532 1.559487 0.524221
v -0.165661 1.559905 0.540651
v -0.118165 1.635579 0.500432
v -0.140670 1.682564 0.522478
v -0.172294 1.635998 0.516863
v -0.165780 1.548254 0.637936
v -0.204037 1.577781 0.608531
v -0.188284 1.595238 0.659981
v -0.179046 1.700440 0.590359
v -0.194917 1.671331 0.636193
v -0.210670 1.653873 0.584743
v 0.136928 1.617663 0.708294
v 0.134441 1.646198 0.699373
v 0.148832 1.639494 0.673918
v 0.153184 1.738192 0.685744
v 0.170062 1.702954 0.669209
v 0.129466 1.703267 0.681532
v 0.108146 1.631070 0.759204
v 0.091268 1.666308 0.775739
v 0.105659 1.659605 0.750283
v 0.124402 1.751599 0.736654
v 0.100684 1.716674 0.732442
v 0.112498 1.729767 0.771030
v -0.155066 0.817127 0.288404
v -0.127801 0.900587 0.219187
v 0.078672 1.461363 0.104377
v -0.003406 1.339256 0.051906
v -0.137941 0.843330 0.435101
v -0.093551 0.952994 0.512582
v 0.152531 1.497132 0.286765
v 0.125501 1.367369 0.432816
v -0.075236 1.139754 0.174948
v 0.035553 1.193408 0.448529
v 0.003696 -0.070509 0.678033
v -0.026160 0.094423 0.530026
v -0.074713 0.055137 0.360913
v -0.048563 0.130322 0.439421
v 0.061479 -0.074172 0.662295
v 0.031623 0.090759 0.514288
v -0.016930 0.051473 0.345175
v 0.009220 0.126658 0.423682
v 0.011171 -0.023942 0.694635
v -0.067239 0.101704 0.377516
v -0.009456 0.098040 0.361777
v 0.068953 -0.027605 0.678897
v -0.076490 -0.030946 0.603166
v 0.085658 -0.023988 0.510647
v 0.093132 0.022579 0.527250
v -0.069015 0.015621 0.619768
v -0.706659 0.377319 0.107891
v -0.575210 0.550883 0.158847
v -0.489501 0.639765 0.027493
v -0.513165 0.625868 0.135876
v -0.753506 0.414405 0.102418
v -0.622057 0.587969 0.153373
v -0.536348 0.676851 0.022019
v -0.560012 0.662954 0.130403
v -0.702980 0.389116 0.156340
v -0.485821 0.651562 0.075941
v -0.532669 0.688649 0.070468
v -0.749827 0.426203 0.150867
v -0.597767 0.415217 0.090393
v -0.707285 0.563968 0.062488
v -0.703606 0.575766 0.110937
v -0.594088 0.427015 0.138842
v 0.669519 0.950520 -0.147384
v 0.685347 0.974477 -0.156078
v 0.643944 0.947746 -0.201590
v 0.659771 0.971702 -0.210284
v 0.704352 0.933903 -0.129761
v 0.720179 0.957860 -0.138455
v 0.657464 0.928816 -0.229138
v 0.673291 0.952773 -0.237832
v 0.763138 0.885891 -0.155040
v 0.778965 0.909847 -0.163734
v 0.716250 0.880804 -0.254417
v 0.732077 0.904760 -0.263110
v 0.723311 0.922362 -0.127047
v 0.739138 0.946319 -0.135741
v 0.745356 0.904358 -0.136526
v 0.761183 0.928314 -0.145220
v 0.751972 0.918673 -0.085036
v 0.767799 0.942629 -0.093729
v 0.766668 0.906670 -0.091355
v 0.782495 0.930626 -0.100049
v 0.736386 0.876190 -0.230474
v 0.752213 0.900146 -0.239168
v 0.723598 0.874802 -0.257576
v 0.739425 0.898759 -0.266270
v 0.809868 0.816175 -0.262072
v 0.825696 0.840131 -0.270766
v 0.797081 0.814787 -0.289175
v 0.812908 0.838744 -0.297869
v 0.753436 0.878040 -0.194337
v 0.769263 0.901996 -0.203031
v 0.740648 0.876652 -0.221439
v 0.756476 0.900609 -0.230133
v 0.826918 0.818024 -0.225936
v 0.842746 0.841981 -0.234630
v 0.814131 0.816637 -0.253038
v 0.829958 0.840594 -0.261732
v 0.770486 0.879889 -0.158200
v 0.786314 0.903846 -0.166894
v 0.757699 0.878502 -0.185303
v 0.773526 0.902458 -0.193997
v 0.843969 0.819874 -0.189799
v 0.859796 0.843831 -0.198493
v 0.831181 0.818487 -0.216901
v 0.847008 0.842443 -0.225595
v 0.166755 1.678720 0.709326
v 0.148596 1.697568 0.694663
v 0.132885 1.684366 0.758529
v 0.114726 1.703214 0.743866
v 0.200526 1.699066 0.693655
v 0.182367 1.717914 0.678992
v 0.138432 1.709417 0.783861
v 0.120273 1.728265 0.769199
v 0.245423 1.760849 0.717470
v 0.227263 1.779697 0.702808
v 0.183328 1.771199 0.807677
v 0.165169 1.790047 0.793014
v 0.217395 1.713571 0.691408
v 0.199236 1.732419 0.676746
v 0.234231 1.736739 0.700339
v 0.216072 1.755587 0.685676
v 0.251232 1.716589 0.653382
v 0.233073 1.735437 0.638720
v 0.262456 1.732034 0.659336
v 0.244297 1.750882 0.644673
v 0.205875 1.776099 0.786052
v 0.187716 1.794947 0.771390
v 0.188941 1.778922 0.810654
v 0.170781 1.797770 0.795991
v 0.261996 1.853328 0.815822
v 0.243837 1.872176 0.801159
v 0.245061 1.856150 0.840423
v 0.226902 1.874998 0.825761
v 0.228455 1.772335 0.753250
v 0.210296 1.791183 0.738587
v 0.211520 1.775158 0.777852
v 0.193361 1.794006 0.763189
v 0.284576 1.849563 0.783019
v 0.266417 1.868412 0.768357
v 0.267641 1.852386 0.807621
v 0.249482 1.871234 0.792958
v 0.251035 1.768572 0.720448
v 0.232875 1.787420 0.705785
v 0.234100 1.771394 0.745049
v 0.215941 1.790242 0.730387
v 0.307156 1.845800 0.750217
v 0.288996 1.864648 0.735554
v 0.290221 1.848623 0.774819
v 0.272062 1.867471 0.760156
v 0.085834 1.082681 0.161722
v -0.142316 1.231876 0.468460
v -0.255201 1.219315 0.228254
v 0.193010 1.086508 0.353029
v -0.238076 1.245518 0.374951
v -0.176567 1.179469 0.175065
v 0.175885 1.060305 0.206332
v 0.120084 1.135088 0.455117
v -0.011116 1.183482 0.461788
v -0.045367 1.131075 0.168394
v 0.111326 1.146732 0.198431
v -0.128241 1.278459 0.407371
v -0.151074 1.243521 0.211774
v 0.134160 1.181670 0.394027
v 0.110465 1.081874 0.396566
v 0.059381 1.046951 0.209226
v 0.003955 1.229999 0.400279
v -0.020396 1.195040 0.205082
v -0.189744 1.161450 0.253830
v -0.137793 1.197530 0.443213
v -0.064214 1.104101 0.231049
v -0.015784 1.139464 0.420036
vn 0.2614 -0.0481 0.9640
vn 0.7104 -0.6870 -0.1530
vn 0.7326 -0.3494 0.5842
vn 0.3762 0.8685 -0.3227
vn -0.9211 0.2006 0.3337
vn -0.4383 -0.3522 -0.8270
vn -0.6370 -0.1183 0.7617
vn -0.1208 0.6028 0.7887
vn -0.6751 -0.3276 -0.6610
vn -0.5990 0.6203 -0.5064
vn 0.4408 -0.5658 0.6968
vn 0.8670 0.0654 0.4941
vn 0.2190 -0.6960 -0.6839
vn 0.5352 0.0032 -0.8447
vn -0.9378 -0.3060 0.1641
vn -0.4302 0.3465 0.8336
vn -0.5482 0.7644 0.3393
vn -0.5417 0.0509 -0.8390
vn -0.2496 -0.5686 -0.7839
vn -0.0970 0.4473 -0.8891
vn 0.3679 -0.2845 -0.8853
vn 0.4760 -0.8737 0.1005
vn 0.9300 0.1388 -0.3402
vn 0.7628 -0.1674 0.6246
vn -0.1524 -0.5284 0.8352
vn 0.4683 0.6157 0.6337
vn -0.3297 -0.9220 0.2032
vn 0.2351 -0.6093 -0.7572
vn -0.9093 0.0132 -0.4159
vn 0.8357 0.3266 0.4416
vn 0.1239 0.4562 -0.8812
vn 0.1235 0.4569 -0.8809
vn 0.7942 0.5754 -0.1955
vn -0.3812 0.7754 0.5034
vn -0.2544 0.5551 -0.7919
vn -0.3386 -0.9387 0.0651
vn -0.1711 -0.7688 -0.6161
vn 0.0253 -0.3399 -0.9401
vn 0.2955 0.5033 -0.8121
vn -0.2579 -0.9305 -0.2603
vn -0.0478 -0.5090 -0.8595
vn -0.0484 -0.5049 -0.8618
vn -0.0476 -0.5098 -0.8590
vn 0.1840 0.1651 -0.9690
vn 0.3644 0.7771 -0.5132
vn 0.0128 -0.9934 -0.1141
vn 0.5409 -0.6419 -0.5435
vn 0.5373 -0.6450 -0.5434
vn 0.5365 -0.6456 -0.5434
vn 0.7454 0.0346 -0.6657
vn 0.5033 0.7448 -0.4382
vn -0.2119 -0.9681 0.1335
vn 0.3121 -0.8812 -0.3551
vn 0.6249 -0.4793 -0.6162
vn 0.6821 0.4134 -0.6032
vn 0.8420 -0.5295 0.1032
vn 0.8373 -0.5374 0.1011
vn 0.8364 -0.5389 0.1007
vn 0.9768 0.1375 -0.1643
vn 0.5628 0.7736 -0.2913
vn -0.1162 -0.9217 0.3700
vn 0.5710 -0.7995 0.1862
vn 0.9297 -0.3659 0.0418
vn 0.8477 0.4936 -0.1942
vn 0.1279 -0.9120 0.3897
vn -0.1661 -0.8551 0.4911
vn 0.3645 -0.4637 0.8076
vn 0.3665 -0.4628 0.8071
vn 0.3640 -0.4639 0.8077
vn 0.6694 0.0068 0.7429
vn 0.6954 0.6969 0.1754
vn 0.1475 -0.7314 0.6658
vn 0.5834 -0.1657 0.7951
vn 0.5839 -0.1654 0.7948
vn 0.5833 -0.1658 0.7952
vn 0.7408 0.5008 0.4476
vn 0.5081 0.8466 -0.1585
vn 0.0280 0.3557 0.9342
vn 0.3142 0.9043 0.2891
vn -0.3533 -0.4589 0.8152
vn -0.0469 0.1778 0.9829
vn -0.0469 0.1771 0.9831
vn -0.0468 0.1769 0.9831
vn 0.2572 0.7639 0.5919
vn 0.3712 0.9211 -0.1177
vn -0.3865 -0.7352 0.5568
vn -0.1787 -0.1662 0.9698
vn -0.1783 -0.1684 0.9695
vn -0.1782 -0.1689 0.9694
vn -0.6054 -0.5131 0.6084
vn -0.7505 0.3264 0.5747
vn -0.7455 0.3341 0.5767
vn -0.7514 0.3249 0.5743
vn -0.3965 0.8846 0.2454
vn 0.2323 0.9534 -0.1927
vn -0.5132 -0.7058 0.4884
vn -0.8016 -0.0528 0.5956
vn -0.6824 0.5111 0.5227
vn -0.0724 0.9941 0.0803
vn -0.5907 0.7614 -0.2672
vn 0.1728 0.9245 -0.3396
vn -0.6089 -0.7522 0.2519
vn -0.9839 -0.1762 0.0315
vn -0.9195 0.3609 -0.1556
vn -0.2380 0.9139 -0.3288
vn -0.8352 -0.5321 0.1389
vn -0.9794 0.1801 -0.0911
vn -0.9786 0.1847 -0.0902
vn -0.9796 0.1791 -0.0912
vn -0.5590 -0.8188 0.1308
vn -0.7934 -0.4303 -0.4305
vn -0.6832 0.0456 -0.7288
vn -0.0857 0.7106 -0.6984
vn -0.7286 -0.6744 -0.1199
vn -0.7464 -0.1252 -0.6537
vn -0.7488 -0.1276 -0.6503
vn -0.7494 -0.1281 -0.6496
vn -0.3694 0.4662 -0.8039
vn 0.2275 0.8515 -0.4724
vn 0.9832 0.1703 0.0659
vn 0.2332 -0.7127 -0.6616
vn -0.0507 0.6199 -0.7830
vn -0.2255 0.6428 0.7321
vn -0.9532 -0.2621 -0.1511
vn 0.4635 0.1513 0.8731
vn 0.4325 0.9002 -0.0500
vn -0.6568 -0.0988 0.7476
vn -0.7591 0.6057 -0.2387
vn 0.7328 -0.6716 0.1092
vn 0.6568 0.0988 -0.7476
vn -0.3875 -0.9217 -0.0163
vn -0.4635 -0.1513 -0.8731
vn -0.1184 0.0322 0.9924
vn 0.5211 0.6571 0.5446
vn -0.1999 0.9688 -0.1465
vn -0.9113 0.1594 0.3798
vn -0.6221 -0.6721 0.4016
vn -0.7150 0.2692 -0.6453
vn -0.5211 -0.6571 -0.5446
vn 0.2115 -0.9757 0.0569
vn 0.1184 -0.0322 -0.9924
vn 0.8510 -0.3508 -0.3909
vn 0.7468 -0.3665 0.5549
vn 0.6539 0.5748 -0.4919
vn 0.0807 -0.7117 0.6978
vn 0.3491 0.5885 0.7293
vn 0.9358 -0.1728 -0.3074
vn 0.9367 -0.1717 -0.3052
vn 0.9355 -0.1731 -0.3081
vn -0.2796 0.8526 -0.4415
vn -0.2748 0.8377 -0.4720
vn -0.2654 0.8084 -0.5253
vn -0.9185 0.0607 0.3906
vn -0.3491 -0.5885 -0.7293
vn -0.3075 -0.0155 0.9514
vn -0.6433 0.7048 0.2990
vn -0.7106 -0.6951 0.1093
vn -0.8733 -0.0707 -0.4821
vn -0.8774 -0.0689 -0.4749
vn -0.8880 -0.0640 -0.4554
vn 0.7728 -0.2166 0.5966
vn 0.7241 0.6817 -0.1051
vn 0.3697 -0.8961 -0.2455
vn 0.0749 -0.2293 -0.9705
vn -0.6235 -0.4351 0.6496
vn -0.4072 0.4572 0.7907
vn -0.8515 0.5172 0.0861
vn -0.8604 0.5027 0.0838
vn -0.8079 0.5814 0.0967
vn -0.8984 -0.3708 -0.2354
vn -0.2088 -0.9744 -0.0834
vn -0.8655 -0.0741 -0.4955
vn 0.1087 -0.6427 -0.7584
vn 0.6996 -0.6814 0.2150
vn 0.6381 0.4281 -0.6399
vn 0.6293 0.4324 -0.6458
vn 0.6235 0.4351 -0.6496
vn 0.9085 0.2934 0.2975
vn 0.9095 0.2919 0.2961
vn 0.9096 0.2917 0.2959
vn 0.2849 -0.1422 0.9480
vn -0.2255 0.9441 -0.2405
vn 0.0538 -0.7895 0.6114
vn 0.2125 -0.4260 0.8794
vn 0.9510 -0.1229 -0.2838
vn 0.1495 0.9313 0.3320
vn -0.9709 -0.0010 0.2396
vn -0.2343 0.2901 -0.9279
vn 0.5753 -0.7017 -0.4203
vn -0.3404 0.3657 0.8663
vn -0.5991 0.7802 -0.1800
vn -0.7867 -0.6154 -0.0493
vn 0.7717 0.2952 0.5634
vn 0.5130 0.7097 -0.4829
vn -0.4859 -0.2980 0.8217
vn -0.5753 0.7017 0.4203
vn -0.8491 0.2159 -0.4820
vn -0.1495 -0.9313 -0.3320
vn -0.0527 0.9124 -0.4059
vn 0.5078 0.1299 -0.8516
vn 0.7867 0.6154 0.0493
vn 0.8234 -0.3759 0.4250
vn 0.2641 0.4047 0.8755
vn 0.3658 0.0978 0.9255
vn -0.7472 0.6379 -0.1865
vn -0.7471 0.6388 -0.1840
vn -0.7470 0.6390 -0.1835
vn 0.8299 0.4122 -0.3759
vn 0.8378 0.4122 -0.3579
vn 0.8175 0.4118 -0.4026
vn 0.6504 -0.7167 0.2514
vn -0.1867 -0.4717 -0.8618
vn 0.1720 -0.4474 0.8776
vn 0.9470 -0.0785 0.3116
vn -0.0436 -0.9921 -0.1174
vn 0.6700 -0.4550 -0.5866
vn 0.6385 -0.4314 -0.6373
vn 0.6606 -0.4480 -0.6024
vn -0.6918 0.2880 0.6622
vn 0.0246 0.9923 0.1213
vn -0.9074 -0.2567 -0.3329
vn -0.1978 0.1238 -0.9724
vn 0.0786 -0.8815 0.4655
vn 0.5816 -0.1208 0.8045
vn 0.9550 -0.2863 -0.0769
vn 0.9515 -0.2964 -0.0821
vn 0.9405 -0.3255 -0.0972
vn 0.3309 -0.8412 -0.4276
vn -0.5824 -0.7647 -0.2758
vn 0.7614 0.0431 -0.6468
vn -0.7088 0.0687 -0.7021
vn -0.9793 0.0192 0.2017
vn -0.0845 0.8831 -0.4615
vn -0.0937 0.8855 -0.4551
vn -0.0786 0.8815 -0.4655
vn -0.3984 0.7845 0.4752
vn -0.3967 0.7845 0.4766
vn -0.3986 0.7846 0.4750
vn -0.3183 -0.0976 0.9429
vn 0.8579 0.5018 -0.1106
vn -0.6369 -0.6098 0.4718
vn -0.6242 -0.7651 0.1584
vn -0.7839 0.6010 -0.1555
vn 0.0736 0.2360 0.9690
vn 0.7742 -0.6324 0.0266
vn 0.6134 0.7306 -0.2998
vn -0.6041 0.2702 -0.7497
vn 0.1351 -0.6536 0.7447
vn 0.8515 0.2123 0.4795
vn 0.5001 -0.6039 -0.6207
vn -0.7665 0.0602 0.6394
vn -0.0501 0.9260 0.3741
vn 0.1066 -0.9840 0.1428
vn 0.6041 -0.2702 0.7497
vn 0.9808 0.0725 -0.1808
vn -0.0736 -0.2360 -0.9690
vn 0.4908 0.6971 0.5227
vn -0.0644 0.9498 -0.3062
vn -0.5001 0.6039 0.6207
vn -0.9935 -0.1131 0.0143
vn -0.3867 -0.3634 0.8476
vn 0.5634 0.6386 0.5242
vn 0.8581 -0.3416 -0.3833
vn -0.0153 0.6460 -0.7632
vn -0.8581 0.3416 0.3833
vn -0.4529 -0.6826 -0.5736
vn -0.1634 0.1942 0.9672
vn -0.2395 0.9646 0.1105
vn -0.7514 -0.5702 0.3321
vn -0.8274 0.2002 -0.5246
vn 0.2395 -0.9646 -0.1105
vn 0.8274 -0.2002 0.5246
vn -0.5602 -0.2302 0.7957
vn -0.2467 0.7096 0.6600
vn -0.6533 0.7133 -0.2536
vn -0.9668 -0.2265 -0.1179
vn -0.2542 -0.9610 0.1092
vn -0.3524 -0.0176 -0.9357
vn 0.9335 -0.0088 0.3585
vn 0.6533 -0.7133 0.2536
vn 0.2546 -0.8914 -0.3749
vn 0.4643 -0.0270 0.8853
vn 0.4642 -0.0270 0.8853
vn 0.3663 0.9167 -0.1593
vn 0.1210 -0.6878 0.7158
vn 0.9854 0.1227 0.1178
vn -0.0848 0.2906 0.9531
vn -0.0882 0.9679 -0.2354
vn 0.0926 -0.3838 -0.9188
vn -0.9963 -0.0853 0.0049
vn 0.6701 -0.6567 -0.3459
vn 0.5975 0.4954 -0.6305
vn -0.4764 -0.7771 -0.4113
vn -0.6408 0.4036 -0.6531
vn 0.5722 -0.3212 0.7546
vn 0.4764 0.7771 0.4112
vn -0.5744 -0.4416 0.6893
vn -0.6701 0.6567 0.3459
vn 0.1186 -0.8780 -0.4637
vn 0.7621 -0.1318 -0.6339
vn -0.0094 0.5447 -0.8386
vn -0.6421 -0.2792 -0.7139
vn -0.6478 -0.7247 0.2349
vn -0.7648 0.6173 -0.1846
vn -0.7621 0.1318 0.6339
vn -0.0013 -0.4671 0.8842
vn -0.1186 0.8780 0.4637
vn 0.6421 0.2792 0.7139
vn 0.7532 -0.5776 0.3148
vn 0.6362 0.7644 -0.1048
vn 0.0773 -0.9305 0.3581
vn 0.5316 -0.2382 -0.8128
vn 0.8735 0.2130 0.4377
vn -0.0315 0.9620 -0.2711
vn -0.8735 -0.2130 -0.4377
vn -0.4225 0.2367 0.8749
vn -0.1795 -0.8011 -0.5709
vn -0.2752 0.2972 -0.9143
vn -0.7334 -0.5431 0.4088
vn -0.8291 0.5552 0.0655
vn 0.2752 -0.2972 0.9143
vn 0.8291 -0.5552 -0.0655
vn -0.5590 -0.8232 -0.0993
vn -0.2785 -0.3086 -0.9095
vn -0.6763 0.5220 -0.5198
vn -0.9569 0.0074 0.2905
vn -0.2203 -0.4988 0.8382
vn -0.3427 0.8422 0.4162
vn 0.6763 -0.5220 0.5198
vn 0.2902 -0.0261 0.9566
vn 0.4565 -0.8141 -0.3589
vn 0.3344 0.5268 -0.7814
vn 0.1390 -0.9355 0.3249
vn 0.2988 0.7245 0.6211
vn 0.2988 0.7244 0.6212
vn 0.1233 0.4564 -0.8812
vn 0.1234 0.4560 -0.8814
vn 0.5029 0.5665 0.6528
vn 0.0115 0.3882 -0.9215
vn 0.3250 0.9234 -0.2041
vn -0.7242 0.6514 0.2262
vn 0.6698 0.6665 0.3274
vn 0.1994 0.8165 0.5419
vn 0.2240 -0.3590 0.9061
vn 0.9774 -0.1900 0.0930
vn -0.2240 0.3590 -0.9061
vn -0.9887 0.1432 0.0436
vn -0.7105 -0.1323 0.6911
vn 0.8581 0.0447 -0.5116
vn 0.8660 0.3001 -0.4000
vn -0.1761 0.7798 0.6007
vn 0.7828 -0.2137 0.5845
vn -0.4725 0.3607 0.8042
vn -0.0791 0.0470 0.9958
vn -0.6205 -0.7498 0.2297
vn -0.9554 0.2954 0.0006
vn 0.6205 0.7498 -0.2297
vn 0.9040 -0.4260 0.0351
vn 0.3503 -0.9158 0.1964
vn -0.5696 0.8075 -0.1534
vn -0.5271 0.8413 0.1202
vn 0.2193 -0.1880 0.9574
vn -0.7348 0.6002 0.3160
vn -0.7623 0.2944 -0.5764
vn -0.2182 0.4571 0.8623
vn -0.5276 -0.7985 0.2898
vn -0.5276 -0.7986 0.2898
vn 0.5276 0.7985 -0.2898
vn -0.4263 -0.0462 -0.9034
vn 0.4263 0.0462 0.9034
vn -0.7348 0.6001 0.3160
vn -0.6370 0.5976 0.4870
vn 0.7348 -0.6002 -0.3160
vn -0.4262 -0.0462 -0.9034
vn 0.5276 0.7986 -0.2898
vn 0.7348 -0.6001 -0.3160
vn -0.5612 -0.7723 -0.2977
vn -0.7810 -0.3501 0.5172
vn 0.0023 -0.6126 -0.7904
vn 0.6053 -0.6283 0.4888
vn -0.6053 0.6283 -0.4888
vn -0.5645 0.0941 0.8201
vn 0.5645 -0.0941 -0.8201
vn -0.4396 -0.7757 -0.4527
vn 0.5612 0.7723 0.2977
vn -0.1142 -0.1747 -0.9780
vn 0.1142 0.1747 0.9780
vn 0.9496 -0.3085 -0.0557
vn -0.9232 0.3822 0.0395
vn -0.5546 0.3369 0.7609
vn 0.4813 0.2837 -0.8293
vn 0.2988 0.7245 0.6212
vn -0.2455 0.9589 -0.1426
vn 0.3287 0.9219 -0.2052
vn 0.3287 0.9219 -0.2049
vn 0.3294 0.9217 -0.2050
vn 0.0484 -0.9840 0.1712
vn 0.0475 -0.9839 0.1726
vn 0.0464 -0.9836 0.1741
vn -0.8297 -0.4759 -0.2919
vn -0.4652 -0.7828 -0.4132
vn -0.5002 -0.6770 -0.5399
vn -0.5166 -0.6340 -0.5755
vn -0.0213 -0.4490 0.8933
vn -0.0384 -0.5029 0.8635
vn -0.0365 -0.4394 0.8976
vn 0.5164 -0.6725 0.5301
vn -0.4982 -0.8232 -0.2723
vn -0.4402 -0.7944 -0.4184
vn 0.0345 -0.4029 0.9146
vn 0.0650 -0.3852 0.9205
vn -0.7891 -0.5088 0.3441
vn -0.7566 -0.5400 0.3687
vn -0.8227 -0.4727 0.3157
vn -0.2205 -0.9339 -0.2813
vn -0.5284 -0.0939 0.8438
vn -0.3654 -0.8925 0.2644
vn -0.3648 -0.8925 0.2651
vn -0.3712 -0.8881 0.2710
vn -0.3637 -0.8937 0.2625
vn -0.3643 -0.8941 0.2606
vn 0.1784 0.1167 0.9770
vn 0.8540 -0.5202 0.0128
vn 0.8224 -0.3348 0.4600
vn 0.4932 0.8319 -0.2543
vn -0.7824 0.3701 0.5009
vn -0.4184 -0.3514 -0.8375
vn -0.3482 0.2386 0.9066
vn -0.4506 0.8899 0.0716
vn -0.5864 0.0546 -0.8082
vn 0.4068 -0.3117 -0.8587
vn 0.9902 -0.0725 -0.1195
vn 0.7235 -0.0784 0.6859
vn 0.0363 -0.6059 -0.7947
vn -0.8344 -0.1323 -0.5350
vn 0.1240 0.4558 -0.8814
vn -0.1764 -0.7551 -0.6314
vn -0.0350 -0.3857 -0.9220
vn -0.2815 -0.9129 -0.2956
vn -0.0486 -0.5042 -0.8622
vn 0.0587 -0.9920 -0.1119
vn 0.5416 -0.6414 -0.5435
vn 0.3317 -0.8733 -0.3569
vn 0.6239 -0.5388 -0.5661
vn 0.8427 -0.5283 0.1036
vn 0.9503 0.2870 -0.1207
vn 0.5999 -0.7745 0.2007
vn 0.9000 -0.4350 0.0273
vn 0.2168 -0.9373 0.2729
vn 0.3668 -0.4627 0.8071
vn 0.6211 -0.0354 0.7829
vn 0.0498 -0.7294 0.6823
vn 0.5840 -0.1653 0.7947
vn 0.7647 0.4463 0.4649
vn 0.0336 0.2842 0.9582
vn -0.3012 -0.5384 0.7870
vn -0.0469 0.1779 0.9829
vn 0.2112 0.7474 0.6300
vn -0.1788 -0.1659 0.9698
vn -0.7151 -0.4304 0.5509
vn -0.7447 0.3353 0.5770
vn -0.2486 0.9392 0.2369
vn -0.7884 -0.0192 0.6148
vn -0.7297 0.4516 0.5134
vn -0.9871 -0.1558 0.0364
vn -0.9442 0.3142 -0.0983
vn -0.8536 -0.4957 0.1602
vn -0.9785 0.1856 -0.0901
vn -0.7869 -0.4231 -0.4493
vn -0.6846 -0.0323 -0.7282
vn -0.7195 -0.6746 -0.1650
vn -0.7459 -0.1248 -0.6542
vn -0.1201 0.5864 0.8010
vn 0.5990 0.5788 0.5534
vn -0.1325 0.9681 -0.2126
vn -0.8510 0.3508 0.3909
vn -0.0331 0.4899 0.8711
vn 0.9369 -0.1715 -0.3047
vn -0.2897 0.8844 -0.3660
vn -0.6247 -0.6037 -0.4953
vn -0.3550 0.4883 0.7972
vn -0.8950 0.4399 0.0734
vn -0.5321 0.4292 -0.7298
vn 0.4176 -0.5995 -0.6828
vn 0.6438 0.4254 -0.6361
vn 0.9083 0.2937 0.2978
vn -0.3697 0.8961 0.2455
vn -0.5335 -0.2899 0.7946
vn -0.8186 0.2352 -0.5240
vn 0.4627 0.1539 -0.8730
vn 0.7955 -0.3792 0.4727
vn 0.1867 0.4717 0.8618
vn -0.7472 0.6377 -0.1872
vn 0.8525 0.4119 -0.3219
vn -0.0191 -0.7347 -0.6782
vn 0.5936 -0.1775 0.7849
vn 0.9627 -0.2627 -0.0648
vn 0.6843 -0.4659 -0.5609
vn -0.5325 -0.1672 -0.8298
vn -0.0996 0.8869 -0.4510
vn -0.3963 0.7845 0.4770
vn 0.9074 0.2567 0.3329
vn 0.0530 -0.9863 0.1563
vn 0.9745 0.1274 -0.1849
vn -0.1193 0.9434 -0.3093
vn -0.9859 -0.1639 0.0349
vn 0.5597 0.6215 0.5482
vn -0.4566 -0.6996 -0.5496
vn 0.1958 -0.4590 -0.8666
vn 0.8207 -0.1665 -0.5465
vn 0.0395 0.6101 -0.7913
vn -0.7440 -0.3618 -0.5617
vn 0.5349 -0.2093 -0.8186
vn -0.4258 0.2078 0.8807
vn 0.9298 -0.3240 -0.1747
vn 0.5487 0.5720 0.6097
vn -0.4511 -0.3337 -0.8278
vn 0.4332 -0.0220 0.9010
vn -0.9630 0.0611 0.2623
vn 0.7314 0.6764 0.0872
vn 0.7808 -0.6181 0.0912
vn -0.4433 0.5770 0.6860
vn -0.6101 0.4010 0.6833
vn 0.2987 0.7244 0.6212
vn 0.3314 0.9213 -0.2033
vn 0.3321 0.9211 -0.2033
vn 0.0492 -0.9842 0.1701
vn -0.0386 -0.5340 0.8446
vn -0.5157 -0.8286 -0.2179
vn -0.7088 -0.5804 0.4009
vn -0.3590 -0.8950 0.2647
vt 0.171973 0.525509
vt 0.123271 0.470458
vt 0.172144 0.469481
vt 0.329048 0.559029
vt 0.269769 0.473003
vt 0.323413 0.469622
vt 0.224429 0.536019
vt 0.271784 0.555717
vt 0.171578 0.656843
vt 0.106282 0.592595
vt 0.171766 0.593801
vt 0.074500 0.472413
vt 0.014702 0.558079
vt 0.020877 0.468708
vt 0.125000 0.930227
vt 0.075188 0.848003
vt 0.125000 0.848094
vt 0.118558 0.132190
vt 0.128554 0.179315
vt 0.084127 0.157401
vt 0.119454 0.535702
vt 0.071980 0.555113
vt 0.178317 0.661080
vt 0.208858 0.690885
vt 0.178317 0.698336
vt 0.191748 0.987956
vt 0.192024 0.935909
vt 0.236681 0.952358
vt 0.221859 0.132190
vt 0.259325 0.156810
vt 0.215194 0.179315
vt 0.237257 0.592990
vt 0.075016 0.661080
vt 0.071683 0.698336
vt 0.041227 0.690545
vt 0.058252 0.987956
vt 0.013319 0.952358
vt 0.057976 0.935909
vt 0.075883 0.082205
vt 0.118558 0.082205
vt 0.042543 0.613558
vt 0.205958 0.781989
vt 0.171652 0.781644
vt 0.125000 0.698336
vt 0.125000 0.661080
vt 0.125000 0.982481
vt 0.044042 0.781989
vt 0.078348 0.781644
vt 0.221859 0.082205
vt 0.266690 0.132190
vt 0.300872 0.614338
vt 0.244949 0.645904
vt 0.263355 0.262163
vt 0.218526 0.262623
vt 0.171874 0.132190
vt 0.171874 0.179315
vt 0.171874 0.082205
vt 0.044107 0.843803
vt 0.012944 0.920851
vt 0.205893 0.843803
vt 0.237056 0.920851
vt 0.257957 0.283956
vt 0.218526 0.288649
vt 0.125000 0.807670
vt 0.125000 0.781644
vt 0.254571 0.305310
vt 0.218526 0.355295
vt 0.085792 0.283956
vt 0.125222 0.262623
vt 0.125222 0.288649
vt 0.204260 0.792310
vt 0.171652 0.807670
vt 0.859375 0.281250
vt 0.885106 0.256635
vt 0.891894 0.281971
vt 0.878070 0.544687
vt 0.829942 0.566924
vt 0.839826 0.536375
vt 0.877139 0.631101
vt 0.823645 0.598114
vt 0.877260 0.602341
vt 0.873976 0.447406
vt 0.934594 0.467677
vt 0.874324 0.491775
vt 0.878927 0.507119
vt 0.854765 0.501683
vt 0.877556 0.574516
vt 0.877239 0.666695
vt 0.821219 0.629738
vt 0.875000 0.406250
vt 0.903699 0.436254
vt 0.834141 0.487652
vt 0.773209 0.547252
vt 0.762023 0.666908
vt 0.754270 0.625547
vt 0.915413 0.407135
vt 0.883990 0.306981
vt 0.798480 0.513179
vt 0.760116 0.585778
vt 0.960087 0.407618
vt 0.979095 0.786317
vt 0.911469 0.770080
vt 0.963302 0.747280
vt 0.976809 0.872950
vt 0.919466 0.830703
vt 0.985192 0.827584
vt 0.904686 0.378021
vt 0.858654 0.313769
vt 0.902563 0.739887
vt 0.936872 0.715119
vt 0.917002 0.800032
vt 0.935899 0.346311
vt 0.902196 0.689550
vt 0.881474 0.703189
vt 0.833644 0.305865
vt 0.859375 0.775217
vt 0.859375 0.746487
vt 0.859375 0.833482
vt 0.859375 0.804002
vt 0.876024 0.365094
vt 0.875676 0.320725
vt 0.859375 0.711581
vt 0.915262 0.870591
vt 0.801748 0.800032
vt 0.815406 0.344823
vt 0.837276 0.703189
vt 0.807280 0.770080
vt 0.803488 0.870591
vt 0.799284 0.830703
vt 0.846301 0.376246
vt 0.826856 0.280529
vt 0.816186 0.739887
vt 0.816554 0.689550
vt 0.739655 0.786317
vt 0.755447 0.747280
vt 0.741941 0.872950
vt 0.733558 0.827584
vt 0.834587 0.405365
vt 0.834760 0.255519
vt 0.781878 0.715119
vt 0.789913 0.404882
vt 0.985902 0.668598
vt 0.931328 0.630590
vt 0.995730 0.628312
vt 0.845314 0.434479
vt 0.860096 0.248731
vt 0.958042 0.517210
vt 0.924813 0.568681
vt 0.916343 0.538099
vt 0.929860 0.599530
vt 0.991899 0.589902
vt 0.814101 0.466189
vt 0.924285 0.490207
vt 0.903231 0.502984
vt 0.981025 0.551821
vt 0.583817 0.819153
vt 0.525097 0.898741
vt 0.563570 0.808626
vt 0.628063 0.806345
vt 0.654283 0.767989
vt 0.660350 0.800277
vt 0.617358 0.920610
vt 0.599032 0.823030
vt 0.621253 0.825686
vt 0.654936 0.986696
vt 0.680806 0.942579
vt 0.689993 0.977463
vt 0.642322 0.920880
vt 0.659977 0.821184
vt 0.678207 0.917205
vt 0.503995 0.889049
vt 0.506153 0.912170
vt 0.558421 0.910405
vt 0.582191 0.915969
vt 0.564827 0.936598
vt 0.703061 0.911928
vt 0.695204 0.936090
vt 0.629540 0.948432
vt 0.548693 0.797289
vt 0.569057 0.790797
vt 0.596143 0.803693
vt 0.676036 0.814794
vt 0.636957 0.824580
vt 0.738224 0.900922
vt 0.710843 0.936791
vt 0.516849 0.922305
vt 0.578566 0.943435
vt 0.645187 0.951779
vt 0.686312 0.780446
vt 0.699604 0.799854
vt 0.470058 0.299152
vt 0.452611 0.418960
vt 0.442364 0.305175
vt 0.326228 0.305757
vt 0.276172 0.426432
vt 0.298318 0.300836
vt 0.432974 0.462553
vt 0.485991 0.461930
vt 0.463692 0.498123
vt 0.430355 0.408611
vt 0.394382 0.310892
vt 0.422638 0.308709
vt 0.382064 0.410332
vt 0.346066 0.308594
vt 0.374347 0.310429
vt 0.429441 0.289859
vt 0.444161 0.437132
vt 0.384765 0.293310
vt 0.391388 0.440615
vt 0.402099 0.410794
vt 0.474849 0.279693
vt 0.489305 0.293572
vt 0.520027 0.435520
vt 0.486323 0.427222
vt 0.524818 0.416061
vt 0.338604 0.289995
vt 0.328740 0.450756
vt 0.318037 0.433814
vt 0.349490 0.437647
vt 0.421095 0.288729
vt 0.392838 0.290911
vt 0.404539 0.442386
vt 0.432796 0.440203
vt 0.375645 0.290432
vt 0.347364 0.288596
vt 0.389416 0.441153
vt 0.329708 0.286022
vt 0.301797 0.281100
vt 0.272692 0.446167
vt 0.314557 0.453549
vt 0.465799 0.279570
vt 0.438105 0.285593
vt 0.447841 0.438424
vt 0.459775 0.251877
vt 0.432082 0.257900
vt 0.475275 0.183301
vt 0.460812 0.049200
vt 0.480066 0.050836
vt 0.530222 0.182420
vt 0.498554 0.038345
vt 0.517862 0.037557
vt 0.438530 0.235355
vt 0.473347 0.205992
vt 0.470620 0.238082
vt 0.420670 0.177159
vt 0.425798 0.029735
vt 0.444696 0.033769
vt 0.367227 0.164359
vt 0.386542 0.030870
vt 0.404785 0.037239
vt 0.462714 0.036459
vt 0.443185 0.180575
vt 0.428969 0.198365
vt 0.408252 0.024832
vt 0.372938 0.186404
vt 0.389174 0.170435
vt 0.480340 0.037957
vt 0.486285 0.203235
vt 0.498043 0.183733
vt 0.391551 0.019001
vt 0.374766 0.011918
vt 0.318631 0.167443
vt 0.315861 0.144840
vt 0.336821 0.153743
vt 0.448499 0.015952
vt 0.429602 0.011918
vt 0.384420 0.192706
vt 0.415915 0.199430
vt 0.409032 0.025077
vt 0.390788 0.018708
vt 0.329315 0.175243
vt 0.359721 0.185859
vt 0.517119 0.019354
vt 0.497811 0.020142
vt 0.498972 0.206487
vt 0.531151 0.205173
vt 0.481156 0.038000
vt 0.461902 0.036364
vt 0.441257 0.203266
vt 0.482792 0.018746
vt 0.463538 0.017110
vt 0.592442 0.299152
vt 0.609889 0.418960
vt 0.576177 0.427222
vt 0.736272 0.305757
vt 0.786328 0.426432
vt 0.744463 0.433814
vt 0.576508 0.461930
vt 0.629526 0.462553
vt 0.598808 0.498123
vt 0.668118 0.310892
vt 0.632145 0.408611
vt 0.639862 0.308709
vt 0.716434 0.308594
vt 0.680436 0.410332
vt 0.688153 0.310429
vt 0.633059 0.289859
vt 0.620136 0.305175
vt 0.618339 0.437132
vt 0.677735 0.293310
vt 0.671112 0.440615
vt 0.660401 0.410794
vt 0.587651 0.279693
vt 0.573195 0.293572
vt 0.542473 0.435520
vt 0.537682 0.416061
vt 0.723896 0.289995
vt 0.733760 0.450756
vt 0.713010 0.437647
vt 0.641405 0.288729
vt 0.669662 0.290911
vt 0.657961 0.442386
vt 0.629704 0.440203
vt 0.686855 0.290432
vt 0.715136 0.288596
vt 0.673084 0.441153
vt 0.715157 0.462097
vt 0.764182 0.300836
vt 0.732792 0.286022
vt 0.760703 0.281100
vt 0.789808 0.446167
vt 0.747943 0.453549
vt 0.596701 0.279570
vt 0.624395 0.285593
vt 0.614659 0.438424
vt 0.602725 0.251877
vt 0.630418 0.257900
vt 0.601688 0.049200
vt 0.587225 0.183301
vt 0.582434 0.050836
vt 0.563946 0.038345
vt 0.532278 0.182420
vt 0.544638 0.037557
vt 0.589153 0.205992
vt 0.623970 0.235355
vt 0.591880 0.238082
vt 0.636702 0.029735
vt 0.641830 0.177159
vt 0.617804 0.033769
vt 0.675958 0.030870
vt 0.695273 0.164359
vt 0.657715 0.037239
vt 0.599786 0.036459
vt 0.619315 0.180575
vt 0.633531 0.198365
vt 0.654248 0.024832
vt 0.689562 0.186404
vt 0.673326 0.170435
vt 0.582160 0.037957
vt 0.576215 0.203235
vt 0.564457 0.183733
vt 0.670949 0.019001
vt 0.687734 0.011918
vt 0.743869 0.167443
vt 0.725679 0.153743
vt 0.746639 0.144840
vt 0.614001 0.015952
vt 0.632898 0.011918
vt 0.678080 0.192706
vt 0.646585 0.199430
vt 0.653468 0.025077
vt 0.671712 0.018708
vt 0.733185 0.175243
vt 0.702779 0.185859
vt 0.545381 0.019354
vt 0.564689 0.020142
vt 0.563528 0.206487
vt 0.531349 0.205173
vt 0.581344 0.038000
vt 0.600598 0.036364
vt 0.621243 0.203266
vt 0.579708 0.018746
vt 0.598962 0.017110
vt 0.591894 0.553935
vt 0.596099 0.670420
vt 0.565221 0.670324
vt 0.661891 0.539884
vt 0.707992 0.517253
vt 0.696257 0.551619
vt 0.646241 0.672498
vt 0.630187 0.559218
vt 0.651158 0.561710
vt 0.654725 0.743741
vt 0.700126 0.699822
vt 0.699385 0.744482
vt 0.665705 0.672505
vt 0.688747 0.564166
vt 0.692970 0.674751
vt 0.539183 0.673586
vt 0.560483 0.699517
vt 0.618158 0.670318
vt 0.607549 0.698030
vt 0.713187 0.675663
vt 0.655466 0.699081
vt 0.573927 0.543921
vt 0.589433 0.539480
vt 0.616127 0.558247
vt 0.623226 0.538650
vt 0.705802 0.561815
vt 0.665411 0.562671
vt 0.750343 0.684231
vt 0.722704 0.536890
vt 0.729700 0.551184
vt 0.475035 0.896805
vt 0.416687 0.817484
vt 0.437045 0.807124
vt 0.346512 0.765393
vt 0.372610 0.804000
vt 0.340258 0.797746
vt 0.401378 0.820931
vt 0.382942 0.918473
vt 0.379264 0.823404
vt 0.319277 0.940305
vt 0.345072 0.984607
vt 0.309960 0.975243
vt 0.340539 0.818708
vt 0.357920 0.918673
vt 0.321961 0.914878
vt 0.496029 0.887246
vt 0.493811 0.910207
vt 0.441924 0.908287
vt 0.435599 0.934449
vt 0.418212 0.913904
vt 0.297065 0.909509
vt 0.304863 0.933754
vt 0.370652 0.946324
vt 0.451921 0.795947
vt 0.431753 0.789299
vt 0.404595 0.801781
vt 0.324470 0.812241
vt 0.363577 0.822212
vt 0.289184 0.934408
vt 0.261852 0.898364
vt 0.483153 0.920218
vt 0.421781 0.941450
vt 0.314297 0.777763
vt 0.300897 0.797177
vt 0.472674 0.553515
vt 0.466172 0.670436
vt 0.448840 0.557628
vt 0.358037 0.516687
vt 0.403337 0.539790
vt 0.369135 0.550888
vt 0.434818 0.558888
vt 0.417463 0.671612
vt 0.413919 0.561328
vt 0.361463 0.698698
vt 0.407013 0.744411
vt 0.361381 0.744329
vt 0.376363 0.563519
vt 0.396244 0.671469
vt 0.369115 0.673465
vt 0.524341 0.674079
vt 0.501864 0.699979
vt 0.497190 0.670430
vt 0.455226 0.697701
vt 0.445687 0.670282
vt 0.348855 0.673975
vt 0.407094 0.698780
vt 0.489563 0.544288
vt 0.475118 0.539766
vt 0.441734 0.538362
vt 0.359414 0.560790
vt 0.399780 0.562448
vt 0.311436 0.681605
vt 0.343237 0.535559
vt 0.335902 0.549582
vt 0.171874 0.262623
vt 0.078348 0.807670
vt 0.174812 0.848003
vt 0.221010 0.470753
vt 0.931835 0.183848
vt 0.936637 0.138592
vt 0.957238 0.215476
vt 0.927027 0.159369
vt 0.909654 0.133395
vt 0.886954 0.200037
vt 0.913576 0.184854
vt 0.913520 0.254361
vt 0.935769 0.253661
vt 0.860426 0.091102
vt 0.899525 0.125463
vt 0.879538 0.124938
vt 0.936353 0.272201
vt 0.914104 0.272902
vt 0.896707 0.262583
vt 0.870141 0.208259
vt 0.913985 0.110910
vt 0.940968 0.116107
vt 0.951589 0.134586
vt 0.972190 0.211470
vt 0.973609 0.224681
vt 0.952140 0.262865
vt 0.870996 0.194601
vt 0.893696 0.127959
vt 0.914034 0.159456
vt 0.882600 0.008348
vt 0.920824 0.076021
vt 0.782113 0.138592
vt 0.786915 0.183848
vt 0.761512 0.215477
vt 0.809096 0.133395
vt 0.791723 0.159369
vt 0.831796 0.200037
vt 0.805230 0.254361
vt 0.805174 0.184854
vt 0.782981 0.253661
vt 0.858324 0.091102
vt 0.819225 0.125463
vt 0.797926 0.076021
vt 0.782397 0.272201
vt 0.804646 0.272902
vt 0.822043 0.262583
vt 0.848609 0.208259
vt 0.804765 0.110910
vt 0.777782 0.116107
vt 0.767161 0.134585
vt 0.746560 0.211470
vt 0.745141 0.224681
vt 0.766610 0.262865
vt 0.847754 0.194601
vt 0.825054 0.127959
vt 0.804716 0.159456
vt 0.836150 0.008348
vt 0.816163 0.008873
vt 0.857453 0.895108
vt 0.834384 0.895108
vt 0.826694 0.906642
vt 0.868987 0.906642
vt 0.826694 0.937401
vt 0.868987 0.937401
vt 0.838228 0.941246
vt 0.826694 0.941246
vt 0.872832 0.914332
vt 0.892056 0.918177
vt 0.872832 0.925866
vt 0.892056 0.925866
vt 0.826694 0.979694
vt 0.838228 0.979694
vt 0.853608 0.941246
vt 0.842073 0.941246
vt 0.842073 0.979694
vt 0.853608 0.979694
vt 0.868987 0.941246
vt 0.857453 0.941246
vt 0.857453 0.979694
vt 0.868987 0.979694
vt 0.978116 0.895306
vt 0.955047 0.895306
vt 0.985806 0.906841
vt 0.943513 0.906841
vt 0.985806 0.937599
vt 0.943513 0.937599
vt 0.985806 0.941444
vt 0.974272 0.941444
vt 0.920444 0.918375
vt 0.939668 0.914530
vt 0.939668 0.926065
vt 0.920444 0.926065
vt 0.985806 0.979892
vt 0.974271 0.979892
vt 0.970427 0.941444
vt 0.958892 0.941444
vt 0.970427 0.979892
vt 0.958892 0.979892
vt 0.955047 0.941444
vt 0.943513 0.941444
vt 0.955047 0.979892
vt 0.943513 0.979892
vt 0.313333 0.262987
vt 0.264729 0.178800
vt 0.314707 0.179624
vt 0.080395 0.262029
vt 0.029043 0.179491
vt 0.079021 0.178667
vt 0.045740 0.792310
vt 0.171874 0.288649
vt 0.089178 0.305310
vt 0.125222 0.355295
vt 0.089178 0.355295
vt 0.171874 0.355295
vt 0.258261 0.428276
vt 0.222142 0.374707
vt 0.258703 0.375010
vt 0.203680 0.835893
vt 0.171456 0.824544
vt 0.122879 0.445430
vt 0.172218 0.444951
vt 0.262059 0.446607
vt 0.221554 0.445728
vt 0.078544 0.824545
vt 0.125000 0.824607
vt 0.086278 0.427757
vt 0.122719 0.374407
vt 0.046320 0.835893
vt 0.082368 0.446065
vt 0.172431 0.374407
vt 0.098275 0.645461
vt 0.075883 0.132190
vt 0.209751 0.698701
vt 0.040249 0.698701
vt 0.266690 0.082205
vt 0.254571 0.355295
vt 0.820367 0.668598
vt 0.859375 0.867625
vt 0.930940 0.664137
vt 0.621995 0.774057
vt 0.746005 0.925786
vt 0.549386 0.936459
vt 0.613431 0.950870
vt 0.347343 0.462097
vt 0.673626 0.505518
vt 0.740954 0.713101
vt 0.378865 0.771648
vt 0.354952 0.949636
vt 0.253971 0.923263
vt 0.450816 0.934174
vt 0.386808 0.948822
vt 0.392239 0.505589
vt 0.320054 0.710886
vt 0.902587 0.008873
vt 0.839212 0.124938
vt 0.030417 0.262853
vt 0.086158 0.374489
s 1
f 3328/4369/3432 3046/4370/3432 3330/4371/3432
f 3069/4372/3433 3039/4373/3433 3042/4374/3433
f 3063/4375/3434 3039/4373/3434 3064/4376/3434
f 3323/4377/3435 3051/4378/3435 3327/4379/3435
f 3045/4380/3436 3058/4381/3436 3043/4382/3436
f 3324/4383/3437 3041/4384/3437 3329/4385/3437
f 3047/4386/3438 3048/4387/3438 3049/4388/3438
f 3050/4389/3439 3051/4378/3439 3052/4390/3439
f 3053/4391/3440 3054/4392/3440 3055/4393/3440
f 3056/4394/3441 3057/4395/3441 3058/4396/3441
f 3059/4397/3442 3060/4398/3442 3061/4399/3442
f 3062/4400/3443 3063/4375/3443 3064/4376/3443
f 3065/4401/3444 3066/4402/3444 3067/4403/3444
f 3068/4404/3445 3069/4405/3445 3070/4406/3445
f 3047/4386/3446 3054/4407/3446 3053/4408/3446
f 3050/4389/3447 3045/4380/3447 3046/4370/3447
f 3051/4378/3448 3058/4409/3448 3052/4390/3448
f 3055/4393/3449 3453/4410/3449 3456/4411/3449
f 3053/4391/3450 3322/4412/3450 3321/4413/3450
f 3323/4414/3451 3070/4406/3451 3324/4383/3451
f 3457/4415/3452 3066/4402/3452 3451/4416/3452
f 3065/4417/3453 3060/4418/3453 3059/4397/3453
f 3062/4400/3454 3069/4419/3454 3068/4420/3454
f 3061/4399/3455 3454/4421/3455 3458/4422/3455
f 3325/4423/3456 3061/4399/3456 3326/4424/3456
f 3327/4379/3457 3050/4389/3457 3328/4369/3457
f 3065/4417/3458 3325/4423/3458 3321/4425/3458
f 3042/4426/3459 3070/4406/3459 3069/4427/3459
f 3057/4395/3460 3043/4428/3460 3058/4429/3460
f 3458/4422/3461 3454/4430/3461 3464/4431/3461
f 3456/4411/3462 3468/4432/3463 3460/4433/3463
f 3454/4434/3464 3461/4435/3464 3464/4431/3464
f 3455/4436/3465 3452/4437/3465 3462/4438/3465
f 3456/4411/3466 3453/4439/3466 3463/4440/3466
f 3120/4441/3467 3128/4442/3467 3077/4443/3467
f 3127/4444/3468 3075/4445/3468 3076/4446/3468
f 3124/4447/3469 3074/4448/3469 3125/4449/3469
f 3122/4450/3470 3072/4451/3470 3123/4452/3470
f 3128/4453/3471 3076/4446/3471 3077/4454/3471
f 3126/4455/3472 3074/4448/3473 3075/4445/3474
f 3123/4456/3475 3073/4457/3475 3124/4447/3475
f 3122/4450/3476 3121/4458/3476 3071/4459/3476
f 3076/4446/3477 3084/4460/3477 3077/4454/3477
f 3074/4448/3478 3082/4461/3479 3075/4445/3480
f 3073/4457/3481 3079/4462/3481 3080/4463/3481
f 3071/4459/3482 3121/4458/3482 3078/4464/3482
f 3120/4441/3483 3077/4443/3483 3084/4465/3483
f 3075/4445/3484 3083/4466/3484 3076/4446/3484
f 3074/4448/3485 3080/4463/3485 3081/4467/3485
f 3071/4459/3486 3079/4468/3486 3072/4451/3486
f 3081/4469/3487 3089/4470/3488 3082/4471/3489
f 3079/4472/3490 3087/4473/3490 3080/4474/3490
f 3078/4464/3491 3121/4458/3491 3085/4475/3491
f 3120/4441/3492 3084/4465/3492 3091/4476/3492
f 3082/4471/3493 3090/4477/3493 3083/4478/3493
f 3080/4474/3494 3088/4479/3494 3081/4469/3494
f 3078/4464/3495 3086/4480/3495 3079/4468/3495
f 3084/4481/3496 3090/4477/3496 3091/4482/3496
f 3120/4441/3497 3091/4476/3497 3098/4483/3497
f 3090/4477/3498 3096/4484/3499 3097/4485/3500
f 3088/4479/3501 3094/4486/3501 3095/4487/3501
f 3086/4480/3502 3092/4488/3502 3093/4489/3502
f 3091/4482/3503 3097/4485/3503 3098/4490/3503
f 3089/4470/3504 3095/4487/3505 3096/4484/3506
f 3086/4491/3507 3094/4486/3507 3087/4473/3507
f 3085/4475/3508 3121/4458/3508 3092/4488/3508
f 3094/4486/3509 3102/4492/3509 3095/4487/3509
f 3092/4488/3510 3100/4493/3510 3093/4489/3510
f 3097/4485/3511 3105/4494/3511 3098/4490/3511
f 3095/4487/3512 3103/4495/3513 3096/4484/3514
f 3094/4486/3515 3100/4496/3515 3101/4497/3515
f 3092/4488/3516 3121/4458/3516 3099/4498/3516
f 3120/4441/3517 3098/4483/3517 3105/4499/3517
f 3096/4484/3518 3104/4500/3519 3097/4485/3520
f 3104/4500/3521 3112/4501/3521 3105/4494/3521
f 3103/4495/3522 3109/4502/3523 3110/4503/3524
f 3101/4497/3525 3107/4504/3525 3108/4505/3525
f 3099/4498/3526 3121/4458/3526 3106/4506/3526
f 3120/4441/3527 3105/4499/3527 3112/4507/3527
f 3104/4500/3528 3110/4503/3528 3111/4508/3528
f 3102/4492/3529 3108/4505/3529 3109/4502/3529
f 3099/4498/3530 3107/4509/3530 3100/4493/3530
f 3107/4510/3531 3115/4511/3531 3108/4512/3531
f 3106/4506/3532 3121/4458/3532 3113/4513/3532
f 3120/4441/3533 3112/4507/3533 3119/4514/3533
f 3111/4515/3534 3117/4516/3534 3118/4517/3534
f 3108/4512/3535 3116/4518/3535 3109/4519/3535
f 3106/4506/3536 3114/4520/3536 3107/4509/3536
f 3112/4521/3537 3118/4517/3537 3119/4522/3537
f 3110/4523/3538 3116/4518/3539 3117/4516/3540
f 3120/4441/3541 3119/4514/3541 3128/4442/3541
f 3117/4516/3542 3127/4444/3542 3118/4517/3542
f 3116/4518/3543 3124/4447/3543 3125/4449/3543
f 3114/4520/3544 3122/4450/3544 3123/4452/3544
f 3118/4517/3545 3128/4453/3545 3119/4522/3545
f 3116/4518/3546 3126/4455/3547 3117/4516/3548
f 3115/4511/3549 3123/4456/3549 3124/4447/3549
f 3113/4513/3550 3121/4458/3550 3122/4450/3550
f 3145/4524/3551 3130/4525/3551 3143/4526/3551
f 3151/4527/3552 3142/4528/3552 3149/4529/3552
f 3138/4530/3553 3144/4531/3553 3150/4532/3553
f 3134/4533/3554 3136/4534/3554 3131/4535/3554
f 3139/4536/3555 3148/4537/3555 3137/4538/3555
f 3129/4539/3556 3130/4525/3556 3131/4540/3556
f 3132/4541/3557 3133/4542/3557 3134/4543/3557
f 3135/4544/3558 3136/4545/3558 3137/4538/3558
f 3138/4530/3559 3139/4536/3559 3140/4546/3559
f 3141/4547/3560 3142/4548/3560 3143/4526/3560
f 3144/4531/3561 3145/4524/3561 3146/4549/3561
f 3147/4550/3562 3148/4537/3562 3149/4529/3562
f 3150/4532/3563 3151/4527/3563 3152/4551/3563
f 3129/4552/3564 3136/4553/3564 3135/4544/3564
f 3132/4541/3565 3131/4554/3565 3130/4525/3565
f 3138/4530/3566 3134/4555/3566 3133/4542/3566
f 3139/4536/3567 3136/4534/3567 3140/4556/3567
f 3147/4550/3568 3137/4538/3568 3148/4537/3568
f 3150/4532/3569 3139/4536/3569 3138/4530/3569
f 3149/4529/3570 3152/4551/3570 3151/4527/3570
f 3147/4550/3571 3142/4557/3571 3141/4558/3571
f 3144/4531/3572 3151/4527/3572 3150/4532/3572
f 3143/4526/3573 3146/4549/3573 3145/4524/3573
f 3141/4547/3574 3130/4525/3574 3129/4539/3574
f 3133/4542/3575 3145/4524/3575 3144/4531/3575
f 3147/4550/3576 3129/4552/3576 3135/4544/3576
f 3167/4559/3577 3156/4560/3577 3154/4561/3577
f 3173/4562/3578 3170/4563/3579 3166/4564/3580
f 3162/4565/3581 3168/4566/3582 3174/4567/3583
f 3158/4568/3584 3160/4569/3584 3155/4570/3584
f 3163/4571/3585 3172/4572/3585 3161/4573/3585
f 3153/4574/3586 3154/4561/3586 3155/4570/3586
f 3156/4560/3587 3157/4575/3587 3158/4568/3587
f 3159/4576/3588 3160/4569/3588 3161/4573/3588
f 3162/4577/3589 3163/4571/3590 3164/4578/3591
f 3165/4579/3592 3166/4580/3592 3167/4559/3592
f 3168/4581/3593 3169/4582/3593 3170/4583/3593
f 3171/4584/3594 3172/4572/3594 3173/4562/3594
f 3174/4585/3595 3175/4586/3595 3176/4587/3595
f 3153/4588/3596 3160/4569/3596 3159/4589/3596
f 3154/4561/3597 3158/4568/3597 3155/4570/3597
f 3162/4590/3598 3158/4568/3599 3157/4591/3600
f 3163/4571/3601 3160/4569/3601 3164/4578/3601
f 3159/4592/3602 3172/4572/3602 3171/4593/3602
f 3162/4594/3589 3176/4587/3603 3163/4571/3590
f 3175/4586/3604 3172/4572/3604 3176/4587/3604
f 3171/4595/3605 3166/4564/3605 3165/4596/3605
f 3168/4597/3606 3175/4586/3607 3174/4598/3608
f 3167/4559/3609 3170/4583/3610 3169/4582/3611
f 3165/4599/3612 3154/4561/3612 3153/4600/3612
f 3157/4601/3613 3169/4582/3613 3168/4566/3613
f 3171/4602/3614 3153/4600/3614 3159/4603/3614
f 3193/4604/3615 3178/4605/3615 3191/4606/3615
f 3199/4607/3616 3190/4608/3616 3197/4609/3616
f 3186/4610/3617 3192/4611/3617 3198/4612/3617
f 3182/4613/3618 3184/4614/3618 3179/4615/3618
f 3187/4616/3619 3196/4617/3619 3185/4618/3619
f 3177/4619/3620 3178/4605/3620 3179/4615/3620
f 3180/4620/3621 3181/4621/3621 3182/4613/3621
f 3183/4622/3620 3184/4614/3620 3185/4618/3620
f 3186/4623/3622 3187/4616/3622 3188/4624/3622
f 3189/4625/3623 3190/4608/3623 3191/4606/3623
f 3192/4626/3624 3193/4604/3624 3194/4627/3624
f 3195/4628/3623 3196/4617/3623 3197/4629/3623
f 3198/4630/3625 3199/4631/3625 3200/4632/3625
f 3177/4633/3620 3184/4614/3620 3183/4634/3620
f 3178/4605/3626 3182/4613/3626 3179/4615/3626
f 3186/4635/3627 3182/4613/3627 3181/4636/3627
f 3185/4618/3628 3188/4624/3628 3187/4616/3628
f 3183/4637/3629 3196/4617/3629 3195/4638/3629
f 3198/4639/3630 3187/4616/3630 3186/4640/3630
f 3199/4631/3631 3196/4617/3631 3200/4632/3631
f 3195/4641/3623 3190/4608/3623 3189/4642/3623
f 3192/4643/3632 3199/4607/3632 3198/4644/3632
f 3191/4606/3633 3194/4627/3633 3193/4604/3633
f 3189/4645/3629 3178/4605/3629 3177/4646/3629
f 3181/4647/3634 3193/4604/3634 3192/4611/3634
f 3195/4648/3629 3177/4646/3629 3183/4649/3629
f 3215/4650/3635 3204/4651/3635 3217/4652/3635
f 3221/4653/3636 3218/4654/3637 3223/4655/3638
f 3216/4656/3639 3210/4657/3640 3222/4658/3641
f 3208/4659/3642 3206/4660/3642 3203/4661/3642
f 3220/4662/3643 3211/4663/3643 3209/4664/3643
f 3201/4665/3644 3203/4661/3644 3202/4666/3644
f 3204/4651/3645 3206/4660/3645 3205/4667/3645
f 3207/4668/3646 3209/4664/3646 3208/4659/3646
f 3210/4669/3647 3212/4670/3648 3211/4663/3649
f 3213/4671/3650 3215/4650/3650 3214/4672/3650
f 3216/4673/3651 3218/4674/3651 3217/4652/3651
f 3219/4675/3652 3221/4653/3652 3220/4662/3652
f 3222/4676/3653 3224/4677/3653 3223/4655/3653
f 3208/4659/3654 3201/4678/3654 3207/4679/3654
f 3202/4666/3655 3206/4660/3655 3204/4651/3655
f 3206/4660/3656 3210/4680/3657 3205/4681/3658
f 3211/4663/3659 3208/4659/3659 3209/4664/3659
f 3220/4662/3660 3207/4682/3660 3219/4683/3660
f 3210/4684/3661 3224/4677/3661 3222/4685/3661
f 3223/4655/3662 3220/4662/3662 3221/4653/3662
f 3214/4686/3663 3219/4687/3663 3213/4688/3663
f 3223/4655/3664 3216/4689/3665 3222/4690/3666
f 3218/4674/3667 3215/4650/3668 3217/4652/3669
f 3202/4666/3670 3213/4691/3670 3201/4692/3670
f 3217/4652/3671 3205/4693/3671 3216/4656/3671
f 3201/4692/3672 3219/4694/3672 3207/4695/3672
f 3226/4696/3673 3241/4697/3673 3239/4698/3673
f 3238/4699/3674 3247/4700/3674 3245/4701/3674
f 3240/4702/3675 3234/4703/3675 3246/4704/3675
f 3232/4705/3676 3230/4706/3676 3227/4707/3676
f 3244/4708/3677 3235/4709/3677 3233/4710/3677
f 3225/4711/3678 3227/4707/3678 3226/4696/3678
f 3228/4712/3679 3230/4706/3679 3229/4713/3679
f 3231/4714/3678 3233/4710/3678 3232/4705/3678
f 3234/4715/3680 3236/4716/3680 3235/4709/3680
f 3237/4717/3681 3239/4698/3681 3238/4699/3681
f 3240/4718/3682 3242/4719/3682 3241/4697/3682
f 3243/4720/3681 3245/4721/3681 3244/4708/3681
f 3246/4722/3683 3248/4723/3683 3247/4724/3683
f 3232/4705/3678 3225/4725/3678 3231/4726/3678
f 3226/4696/3684 3230/4706/3684 3228/4712/3684
f 3230/4706/3685 3234/4727/3685 3229/4728/3685
f 3236/4716/3686 3233/4710/3686 3235/4709/3686
f 3244/4708/3687 3231/4729/3687 3243/4730/3687
f 3235/4709/3688 3246/4731/3688 3234/4732/3688
f 3247/4724/3689 3244/4708/3689 3245/4721/3689
f 3238/4699/3681 3243/4733/3681 3237/4734/3681
f 3247/4700/3690 3240/4735/3690 3246/4736/3690
f 3242/4719/3691 3239/4698/3691 3241/4697/3691
f 3226/4696/3687 3237/4737/3687 3225/4738/3687
f 3241/4697/3692 3229/4739/3692 3240/4702/3692
f 3225/4738/3687 3243/4740/3687 3231/4741/3687
f 3263/4742/3693 3252/4743/3693 3250/4744/3693
f 3271/4745/3694 3262/4746/3694 3269/4747/3694
f 3258/4748/3695 3264/4749/3695 3270/4750/3695
f 3254/4751/3696 3256/4752/3696 3251/4753/3696
f 3259/4754/3697 3268/4755/3697 3257/4756/3697
f 3249/4757/3698 3250/4744/3698 3251/4758/3698
f 3252/4743/3699 3253/4759/3699 3254/4760/3699
f 3255/4761/3700 3256/4752/3700 3257/4756/3700
f 3258/4748/3701 3259/4754/3701 3260/4762/3701
f 3261/4763/3694 3262/4764/3694 3263/4742/3694
f 3264/4749/3702 3265/4765/3702 3266/4766/3702
f 3267/4767/3694 3268/4755/3694 3269/4747/3694
f 3270/4750/3703 3271/4745/3703 3272/4768/3703
f 3249/4769/3704 3256/4752/3704 3255/4761/3704
f 3252/4743/3705 3251/4758/3705 3250/4744/3705
f 3258/4748/3706 3254/4760/3706 3253/4759/3706
f 3257/4756/3707 3260/4762/3707 3259/4754/3707
f 3267/4767/3708 3257/4756/3708 3268/4755/3708
f 3270/4750/3709 3259/4754/3709 3258/4748/3709
f 3271/4745/3710 3268/4755/3710 3272/4768/3710
f 3267/4767/3694 3262/4770/3694 3261/4771/3694
f 3264/4749/3711 3271/4745/3711 3270/4750/3711
f 3263/4742/3712 3266/4766/3712 3265/4765/3712
f 3261/4763/3713 3250/4744/3714 3249/4757/3714
f 3253/4759/3715 3265/4765/3715 3264/4749/3715
f 3267/4767/3716 3249/4769/3716 3255/4761/3716
f 3274/4772/3717 3289/4773/3717 3287/4774/3717
f 3286/4775/3718 3295/4776/3718 3293/4777/3718
f 3288/4778/3719 3282/4779/3719 3294/4780/3719
f 3280/4781/3720 3278/4782/3720 3275/4783/3720
f 3292/4784/3721 3283/4785/3721 3281/4786/3721
f 3273/4787/3722 3275/4788/3722 3274/4772/3722
f 3276/4789/3723 3278/4790/3723 3277/4791/3723
f 3279/4792/3724 3281/4786/3724 3280/4793/3724
f 3282/4779/3725 3284/4794/3725 3283/4785/3725
f 3285/4795/3726 3287/4774/3726 3286/4796/3726
f 3288/4778/3727 3290/4797/3727 3289/4773/3727
f 3291/4798/3728 3293/4777/3728 3292/4784/3728
f 3294/4780/3729 3296/4799/3729 3295/4776/3729
f 3280/4800/3730 3273/4801/3730 3279/4792/3730
f 3275/4802/3731 3276/4789/3731 3274/4772/3731
f 3278/4803/3732 3282/4779/3732 3277/4791/3732
f 3283/4785/3733 3280/4781/3733 3281/4786/3733
f 3291/4798/3734 3281/4786/3734 3279/4792/3734
f 3283/4785/3735 3294/4780/3735 3282/4779/3735
f 3296/4799/3736 3293/4777/3736 3295/4776/3736
f 3286/4804/3737 3291/4798/3737 3285/4805/3737
f 3295/4776/3738 3288/4778/3738 3294/4780/3738
f 3290/4797/3739 3287/4774/3739 3289/4773/3739
f 3274/4772/3740 3285/4795/3740 3273/4787/3740
f 3289/4773/3741 3277/4791/3741 3288/4778/3741
f 3273/4801/3742 3291/4798/3742 3279/4792/3742
f 3311/4806/3743 3300/4807/3743 3313/4808/3743
f 3310/4809/3744 3319/4810/3744 3317/4811/3744
f 3312/4812/3745 3306/4813/3745 3318/4814/3745
f 3304/4815/3746 3302/4816/3746 3299/4817/3746
f 3316/4818/3747 3307/4819/3747 3305/4820/3747
f 3297/4821/3748 3299/4822/3748 3298/4823/3748
f 3300/4807/3749 3302/4824/3749 3301/4825/3749
f 3303/4826/3750 3305/4820/3750 3304/4815/3750
f 3306/4813/3751 3308/4827/3751 3307/4819/3751
f 3309/4828/3744 3311/4806/3744 3310/4829/3744
f 3312/4812/3752 3314/4830/3752 3313/4808/3752
f 3315/4831/3744 3317/4811/3744 3316/4818/3744
f 3318/4814/3753 3320/4832/3753 3319/4810/3753
f 3304/4815/3754 3297/4833/3754 3303/4826/3754
f 3299/4822/3755 3300/4807/3755 3298/4823/3755
f 3302/4824/3756 3306/4813/3756 3301/4825/3756
f 3308/4827/3757 3305/4820/3757 3307/4819/3757
f 3315/4831/3758 3305/4820/3758 3303/4826/3758
f 3307/4819/3759 3318/4814/3759 3306/4813/3759
f 3319/4810/3744 3316/4818/3744 3317/4811/3744
f 3310/4834/3744 3315/4831/3744 3309/4835/3744
f 3319/4810/3760 3312/4812/3760 3318/4814/3760
f 3314/4830/3761 3311/4806/3761 3313/4808/3761
f 3298/4823/3762 3309/4828/3762 3297/4821/3762
f 3313/4808/3763 3301/4825/3763 3312/4812/3763
f 3297/4833/3764 3315/4831/3764 3303/4826/3764
f 3459/4836/3765 3462/4438/3766 3452/4437/3766
f 3460/4433/3463 3461/4837/3767 3451/4416/3768
f 3321/4425/3458 3047/4386/3458 3053/4408/3458
f 3327/4379/3769 3063/4375/3769 3062/4400/3769
f 3325/4423/3456 3048/4387/3456 3047/4386/3456
f 3323/4414/3770 3057/4395/3770 3056/4394/3770
f 3065/4401/3450 3322/4412/3450 3066/4402/3450
f 3044/4838/3437 3324/4383/3437 3329/4385/3437
f 3323/4377/3771 3062/4400/3771 3068/4420/3771
f 3040/4839/3432 3328/4369/3432 3330/4371/3432
f 3332/4840/3772 3340/4841/3772 3346/4842/3772
f 3334/4843/3630 3341/4844/3630 3340/4841/3630
f 3345/4845/3773 3336/4846/3773 3342/4847/3773
f 3336/4846/3774 3339/4848/3774 3342/4847/3774
f 3343/4849/3629 3335/4850/3629 3331/4851/3629
f 3342/4847/3775 3331/4852/3775 3335/4853/3775
f 3345/4845/3776 3335/4854/3776 3344/4855/3776
f 3340/4841/3777 3337/4856/3777 3333/4857/3777
f 3346/4842/3778 3333/4858/3778 3343/4859/3778
f 3339/4848/3779 3343/4860/3779 3331/4861/3779
f 3341/4844/3780 3344/4862/3780 3337/4863/3780
f 3334/4843/3617 3336/4846/3617 3338/4864/3617
f 3333/4865/3629 3344/4866/3629 3343/4849/3629
f 3338/4864/3781 3345/4845/3781 3341/4844/3781
f 3339/4848/3782 3332/4840/3782 3346/4842/3782
f 3356/4867/3783 3348/4868/3783 3362/4869/3783
f 3357/4870/3688 3350/4871/3688 3356/4867/3688
f 3361/4872/3784 3358/4873/3784 3352/4874/3784
f 3355/4875/3785 3352/4874/3785 3358/4873/3785
f 3359/4876/3687 3351/4877/3687 3360/4878/3687
f 3347/4879/3786 3358/4873/3786 3351/4880/3786
f 3351/4881/3787 3361/4872/3787 3360/4882/3787
f 3353/4883/3788 3356/4867/3788 3349/4884/3788
f 3349/4885/3789 3362/4869/3789 3359/4886/3789
f 3359/4887/3790 3355/4875/3790 3347/4888/3790
f 3360/4889/3791 3357/4870/3791 3353/4890/3791
f 3352/4874/3675 3350/4871/3675 3354/4891/3675
f 3349/4892/3687 3360/4878/3687 3353/4893/3687
f 3361/4872/3792 3354/4891/3792 3357/4870/3792
f 3355/4875/3793 3362/4869/3793 3348/4868/3793
f 3364/4894/3794 3365/4895/3794 3363/4894/3794
f 3366/4895/3795 3369/4896/3795 3365/4895/3795
f 3368/4897/3796 3363/4894/3796 3367/4897/3796
f 3369/4896/3797 3363/4894/3797 3365/4895/3798
f 3370/4896/3799 3364/4894/3799 3368/4897/3799
f 3370/4896/3800 3373/4898/3800 3369/4896/3800
f 3367/4897/3801 3372/4899/3801 3368/4897/3801
f 3369/4896/3797 3371/4899/3797 3367/4897/3797
f 3383/4900/3794 3386/4901/3794 3385/4901/3802
f 3375/4902/3803 3380/4903/3803 3376/4902/3803
f 3374/4898/3804 3371/4899/3804 3373/4898/3804
f 3378/4904/3800 3375/4902/3800 3376/4902/3805
f 3379/4903/3801 3382/4905/3801 3380/4903/3801
f 3378/4904/3804 3381/4905/3804 3377/4904/3804
f 3378/4904/3799 3380/4903/3806 3382/4905/3806
f 3377/4904/3797 3379/4903/3797 3375/4902/3798
f 3384/4900/3799 3390/4906/3799 3386/4901/3799
f 3390/4906/3804 3387/4907/3804 3389/4906/3804
f 3386/4901/3800 3389/4906/3800 3385/4901/3800
f 3383/4900/3801 3388/4907/3801 3384/4900/3801
f 3385/4901/3797 3387/4907/3797 3383/4900/3797
f 3391/4908/3794 3394/4909/3794 3393/4909/3794
f 3392/4908/3799 3398/4910/3799 3394/4909/3799
f 3398/4910/3804 3395/4911/3804 3397/4910/3807
f 3394/4909/3800 3397/4910/3800 3393/4909/3800
f 3391/4908/3801 3396/4911/3801 3392/4908/3801
f 3393/4909/3797 3395/4911/3797 3391/4908/3797
f 3399/4912/3794 3402/4913/3794 3401/4913/3802
f 3400/4912/3799 3406/4914/3799 3402/4913/3799
f 3406/4914/3804 3403/4915/3804 3405/4914/3804
f 3402/4913/3800 3405/4914/3800 3401/4913/3800
f 3399/4912/3801 3404/4915/3801 3400/4912/3801
f 3401/4913/3797 3403/4915/3797 3399/4912/3797
f 3409/4916/3808 3408/4917/3808 3407/4917/3808
f 3413/4918/3809 3410/4916/3809 3409/4916/3809
f 3368/4897/3799 3374/4898/3799 3370/4896/3799
f 3407/4917/3810 3412/4919/3810 3411/4919/3810
f 3407/4917/3811 3413/4918/3811 3409/4916/3811
f 3414/4918/3812 3408/4917/3812 3410/4916/3812
f 3417/4920/3813 3414/4918/3813 3413/4918/3813
f 3416/4921/3814 3411/4919/3814 3412/4919/3814
f 3415/4921/3811 3413/4918/3811 3411/4919/3811
f 3430/4922/3808 3427/4923/3808 3429/4922/3808
f 3424/4924/3815 3419/4925/3815 3420/4925/3815
f 3415/4921/3816 3418/4920/3816 3417/4920/3816
f 3419/4925/3813 3422/4926/3813 3420/4925/3813
f 3426/4927/3814 3423/4924/3814 3424/4924/3814
f 3425/4927/3816 3422/4926/3816 3421/4926/3816
f 3422/4926/3812 3424/4924/3812 3420/4925/3812
f 3423/4924/3811 3421/4926/3811 3419/4925/3811
f 3434/4928/3812 3428/4923/3812 3430/4922/3812
f 3431/4929/3816 3434/4928/3816 3433/4928/3816
f 3433/4928/3813 3430/4922/3813 3429/4922/3813
f 3432/4929/3814 3427/4923/3814 3428/4923/3814
f 3431/4929/3811 3429/4922/3811 3427/4923/3811
f 3438/4930/3808 3435/4931/3808 3437/4930/3808
f 3442/4932/3812 3436/4931/3812 3438/4930/3812
f 3439/4933/3816 3442/4932/3816 3441/4932/3816
f 3441/4932/3813 3438/4930/3813 3437/4930/3813
f 3440/4933/3814 3435/4931/3814 3436/4931/3814
f 3439/4933/3811 3437/4930/3811 3435/4931/3811
f 3446/4934/3808 3443/4935/3808 3445/4934/3808
f 3450/4936/3812 3444/4935/3812 3446/4934/3812
f 3447/4937/3816 3450/4936/3816 3449/4936/3816
f 3449/4936/3813 3446/4934/3813 3445/4934/3813
f 3448/4937/3814 3443/4935/3814 3444/4935/3814
f 3447/4937/3811 3445/4934/3811 3443/4935/3811
f 3418/4920/3812 3412/4919/3812 3414/4918/3812
f 3456/4411/3817 3322/4412/3817 3055/4393/3817
f 3061/4399/3818 3459/4836/3818 3326/4424/3818
f 3459/4836/3818 3048/4387/3818 3326/4424/3818
f 3457/4938/3819 3060/4939/3819 3067/4940/3819
f 3455/4941/3820 3054/4942/3820 3049/4943/3820
f 3322/4412/3817 3451/4416/3817 3066/4402/3817
f 3452/4437/3821 3049/4943/3821 3048/4387/3821
f 3457/4944/3822 3451/4416/3822 3461/4837/3822
f 3458/4422/3823 3467/4945/3765 3459/4836/3765
f 3455/4946/3824 3463/4947/3824 3453/4948/3824
f 3468/4949/3825 3462/4438/3826 3467/4945/3825
f 3467/4945/3825 3461/4435/3827 3468/4949/3825
f 3039/4950/3828 3466/4951/3829 3042/4952/3830
f 3043/4953/3831 3044/4838/3831 3469/4954/3831
f 3329/4385/3832 3469/4954/3833 3044/4838/3834
f 3330/4371/3835 3470/4955/3836 3472/4956/3837
f 3039/4957/3838 3040/4839/3838 3465/4958/3838
f 3329/4385/3832 3466/4959/3839 3471/4960/3840
f 3330/4371/3835 3465/4958/3841 3040/4839/3842
f 3045/4961/3843 3469/4962/3844 3470/4955/3845
f 3041/4384/3846 3042/4963/3846 3466/4959/3846
f 3046/4370/3847 3045/4964/3847 3470/4955/3847
f 3469/4962/3848 3472/4956/3849 3470/4955/3850
f 3466/4951/3851 3472/4956/3849 3471/4965/3852
f 3328/4369/3853 3050/4389/3853 3046/4370/3853
f 3069/4372/3854 3064/4376/3854 3039/4373/3854
f 3063/4375/3855 3040/4839/3855 3039/4373/3855
f 3323/4377/3856 3056/4966/3856 3051/4378/3856
f 3045/4380/3857 3052/4390/3857 3058/4381/3857
f 3324/4383/3858 3070/4406/3858 3041/4384/3858
f 3047/4386/3446 3049/4967/3446 3054/4407/3446
f 3050/4389/3859 3052/4390/3859 3045/4380/3859
f 3051/4378/3860 3056/4966/3860 3058/4409/3860
f 3055/4393/3861 3054/4968/3861 3453/4410/3861
f 3053/4391/3450 3055/4393/3450 3322/4412/3450
f 3323/4414/3451 3068/4404/3451 3070/4406/3451
f 3457/4415/3862 3067/4969/3862 3066/4402/3862
f 3065/4417/3453 3067/4970/3453 3060/4418/3453
f 3062/4400/3863 3064/4376/3863 3069/4419/3863
f 3061/4399/3864 3060/4939/3864 3454/4421/3864
f 3325/4423/3456 3059/4397/3456 3061/4399/3456
f 3327/4379/3769 3051/4378/3769 3050/4389/3769
f 3065/4417/3458 3059/4397/3458 3325/4423/3458
f 3042/4426/3865 3041/4384/3865 3070/4406/3865
f 3057/4395/3866 3044/4838/3866 3043/4428/3866
f 3456/4411/3462 3463/4440/3867 3468/4432/3463
f 3454/4434/3464 3457/4971/3464 3461/4435/3464
f 3127/4444/3868 3126/4455/3868 3075/4445/3868
f 3124/4447/3869 3073/4457/3869 3074/4448/3869
f 3122/4450/3470 3071/4459/3470 3072/4451/3470
f 3128/4453/3870 3127/4444/3870 3076/4446/3870
f 3126/4455/3472 3125/4449/3871 3074/4448/3473
f 3123/4456/3475 3072/4972/3475 3073/4457/3475
f 3076/4446/3872 3083/4466/3872 3084/4460/3872
f 3074/4448/3478 3081/4467/3873 3082/4461/3479
f 3073/4457/3481 3072/4972/3481 3079/4462/3481
f 3075/4445/3874 3082/4461/3874 3083/4466/3874
f 3074/4448/3875 3073/4457/3875 3080/4463/3875
f 3071/4459/3486 3078/4464/3486 3079/4468/3486
f 3081/4469/3487 3088/4479/3876 3089/4470/3488
f 3079/4472/3877 3086/4491/3877 3087/4473/3877
f 3082/4471/3878 3089/4470/3878 3090/4477/3878
f 3080/4474/3879 3087/4473/3879 3088/4479/3879
f 3078/4464/3495 3085/4475/3495 3086/4480/3495
f 3084/4481/3880 3083/4478/3880 3090/4477/3880
f 3090/4477/3498 3089/4470/3881 3096/4484/3499
f 3088/4479/3882 3087/4473/3882 3094/4486/3882
f 3086/4480/3502 3085/4475/3502 3092/4488/3502
f 3091/4482/3883 3090/4477/3883 3097/4485/3883
f 3089/4470/3504 3088/4479/3884 3095/4487/3505
f 3086/4491/3885 3093/4973/3885 3094/4486/3885
f 3094/4486/3886 3101/4497/3886 3102/4492/3886
f 3092/4488/3510 3099/4498/3510 3100/4493/3510
f 3097/4485/3887 3104/4500/3887 3105/4494/3887
f 3095/4487/3512 3102/4492/3888 3103/4495/3513
f 3094/4486/3889 3093/4973/3889 3100/4496/3889
f 3096/4484/3518 3103/4495/3890 3104/4500/3519
f 3104/4500/3891 3111/4508/3891 3112/4501/3891
f 3103/4495/3522 3102/4492/3892 3109/4502/3523
f 3101/4497/3893 3100/4496/3893 3107/4504/3893
f 3104/4500/3894 3103/4495/3894 3110/4503/3894
f 3102/4492/3895 3101/4497/3895 3108/4505/3895
f 3099/4498/3530 3106/4506/3530 3107/4509/3530
f 3107/4510/3531 3114/4974/3531 3115/4511/3531
f 3111/4515/3896 3110/4523/3896 3117/4516/3896
f 3108/4512/3897 3115/4511/3897 3116/4518/3897
f 3106/4506/3536 3113/4513/3536 3114/4520/3536
f 3112/4521/3898 3111/4515/3898 3118/4517/3898
f 3110/4523/3538 3109/4519/3899 3116/4518/3539
f 3117/4516/3900 3126/4455/3900 3127/4444/3900
f 3116/4518/3901 3115/4511/3901 3124/4447/3901
f 3114/4520/3544 3113/4513/3544 3122/4450/3544
f 3118/4517/3902 3127/4444/3902 3128/4453/3902
f 3116/4518/3546 3125/4449/3903 3126/4455/3547
f 3115/4511/3549 3114/4974/3549 3123/4456/3549
f 3145/4524/3551 3132/4541/3551 3130/4525/3551
f 3151/4527/3552 3146/4975/3552 3142/4528/3552
f 3138/4530/3553 3133/4542/3553 3144/4531/3553
f 3134/4533/3904 3140/4556/3904 3136/4534/3904
f 3139/4536/3555 3152/4551/3555 3148/4537/3555
f 3129/4552/3564 3131/4976/3564 3136/4553/3564
f 3132/4541/3905 3134/4977/3905 3131/4554/3905
f 3138/4530/3906 3140/4978/3906 3134/4555/3906
f 3139/4536/3907 3137/4538/3907 3136/4534/3907
f 3147/4550/3568 3135/4544/3568 3137/4538/3568
f 3150/4532/3569 3152/4551/3569 3139/4536/3569
f 3149/4529/3570 3148/4537/3570 3152/4551/3570
f 3147/4550/3571 3149/4529/3571 3142/4557/3571
f 3144/4531/3572 3146/4549/3572 3151/4527/3572
f 3143/4526/3573 3142/4548/3573 3146/4549/3573
f 3141/4547/3574 3143/4526/3574 3130/4525/3574
f 3133/4542/3575 3132/4541/3575 3145/4524/3575
f 3147/4550/3576 3141/4558/3576 3129/4552/3576
f 3167/4559/3908 3169/4582/3908 3156/4560/3908
f 3173/4562/3578 3175/4586/3909 3170/4563/3579
f 3162/4565/3581 3157/4601/3910 3168/4566/3582
f 3158/4568/3584 3164/4578/3584 3160/4569/3584
f 3163/4571/3911 3176/4587/3911 3172/4572/3911
f 3153/4588/3596 3155/4570/3596 3160/4569/3596
f 3154/4561/3912 3156/4560/3912 3158/4568/3912
f 3162/4590/3598 3164/4578/3913 3158/4568/3599
f 3163/4571/3601 3161/4573/3601 3160/4569/3601
f 3159/4592/3602 3161/4573/3602 3172/4572/3602
f 3162/4594/3914 3174/4979/3914 3176/4587/3914
f 3175/4586/3915 3173/4562/3915 3172/4572/3915
f 3171/4595/3605 3173/4562/3605 3166/4564/3605
f 3168/4597/3606 3170/4563/3916 3175/4586/3607
f 3167/4559/3609 3166/4580/3917 3170/4583/3610
f 3165/4599/3612 3167/4559/3612 3154/4561/3612
f 3157/4601/3918 3156/4560/3918 3169/4582/3918
f 3171/4602/3614 3165/4599/3614 3153/4600/3614
f 3193/4604/3615 3180/4620/3615 3178/4605/3615
f 3199/4607/3616 3194/4627/3616 3190/4608/3616
f 3186/4610/3617 3181/4647/3617 3192/4611/3617
f 3182/4613/3618 3188/4624/3618 3184/4614/3618
f 3187/4616/3619 3200/4632/3619 3196/4617/3619
f 3177/4633/3620 3179/4615/3620 3184/4614/3620
f 3178/4605/3919 3180/4620/3919 3182/4613/3919
f 3186/4635/3627 3188/4624/3627 3182/4613/3627
f 3185/4618/3920 3184/4614/3920 3188/4624/3920
f 3183/4637/3629 3185/4618/3629 3196/4617/3629
f 3198/4639/3630 3200/4632/3630 3187/4616/3630
f 3199/4631/3921 3197/4629/3921 3196/4617/3921
f 3195/4641/3623 3197/4609/3623 3190/4608/3623
f 3192/4643/3632 3194/4627/3632 3199/4607/3632
f 3191/4606/3922 3190/4608/3922 3194/4627/3922
f 3189/4645/3629 3191/4606/3629 3178/4605/3629
f 3181/4647/3634 3180/4620/3634 3193/4604/3634
f 3195/4648/3629 3189/4645/3629 3177/4646/3629
f 3215/4650/3923 3202/4666/3923 3204/4651/3923
f 3221/4653/3636 3214/4686/3924 3218/4654/3637
f 3216/4656/3639 3205/4693/3925 3210/4657/3640
f 3208/4659/3642 3212/4670/3642 3206/4660/3642
f 3220/4662/3926 3224/4677/3926 3211/4663/3926
f 3208/4659/3654 3203/4661/3654 3201/4678/3654
f 3202/4666/3927 3203/4661/3927 3206/4660/3927
f 3206/4660/3656 3212/4670/3928 3210/4680/3657
f 3211/4663/3659 3212/4670/3659 3208/4659/3659
f 3220/4662/3660 3209/4664/3660 3207/4682/3660
f 3210/4684/3647 3211/4663/3649 3224/4677/3929
f 3223/4655/3930 3224/4677/3930 3220/4662/3930
f 3214/4686/3663 3221/4653/3663 3219/4687/3663
f 3223/4655/3664 3218/4654/3931 3216/4689/3665
f 3218/4674/3667 3214/4672/3932 3215/4650/3668
f 3202/4666/3670 3215/4650/3670 3213/4691/3670
f 3217/4652/3933 3204/4651/3933 3205/4693/3933
f 3201/4692/3672 3213/4691/3672 3219/4694/3672
f 3226/4696/3673 3228/4712/3673 3241/4697/3673
f 3238/4699/3674 3242/4719/3674 3247/4700/3674
f 3240/4702/3675 3229/4739/3675 3234/4703/3675
f 3232/4705/3676 3236/4716/3676 3230/4706/3676
f 3244/4708/3677 3248/4723/3677 3235/4709/3677
f 3232/4705/3678 3227/4707/3678 3225/4725/3678
f 3226/4696/3934 3227/4707/3934 3230/4706/3934
f 3230/4706/3685 3236/4716/3685 3234/4727/3685
f 3236/4716/3935 3232/4705/3935 3233/4710/3935
f 3244/4708/3687 3233/4710/3687 3231/4729/3687
f 3235/4709/3688 3248/4723/3688 3246/4731/3688
f 3247/4724/3936 3248/4723/3936 3244/4708/3936
f 3238/4699/3681 3245/4701/3681 3243/4733/3681
f 3247/4700/3690 3242/4719/3690 3240/4735/3690
f 3242/4719/3937 3238/4699/3937 3239/4698/3937
f 3226/4696/3687 3239/4698/3687 3237/4737/3687
f 3241/4697/3692 3228/4712/3692 3229/4739/3692
f 3225/4738/3687 3237/4737/3687 3243/4740/3687
f 3263/4742/3938 3265/4765/3938 3252/4743/3938
f 3271/4745/3694 3266/4980/3694 3262/4746/3694
f 3258/4748/3695 3253/4759/3695 3264/4749/3695
f 3254/4751/3696 3260/4762/3696 3256/4752/3696
f 3259/4754/3939 3272/4768/3939 3268/4755/3939
f 3249/4769/3704 3251/4981/3704 3256/4752/3704
f 3252/4743/3705 3254/4760/3705 3251/4758/3705
f 3258/4748/3706 3260/4762/3706 3254/4760/3706
f 3257/4756/3707 3256/4752/3707 3260/4762/3707
f 3267/4767/3708 3255/4761/3708 3257/4756/3708
f 3270/4750/3709 3272/4768/3709 3259/4754/3709
f 3271/4745/3694 3269/4747/3694 3268/4755/3694
f 3267/4767/3694 3269/4747/3694 3262/4770/3694
f 3264/4749/3711 3266/4766/3711 3271/4745/3711
f 3263/4742/3694 3262/4764/3694 3266/4766/3694
f 3261/4763/3713 3263/4742/3713 3250/4744/3714
f 3253/4759/3715 3252/4743/3715 3265/4765/3715
f 3267/4767/3716 3261/4771/3716 3249/4769/3716
f 3274/4772/3717 3276/4789/3717 3289/4773/3717
f 3286/4775/3718 3290/4982/3718 3295/4776/3718
f 3288/4778/3719 3277/4791/3719 3282/4779/3719
f 3280/4781/3940 3284/4983/3940 3278/4782/3940
f 3292/4784/3721 3296/4799/3721 3283/4785/3721
f 3280/4800/3730 3275/4984/3730 3273/4801/3730
f 3275/4802/3941 3278/4985/3941 3276/4789/3941
f 3278/4803/3942 3284/4986/3942 3282/4779/3942
f 3283/4785/3943 3284/4983/3943 3280/4781/3943
f 3291/4798/3734 3292/4784/3734 3281/4786/3734
f 3283/4785/3735 3296/4799/3735 3294/4780/3735
f 3296/4799/3736 3292/4784/3736 3293/4777/3736
f 3286/4804/3737 3293/4777/3737 3291/4798/3737
f 3295/4776/3738 3290/4797/3738 3288/4778/3738
f 3290/4797/3739 3286/4796/3739 3287/4774/3739
f 3274/4772/3740 3287/4774/3740 3285/4795/3740
f 3289/4773/3741 3276/4789/3741 3277/4791/3741
f 3273/4801/3742 3285/4805/3742 3291/4798/3742
f 3311/4806/3944 3298/4823/3944 3300/4807/3944
f 3310/4809/3744 3314/4987/3744 3319/4810/3744
f 3312/4812/3745 3301/4825/3745 3306/4813/3745
f 3304/4815/3746 3308/4827/3746 3302/4816/3746
f 3316/4818/3945 3320/4832/3945 3307/4819/3945
f 3304/4815/3754 3299/4988/3754 3297/4833/3754
f 3299/4822/3755 3302/4824/3755 3300/4807/3755
f 3302/4824/3756 3308/4827/3756 3306/4813/3756
f 3308/4827/3757 3304/4815/3757 3305/4820/3757
f 3315/4831/3758 3316/4818/3758 3305/4820/3758
f 3307/4819/3759 3320/4832/3759 3318/4814/3759
f 3319/4810/3946 3320/4832/3946 3316/4818/3946
f 3310/4834/3744 3317/4811/3744 3315/4831/3744
f 3319/4810/3760 3314/4830/3760 3312/4812/3760
f 3314/4830/3744 3310/4829/3744 3311/4806/3744
f 3298/4823/3762 3311/4806/3762 3309/4828/3762
f 3313/4808/3763 3300/4807/3763 3301/4825/3763
f 3297/4833/3764 3309/4835/3764 3315/4831/3764
f 3459/4836/3765 3467/4945/3765 3462/4438/3766
f 3460/4433/3463 3468/4432/3463 3461/4837/3767
f 3321/4425/3458 3325/4423/3458 3047/4386/3458
f 3327/4379/3947 3328/4369/3947 3063/4375/3947
f 3325/4423/3456 3326/4424/3456 3048/4387/3456
f 3323/4414/3770 3324/4383/3770 3057/4395/3770
f 3065/4401/3450 3321/4413/3450 3322/4412/3450
f 3044/4838/3948 3057/4395/3948 3324/4383/3948
f 3323/4377/3435 3327/4379/3435 3062/4400/3435
f 3040/4839/3949 3063/4375/3949 3328/4369/3949
f 3332/4840/3950 3334/4843/3950 3340/4841/3950
f 3334/4843/3630 3338/4864/3630 3341/4844/3630
f 3336/4846/3774 3332/4840/3774 3339/4848/3774
f 3343/4849/3629 3344/4866/3629 3335/4850/3629
f 3342/4847/3775 3339/4848/3775 3331/4852/3775
f 3345/4845/3776 3342/4847/3776 3335/4854/3776
f 3340/4841/3777 3341/4844/3777 3337/4856/3777
f 3346/4842/3778 3340/4841/3778 3333/4858/3778
f 3339/4848/3779 3346/4842/3779 3343/4860/3779
f 3341/4844/3780 3345/4845/3780 3344/4862/3780
f 3334/4843/3617 3332/4840/3617 3336/4846/3617
f 3333/4865/3629 3337/4989/3629 3344/4866/3629
f 3338/4864/3951 3336/4846/3951 3345/4845/3951
f 3356/4867/3952 3350/4871/3952 3348/4868/3952
f 3357/4870/3688 3354/4891/3688 3350/4871/3688
f 3355/4875/3785 3348/4868/3785 3352/4874/3785
f 3359/4876/3687 3347/4990/3687 3351/4877/3687
f 3347/4879/3786 3355/4875/3786 3358/4873/3786
f 3351/4881/3787 3358/4873/3787 3361/4872/3787
f 3353/4883/3788 3357/4870/3788 3356/4867/3788
f 3349/4885/3789 3356/4867/3789 3362/4869/3789
f 3359/4887/3790 3362/4869/3790 3355/4875/3790
f 3360/4889/3791 3361/4872/3791 3357/4870/3791
f 3352/4874/3675 3348/4868/3675 3350/4871/3675
f 3349/4892/3687 3359/4876/3687 3360/4878/3687
f 3361/4872/3953 3352/4874/3953 3354/4891/3953
f 3364/4894/3794 3366/4895/3794 3365/4895/3794
f 3366/4895/3795 3370/4896/3795 3369/4896/3795
f 3368/4897/3796 3364/4894/3796 3363/4894/3796
f 3369/4896/3797 3367/4897/3797 3363/4894/3797
f 3370/4896/3799 3366/4895/3799 3364/4894/3799
f 3370/4896/3800 3374/4898/3800 3373/4898/3800
f 3367/4897/3801 3371/4899/3801 3372/4899/3801
f 3369/4896/3797 3373/4898/3797 3371/4899/3797
f 3383/4900/3794 3384/4900/3794 3386/4901/3794
f 3375/4902/3803 3379/4903/3803 3380/4903/3803
f 3374/4898/3804 3372/4899/3804 3371/4899/3804
f 3378/4904/3800 3377/4904/3800 3375/4902/3800
f 3379/4903/3801 3381/4905/3801 3382/4905/3801
f 3378/4904/3804 3382/4905/3804 3381/4905/3804
f 3378/4904/3799 3376/4902/3799 3380/4903/3806
f 3377/4904/3797 3381/4905/3797 3379/4903/3797
f 3384/4900/3799 3388/4907/3799 3390/4906/3799
f 3390/4906/3804 3388/4907/3807 3387/4907/3804
f 3386/4901/3800 3390/4906/3800 3389/4906/3800
f 3383/4900/3801 3387/4907/3801 3388/4907/3801
f 3385/4901/3797 3389/4906/3797 3387/4907/3797
f 3391/4908/3794 3392/4908/3794 3394/4909/3794
f 3392/4908/3799 3396/4911/3799 3398/4910/3799
f 3398/4910/3804 3396/4911/3804 3395/4911/3804
f 3394/4909/3800 3398/4910/3800 3397/4910/3800
f 3391/4908/3801 3395/4911/3801 3396/4911/3801
f 3393/4909/3797 3397/4910/3797 3395/4911/3797
f 3399/4912/3794 3400/4912/3794 3402/4913/3794
f 3400/4912/3799 3404/4915/3799 3406/4914/3799
f 3406/4914/3804 3404/4915/3807 3403/4915/3804
f 3402/4913/3800 3406/4914/3800 3405/4914/3800
f 3399/4912/3801 3403/4915/3801 3404/4915/3801
f 3401/4913/3797 3405/4914/3797 3403/4915/3797
f 3409/4916/3808 3410/4916/3808 3408/4917/3808
f 3413/4918/3809 3414/4918/3809 3410/4916/3809
f 3368/4897/3799 3372/4899/3799 3374/4898/3799
f 3407/4917/3810 3408/4917/3810 3412/4919/3810
f 3407/4917/3811 3411/4919/3811 3413/4918/3811
f 3414/4918/3812 3412/4919/3812 3408/4917/3812
f 3417/4920/3813 3418/4920/3813 3414/4918/3813
f 3416/4921/3814 3415/4921/3814 3411/4919/3814
f 3415/4921/3811 3417/4920/3811 3413/4918/3811
f 3430/4922/3808 3428/4923/3808 3427/4923/3808
f 3424/4924/3815 3423/4924/3815 3419/4925/3815
f 3415/4921/3816 3416/4921/3816 3418/4920/3816
f 3419/4925/3813 3421/4926/3813 3422/4926/3813
f 3426/4927/3814 3425/4927/3814 3423/4924/3814
f 3425/4927/3816 3426/4927/3816 3422/4926/3816
f 3422/4926/3812 3426/4927/3812 3424/4924/3812
f 3423/4924/3811 3425/4927/3811 3421/4926/3811
f 3434/4928/3812 3432/4929/3812 3428/4923/3812
f 3431/4929/3816 3432/4929/3816 3434/4928/3816
f 3433/4928/3813 3434/4928/3813 3430/4922/3813
f 3432/4929/3814 3431/4929/3814 3427/4923/3814
f 3431/4929/3811 3433/4928/3811 3429/4922/3811
f 3438/4930/3808 3436/4931/3808 3435/4931/3808
f 3442/4932/3812 3440/4933/3812 3436/4931/3812
f 3439/4933/3816 3440/4933/3816 3442/4932/3816
f 3441/4932/3813 3442/4932/3813 3438/4930/3813
f 3440/4933/3814 3439/4933/3814 3435/4931/3814
f 3439/4933/3811 3441/4932/3811 3437/4930/3811
f 3446/4934/3808 3444/4935/3808 3443/4935/3808
f 3450/4936/3812 3448/4937/3812 3444/4935/3812
f 3447/4937/3816 3448/4937/3816 3450/4936/3816
f 3449/4936/3813 3450/4936/3813 3446/4934/3813
f 3448/4937/3814 3447/4937/3814 3443/4935/3814
f 3447/4937/3811 3449/4936/3811 3445/4934/3811
f 3418/4920/3812 3416/4921/3812 3412/4919/3812
f 3456/4411/3817 3460/4433/3817 3322/4412/3817
f 3061/4399/3818 3458/4422/3818 3459/4836/3818
f 3459/4836/3818 3452/4437/3818 3048/4387/3818
f 3457/4938/3819 3454/4421/3819 3060/4939/3819
f 3455/4941/3820 3453/4991/3820 3054/4942/3820
f 3322/4412/3817 3460/4433/3817 3451/4416/3817
f 3452/4437/3954 3455/4941/3954 3049/4943/3954
f 3458/4422/3823 3464/4431/3955 3467/4945/3765
f 3455/4946/3824 3462/4438/3824 3463/4947/3824
f 3468/4949/3825 3463/4947/3956 3462/4438/3826
f 3467/4945/3825 3464/4431/3957 3461/4435/3827
f 3039/4950/3828 3465/4958/3958 3466/4951/3829
f 3329/4385/3832 3471/4960/3840 3469/4954/3833
f 3330/4371/3835 3046/4370/3959 3470/4955/3836
f 3329/4385/3832 3041/4384/3960 3466/4959/3839
f 3330/4371/3835 3472/4956/3837 3465/4958/3841
f 3045/4961/3843 3043/4992/3961 3469/4962/3844
f 3469/4962/3848 3471/4965/3852 3472/4956/3849
f 3466/4951/3851 3465/4958/3962 3472/4956/3849
o Android.008
v 0.011452 1.115599 0.265312
v -0.104089 1.097890 0.198705
v 0.178822 1.184862 0.148736
v 0.151683 1.159736 0.235524
v 0.038959 1.219619 -0.206412
v 0.105306 1.223916 -0.139483
v -0.101272 1.175482 -0.176624
v -0.172704 1.134341 -0.070300
v -0.085543 0.805776 -0.107354
v -0.173686 0.901333 -0.044111
v -0.114797 0.906739 -0.180503
v -0.257137 1.325648 -0.033250
v -0.233126 1.497720 -0.068102
v -0.211989 1.381142 -0.141334
v 0.056272 0.811720 -0.155866
v 0.027017 0.912682 -0.229015
v 0.100219 0.913614 -0.169512
v -0.051289 1.575506 -0.103943
v 0.073019 1.491312 -0.147059
v -0.039836 1.455968 -0.227149
v 0.014937 0.801710 0.185882
v 0.040785 0.900442 0.273539
v -0.089412 0.897922 0.201829
v -0.135105 1.445648 0.316190
v -0.183621 1.286594 0.254969
v -0.089463 1.316052 0.339031
v 0.156751 0.807654 0.137370
v 0.203940 0.909417 0.133183
v 0.182599 0.906386 0.225028
v 0.046732 1.523434 0.280349
v 0.107195 1.377860 0.349289
v 0.171040 1.439240 0.237233
v -0.160775 2.168631 0.306827
v -0.051512 2.112515 0.351297
v 0.036937 2.018095 0.369358
v 0.063980 1.895970 0.340740
v 0.075624 1.771704 0.302174
v 0.042969 1.660444 0.242011
v -0.029014 1.579127 0.169410
v -0.236275 2.137088 0.360871
v -0.191018 2.054232 0.451156
v -0.145336 1.941944 0.499831
v -0.111818 1.820310 0.477397
v -0.085156 1.702318 0.428081
v -0.075044 1.608925 0.337305
v -0.083020 1.554349 0.218888
v -0.330167 2.115316 0.342809
v -0.364507 2.014002 0.417783
v -0.365431 1.885885 0.482021
v -0.329096 1.766685 0.451429
v -0.283758 1.653024 0.405706
v -0.220460 1.571965 0.325161
v -0.155419 1.539341 0.196261
v -0.387450 2.116068 0.263223
v -0.470352 2.015391 0.270727
v -0.510304 1.891195 0.264089
v -0.479729 1.769152 0.239753
v -0.422997 1.655342 0.209861
v -0.327251 1.573856 0.174398
v -0.207068 1.537100 0.138762
v -0.374568 2.138903 0.168732
v -0.446550 2.057586 0.096131
v -0.485785 1.949821 0.010174
v -0.447014 1.829327 -0.010870
v -0.392844 1.710975 -0.021967
v -0.304395 1.616553 -0.003905
v -0.188553 1.556943 0.066359
v -0.299068 2.170446 0.114688
v -0.307045 2.115870 -0.003729
v -0.296933 2.022477 -0.094505
v -0.264637 1.901492 -0.121733
v -0.225485 1.776865 -0.122080
v -0.179803 1.664577 -0.073405
v -0.134546 1.581721 0.016881
v -0.205177 2.192219 0.132750
v -0.133556 2.156100 0.029644
v -0.070258 2.075040 -0.050901
v -0.040780 1.951622 -0.069970
v -0.020304 1.822664 -0.073910
v -0.027807 1.698042 -0.035466
v -0.062148 1.596729 0.039508
v -0.102238 1.543905 0.112945
v -0.274217 2.177897 0.242719
v -0.147894 2.191467 0.212336
v -0.027711 2.154711 0.176701
v 0.068035 2.073225 0.141238
v 0.103274 1.952650 0.115911
v 0.112356 1.823842 0.096141
v 0.072404 1.699646 0.089503
v -0.010498 1.598970 0.097007
v -0.054817 1.312860 0.265690
v -0.104337 1.338061 0.309424
v -0.068689 1.382180 0.267201
v -0.106684 1.408167 0.380696
v -0.059512 1.453072 0.408234
v -0.073577 1.459139 0.331648
v 0.041876 1.332564 0.249493
v 0.028003 1.401884 0.251005
v 0.089048 1.377469 0.277031
v 0.037181 1.472775 0.392037
v 0.086701 1.447574 0.348303
v 0.020576 1.485697 0.308627
v 0.033116 1.116395 0.489898
v 0.042336 1.117024 0.545706
v -0.006500 1.136556 0.524885
v 0.029360 1.228564 0.603933
v -0.008378 1.192640 0.581903
v 0.040458 1.173108 0.602724
v 0.110470 1.132158 0.476941
v 0.148208 1.168082 0.498971
v 0.119690 1.132787 0.532749
v 0.106714 1.244327 0.590976
v 0.117812 1.188871 0.589767
v 0.146330 1.224166 0.555989
v -0.069941 0.485692 0.401662
v -0.099506 0.549778 0.406020
v -0.097067 0.516118 0.343883
v -0.079927 0.885962 0.184443
v -0.037018 0.909237 0.133286
v -0.084161 0.808622 0.145705
v 0.002534 0.444882 0.346147
v -0.024593 0.475307 0.288368
v 0.045443 0.468156 0.294990
v 0.070938 0.889162 0.056348
v 0.058349 0.760661 0.096812
v -0.011686 0.767812 0.090190
v -0.002343 0.512202 0.470422
v 0.038128 0.569136 0.481402
v -0.031908 0.576287 0.474780
v 0.071050 0.992681 0.213025
v -0.041895 0.976557 0.257560
v 0.096662 0.960523 0.271145
v 0.070131 0.471391 0.414906
v 0.113040 0.494666 0.363749
v 0.110602 0.528326 0.425886
v 0.179762 0.931465 0.129752
v 0.206888 0.901040 0.187531
v 0.175528 0.854125 0.091014
v 0.114530 0.124637 0.399522
v 0.086663 0.115062 0.426573
v 0.104061 0.076508 0.371701
v -0.093948 0.484741 0.415733
v -0.077076 0.543329 0.379917
v -0.090162 0.483168 0.345141
v 0.156330 0.139001 0.358947
v 0.145862 0.090872 0.331126
v 0.184197 0.148576 0.331896
v -0.007409 0.567268 0.312291
v 0.045388 0.532618 0.280480
v -0.020494 0.507107 0.277514
v 0.151787 0.140888 0.443657
v 0.190995 0.114426 0.474681
v 0.123920 0.131312 0.470707
v -0.014981 0.570413 0.453474
v -0.031853 0.511825 0.489290
v 0.034029 0.537336 0.492255
v 0.193588 0.155251 0.403081
v 0.221455 0.164827 0.376030
v 0.232796 0.128789 0.434105
v 0.054687 0.594352 0.385848
v 0.103697 0.561275 0.424628
v 0.107483 0.559702 0.354037
v -0.192595 0.448728 -0.228011
v -0.229197 0.502227 -0.199759
v -0.173720 0.475215 -0.165225
v -0.129851 0.847477 -0.016914
v -0.070257 0.885054 -0.010864
v -0.085869 0.774928 0.000469
v -0.096400 0.432806 -0.250214
v -0.077525 0.459293 -0.187427
v -0.036807 0.470383 -0.244164
v 0.055649 0.894609 -0.048805
v 0.051044 0.770096 -0.078470
v 0.010326 0.759006 -0.021734
v -0.207355 0.486830 -0.319283
v -0.203239 0.551419 -0.347767
v -0.243957 0.540329 -0.291030
v -0.080901 0.987745 -0.130620
v -0.181212 0.939078 -0.079933
v -0.100287 0.959737 -0.193310
v -0.111160 0.470908 -0.341485
v -0.051566 0.508485 -0.335435
v -0.107044 0.535497 -0.369969
v 0.063392 0.963862 -0.163923
v 0.044516 0.937375 -0.226710
v 0.107374 0.891312 -0.146540
v -0.129226 0.122834 -0.420740
v -0.168880 0.117866 -0.419055
v -0.121807 0.069773 -0.402588
v -0.234894 0.471215 -0.218589
v -0.189975 0.522030 -0.198586
v -0.180702 0.455704 -0.175897
v -0.069744 0.130286 -0.423266
v -0.062325 0.077225 -0.405114
v -0.030089 0.135254 -0.424950
v -0.090839 0.534450 -0.202797
v -0.036621 0.496054 -0.227010
v -0.081566 0.468123 -0.180108
v -0.134774 0.148899 -0.474496
v -0.134754 0.130592 -0.528021
v -0.174429 0.143932 -0.472812
v -0.199223 0.565472 -0.288181
v -0.244142 0.514657 -0.308184
v -0.199198 0.542588 -0.355087
v -0.075293 0.156351 -0.477023
v -0.035638 0.161319 -0.478707
v -0.075273 0.138044 -0.530547
v -0.100087 0.577892 -0.292392
v -0.100061 0.555008 -0.359297
v -0.045869 0.539497 -0.316605
v 0.034015 1.134283 0.472702
v -0.004958 1.170139 0.492588
v 0.045594 1.189542 0.476217
v -0.007007 1.224762 0.551002
v 0.029917 1.243528 0.589530
v 0.043545 1.244165 0.534631
v 0.109912 1.117194 0.491344
v 0.121491 1.172453 0.494859
v 0.146836 1.135960 0.529872
v 0.105815 1.226439 0.608172
v 0.144788 1.190583 0.588286
v 0.119443 1.227075 0.553273
v -0.054687 0.929207 0.688747
v -0.055455 0.949690 0.710653
v -0.083917 0.956099 0.703662
v -0.067213 0.990180 0.795637
v -0.094906 0.976105 0.766741
v -0.056992 0.990657 0.754463
v 0.002236 0.916390 0.702729
v 0.029929 0.930465 0.731625
v 0.001468 0.936873 0.724634
v -0.010290 0.977363 0.809619
v -0.000069 0.977840 0.768445
v 0.018940 0.950471 0.794704
v -0.124979 1.360242 -0.097457
v -0.186329 1.362422 -0.132548
v -0.169613 1.414140 -0.087316
v -0.231473 1.428986 -0.191973
v -0.215267 1.493370 -0.216306
v -0.219170 1.484826 -0.138770
v -0.047422 1.422445 -0.086699
v -0.092057 1.476343 -0.076558
v -0.031216 1.486829 -0.111032
v -0.137710 1.555574 -0.205547
v -0.076360 1.553393 -0.170456
v -0.146026 1.551153 -0.120041
v 0.010536 1.251961 -0.355354
v 0.010128 1.262094 -0.411006
v -0.038544 1.253705 -0.383427
v -0.061695 1.358463 -0.450433
v -0.074660 1.306956 -0.430967
v -0.025987 1.315345 -0.458546
v 0.072581 1.301723 -0.346748
v 0.085546 1.353230 -0.366214
v 0.072173 1.311857 -0.402400
v 0.000350 1.408226 -0.441826
v 0.036058 1.365108 -0.449939
v 0.049431 1.406482 -0.413753
v -0.014993 1.291158 -0.320703
v -0.058930 1.322888 -0.336912
v -0.007491 1.345992 -0.332409
v -0.074597 1.369998 -0.399644
v -0.046327 1.385378 -0.446166
v -0.023158 1.393101 -0.395140
v 0.057214 1.274809 -0.351015
v 0.064716 1.329642 -0.362722
v 0.085484 1.290188 -0.397537
v 0.025879 1.369028 -0.476478
v 0.069817 1.337298 -0.460268
v 0.049048 1.376751 -0.425453
v -0.128733 1.058484 -0.492535
v -0.134608 1.076151 -0.516059
v -0.161686 1.082282 -0.504692
v -0.163735 1.105690 -0.601376
v -0.184937 1.094155 -0.566484
v -0.146358 1.111483 -0.563107
v -0.074578 1.046222 -0.515269
v -0.053375 1.057757 -0.550160
v -0.080453 1.063888 -0.538793
v -0.109580 1.093428 -0.624110
v -0.092203 1.099220 -0.585841
v -0.076627 1.069630 -0.611953
v 0.108132 0.809621 -0.004518
v 0.152079 0.911516 -0.018164
v 0.002859 1.530533 0.084327
v 0.127166 1.446339 0.041211
v -0.033682 0.803677 0.043993
v -0.131549 0.899628 0.078859
v -0.184116 1.471684 0.124044
v -0.233940 1.281299 0.110955
v 0.142064 1.204389 0.004627
v -0.138397 1.116116 0.064203
v 0.011555 -0.058561 0.553907
v 0.114966 0.082554 0.414649
v 0.255392 0.025224 0.317214
v 0.184634 0.106493 0.347023
v 0.048812 -0.042311 0.598041
v 0.152223 0.098805 0.458784
v 0.292649 0.041475 0.361348
v 0.221891 0.122744 0.391157
v -0.006407 -0.011942 0.551904
v 0.237430 0.071843 0.315212
v 0.274687 0.088094 0.359346
v 0.030850 0.004309 0.596039
v 0.043966 -0.050873 0.442146
v 0.190571 0.009848 0.540735
v 0.172609 0.056467 0.538733
v 0.026003 -0.004254 0.440144
v -0.334308 -0.029384 -0.473378
v -0.145334 0.084666 -0.437584
v 0.012669 0.014085 -0.488115
v -0.046197 0.097085 -0.441794
v -0.339857 -0.003319 -0.527135
v -0.150882 0.110731 -0.491341
v 0.007120 0.040150 -0.541872
v -0.051746 0.123151 -0.495551
v -0.338957 0.015221 -0.451270
v 0.008020 0.058690 -0.466008
v 0.002471 0.084755 -0.519765
v -0.344506 0.041287 -0.505027
v -0.229623 -0.043030 -0.423832
v -0.196701 0.041376 -0.587208
v -0.201350 0.085981 -0.565100
v -0.234272 0.001576 -0.401724
v -0.056700 0.948389 0.734546
v -0.061257 0.969457 0.755411
v -0.014691 0.923174 0.769179
v -0.019248 0.944242 0.790045
v -0.098634 0.943758 0.730065
v -0.103191 0.964826 0.750931
v -0.021618 0.897530 0.793559
v -0.026175 0.918598 0.814425
v -0.154447 0.897786 0.764294
v -0.159003 0.918854 0.785160
v -0.077430 0.851559 0.827787
v -0.081987 0.872626 0.848653
v -0.119589 0.936467 0.732850
v -0.124145 0.957535 0.753716
v -0.140519 0.919228 0.745686
v -0.145075 0.940296 0.766552
v -0.161573 0.951733 0.708268
v -0.166129 0.972801 0.729134
v -0.175526 0.940240 0.716825
v -0.180083 0.961308 0.737691
v -0.105411 0.858419 0.814750
v -0.109968 0.879487 0.835615
v -0.084407 0.845812 0.832066
v -0.088963 0.866880 0.852932
v -0.175177 0.800955 0.857535
v -0.179733 0.822023 0.878401
v -0.154172 0.788348 0.874852
v -0.158729 0.809416 0.895718
v -0.133417 0.875230 0.791661
v -0.137974 0.896297 0.812527
v -0.112413 0.862622 0.808977
v -0.116969 0.883690 0.829843
v -0.203183 0.817765 0.834447
v -0.207739 0.838833 0.855313
v -0.182178 0.805158 0.851763
v -0.186735 0.826226 0.872629
v -0.161423 0.892040 0.768572
v -0.165980 0.913108 0.789438
v -0.140419 0.879432 0.785889
v -0.144975 0.900500 0.806755
v -0.231189 0.834575 0.811358
v -0.235745 0.855643 0.832224
v -0.210184 0.821968 0.828675
v -0.214741 0.843036 0.849540
v -0.149248 1.070986 -0.546672
v -0.148244 1.091570 -0.568473
v -0.101236 1.043744 -0.570183
v -0.100231 1.064329 -0.591983
v -0.191218 1.067555 -0.551845
v -0.190213 1.088140 -0.573645
v -0.103195 1.017613 -0.594948
v -0.102191 1.038197 -0.616748
v -0.239121 1.022085 -0.596986
v -0.238117 1.042670 -0.618787
v -0.151099 0.972142 -0.640089
v -0.150095 0.992727 -0.661889
v -0.211196 1.060728 -0.559212
v -0.210191 1.081313 -0.581012
v -0.229159 1.043676 -0.576140
v -0.228155 1.064261 -0.597940
v -0.257194 1.077745 -0.545262
v -0.256189 1.098330 -0.567063
v -0.269170 1.066378 -0.556547
v -0.268165 1.086962 -0.578348
v -0.181093 0.980079 -0.633976
v -0.180089 1.000664 -0.655776
v -0.157087 0.966459 -0.645731
v -0.156083 0.987043 -0.667532
v -0.240973 0.923242 -0.690402
v -0.239968 0.943826 -0.712203
v -0.216966 0.909621 -0.702157
v -0.215962 0.930206 -0.723958
v -0.213101 0.998240 -0.618302
v -0.212097 1.018825 -0.640103
v -0.189095 0.984620 -0.630057
v -0.188091 1.005204 -0.651858
v -0.272981 0.941403 -0.674729
v -0.271976 0.961987 -0.696529
v -0.248975 0.927782 -0.686484
v -0.247970 0.948367 -0.708284
v -0.245109 1.016401 -0.602628
v -0.244105 1.036986 -0.624429
v -0.221103 1.002780 -0.614384
v -0.220099 1.023365 -0.636184
v -0.304989 0.959563 -0.659055
v -0.303984 0.980148 -0.680855
v -0.280983 0.945943 -0.670810
v -0.279978 0.966528 -0.692611
v 0.189147 1.159461 0.120576
v -0.185237 1.151246 -0.047259
v 0.021948 1.162333 -0.213244
v 0.029233 1.150356 0.270391
v -0.119866 1.156390 -0.164733
v 0.098391 1.163134 -0.144282
v 0.171047 1.156299 0.221880
v -0.094481 1.147574 0.217599
v -0.139859 1.149410 0.085170
v 0.143769 1.161298 -0.011853
v 0.139881 1.217428 0.138261
v -0.139960 1.213175 -0.061915
v 0.049125 1.221100 -0.126597
v -0.049204 1.209502 0.202944
v -0.045085 1.083971 0.188089
v 0.142807 1.121093 0.137707
v -0.094882 1.210337 0.070317
v 0.094156 1.219777 0.006364
v 0.064062 1.142548 -0.129401
v -0.123045 1.106587 -0.079165
v 0.102995 1.130842 0.004087
v -0.084998 1.097373 0.056217
vn -0.8387 -0.5255 0.1427
vn 0.3072 -0.3901 0.8680
vn -0.4812 -0.5056 0.7161
vn -0.2568 0.9468 0.1938
vn -0.1633 -0.1401 -0.9766
vn 0.9676 0.0950 -0.2339
vn -0.7923 -0.4915 -0.3616
vn -0.9313 0.0571 -0.3597
vn 0.5929 -0.3527 -0.7239
vn 0.2488 0.7066 -0.6624
vn -0.3947 -0.5501 0.7360
vn -0.6465 -0.0942 0.7571
vn 0.8930 -0.4061 0.1941
vn 0.5759 0.5328 0.6200
vn -0.2323 -0.6139 -0.7544
vn -0.7674 -0.2222 -0.6015
vn -0.5391 0.3758 -0.7538
vn 0.6672 0.0798 -0.7406
vn 0.8605 -0.4114 -0.3006
vn 0.5370 0.8388 -0.0898
vn 0.9818 0.0670 0.1775
vn 0.2632 -0.6781 0.6862
vn -0.0042 0.4266 0.9044
vn -0.3904 -0.0659 0.9183
vn -0.6450 -0.7345 0.2108
vn -0.9466 0.2323 0.2237
vn 0.0332 -0.9991 -0.0252
vn 0.8817 -0.0639 0.4674
vn 0.5517 0.1114 -0.8266
vn -0.3582 0.4548 0.8154
vn 0.7050 0.6701 -0.2322
vn 0.7048 0.6703 -0.2323
vn 0.1521 0.8240 0.5457
vn -0.7790 0.4719 -0.4129
vn 0.5212 0.6214 -0.5850
vn 0.4977 -0.8605 -0.1086
vn 0.9396 -0.3282 0.0970
vn 0.9472 0.2299 0.2235
vn 0.3530 0.8973 0.2650
vn 0.7453 -0.6667 0.0079
vn 0.9823 0.0359 0.1837
vn 0.9824 0.0405 0.1824
vn 0.9823 0.0349 0.1840
vn 0.6798 0.6863 0.2585
vn -0.0496 0.9723 0.2282
vn 0.5921 -0.7610 0.2652
vn 0.6489 -0.1647 0.7428
vn 0.6513 -0.1678 0.7401
vn 0.6518 -0.1684 0.7395
vn 0.3622 0.4908 0.7924
vn -0.1281 0.9240 0.3603
vn 0.4260 -0.9047 0.0119
vn 0.6662 -0.4965 0.5566
vn 0.6079 0.0211 0.7937
vn 0.1342 0.7627 0.6327
vn -0.0159 -0.3800 0.9249
vn -0.0091 -0.3860 0.9225
vn -0.0078 -0.3871 0.9220
vn -0.1608 0.3367 0.9278
vn -0.2787 0.8766 0.3923
vn 0.1835 -0.9810 0.0634
vn 0.1144 -0.6860 0.7185
vn -0.0677 -0.1990 0.9777
vn -0.2851 0.6307 0.7217
vn 0.1052 -0.9501 0.2936
vn 0.0609 -0.9980 -0.0158
vn -0.5234 -0.7717 0.3614
vn -0.5239 -0.7705 0.3632
vn -0.5233 -0.7719 0.3610
vn -0.7777 -0.3045 0.5499
vn -0.6593 0.5787 0.4800
vn -0.2200 -0.9469 0.2346
vn -0.7142 -0.4877 0.5021
vn -0.7142 -0.4872 0.5025
vn -0.7142 -0.4878 0.5020
vn -0.7976 0.2750 0.5369
vn -0.4131 0.8579 0.3055
vn -0.9627 -0.2062 -0.1752
vn -0.7692 0.6371 0.0491
vn -0.3645 -0.8701 -0.3317
vn -0.8962 -0.3905 -0.2107
vn -0.8959 -0.3911 -0.2105
vn -0.8959 -0.3913 -0.2104
vn -0.9371 0.3490 -0.0099
vn -0.4526 0.8789 0.1507
vn -0.0027 -0.9643 -0.2649
vn -0.6812 -0.6869 -0.2533
vn -0.6799 -0.6885 -0.2523
vn -0.6796 -0.6889 -0.2521
vn -0.1063 -0.8378 -0.5356
vn -0.4670 -0.1427 -0.8727
vn -0.4737 -0.1368 -0.8700
vn -0.4657 -0.1439 -0.8732
vn -0.5569 0.5471 -0.6249
vn -0.3740 0.9272 0.0186
vn 0.0690 -0.9201 -0.3854
vn -0.2815 -0.4757 -0.8333
vn -0.5326 0.0480 -0.8450
vn -0.5504 0.7717 -0.3186
vn -0.0231 0.6955 -0.7181
vn -0.2234 0.9746 -0.0134
vn 0.3115 -0.8438 -0.4369
vn 0.2924 -0.2979 -0.9087
vn 0.1625 0.2577 -0.9525
vn -0.1311 0.9037 -0.4077
vn 0.3476 -0.6310 -0.6935
vn 0.2139 0.0646 -0.9747
vn 0.2107 0.0681 -0.9752
vn 0.2146 0.0638 -0.9746
vn 0.4341 -0.8268 -0.3577
vn 0.7602 -0.2329 -0.6066
vn 0.7429 0.3384 -0.5776
vn 0.2431 0.9557 -0.1659
vn 0.6095 -0.5946 -0.5243
vn 0.7811 0.1474 -0.6067
vn 0.7802 0.1433 -0.6090
vn 0.7799 0.1425 -0.6094
vn 0.5202 0.7711 -0.3672
vn -0.0890 0.9933 0.0735
vn -0.9486 -0.2408 0.2056
vn 0.2540 -0.6853 0.6825
vn -0.0071 0.6555 0.7552
vn -0.2504 0.6122 -0.7500
vn 0.9813 0.1525 -0.1177
vn -0.6913 -0.1228 -0.7120
vn -0.7323 0.6550 0.1864
vn 0.4252 0.1047 -0.8990
vn 0.4810 0.8758 0.0399
vn -0.3981 -0.9142 0.0761
vn -0.4252 -0.1047 0.8990
vn 0.7184 -0.6867 -0.1110
vn 0.6913 0.1228 0.7120
vn -0.1630 -0.0111 -0.9866
vn -0.8633 0.3453 -0.3681
vn -0.1806 0.9773 0.1106
vn 0.6376 0.4740 -0.6072
vn 0.7160 -0.4024 -0.5705
vn 0.6829 0.5868 0.4351
vn 0.8633 -0.3453 0.3681
vn 0.1962 -0.9803 -0.0214
vn 0.1630 0.0111 0.9866
vn -0.5041 -0.6239 0.5971
vn -0.6482 -0.6804 -0.3419
vn -0.6813 0.3088 0.6636
vn 0.0398 -0.7437 -0.6673
vn -0.7247 0.4081 0.5552
vn 0.6751 0.2679 0.6874
vn 0.6709 0.2690 0.6910
vn 0.6763 0.2675 0.6863
vn -0.0976 0.8304 -0.5486
vn -0.0897 0.8310 -0.5490
vn 0.0475 0.8334 -0.5507
vn -0.6881 -0.3860 -0.6145
vn 0.7247 -0.4081 -0.5552
vn -0.8857 -0.4218 0.1937
vn -0.7933 0.3068 -0.5258
vn -0.0489 -0.8930 -0.4473
vn 0.1634 -0.3108 -0.9363
vn 0.1095 -0.3083 -0.9450
vn 0.0587 -0.3051 -0.9505
vn -0.1052 -0.1157 0.9877
vn 0.0568 0.8840 0.4641
vn 0.7317 -0.5869 0.3467
vn 0.9222 0.1317 -0.3636
vn -0.5723 -0.8052 -0.1553
vn -0.9989 0.0128 -0.0461
vn -0.5514 0.1517 -0.8203
vn -0.5511 0.1508 -0.8207
vn -0.5534 0.1583 -0.8178
vn 0.0209 -0.5614 -0.8273
vn 0.4181 -0.9063 -0.0616
vn 0.2030 -0.3121 -0.9281
vn 0.9427 -0.2895 -0.1656
vn 0.3836 -0.4303 0.8171
vn 0.5731 0.7996 0.1793
vn 0.5727 0.8031 0.1647
vn 0.5723 0.8052 0.1553
vn -0.0338 0.4768 0.8784
vn -0.0314 0.4762 0.8788
vn -0.0311 0.4761 0.8788
vn -0.6068 -0.3292 0.7235
vn -0.3016 0.8333 -0.4632
vn -0.1334 -0.8736 0.4680
vn -0.6686 -0.3068 0.6774
vn 0.6435 0.2082 0.7366
vn -0.3592 0.9324 -0.0400
vn -0.5957 -0.3323 -0.7313
vn 0.7210 0.1707 -0.6715
vn 0.6931 -0.4678 0.5484
vn -0.9681 0.2437 -0.0574
vn -0.1637 0.5202 -0.8382
vn -0.1851 -0.8508 -0.4918
vn -0.2511 0.5565 0.7920
vn 0.5533 0.8329 0.0111
vn -0.9027 -0.4301 0.0160
vn -0.6931 0.4678 -0.5484
vn 0.0842 -0.1023 -0.9912
vn 0.3592 -0.9324 0.0400
vn 0.2386 0.8286 -0.5065
vn 0.9591 0.2793 0.0452
vn 0.1851 0.8508 0.4918
vn -0.0225 -0.0579 0.9981
vn -0.7467 0.4900 0.4499
vn -0.8538 -0.1323 0.5036
vn -0.1481 0.3822 -0.9121
vn -0.1507 0.3821 -0.9118
vn -0.1513 0.3820 -0.9117
vn 0.1962 0.7936 0.5759
vn 0.1931 0.7920 0.5792
vn 0.2539 0.8212 0.5111
vn 0.1136 -0.5060 0.8550
vn 0.9620 -0.1592 -0.2220
vn -0.6029 -0.6539 0.4571
vn -0.1783 0.1257 0.9759
vn 0.5079 -0.8377 0.2007
vn 0.8583 -0.1488 0.4911
vn 0.8164 -0.1622 0.5542
vn 0.8366 -0.1560 0.5251
vn -0.7733 -0.2139 -0.5968
vn -0.5117 0.8322 -0.2136
vn 0.3374 -0.3978 -0.8532
vn 0.8190 0.3974 -0.4139
vn -0.0582 -0.9134 0.4028
vn -0.6378 -0.2090 0.7413
vn 0.2612 0.0870 0.9614
vn 0.2639 0.0836 0.9609
vn 0.2840 0.0582 0.9571
vn 0.7575 -0.4716 0.4514
vn 0.5176 -0.7566 -0.3996
vn 0.7488 0.5445 0.3779
vn 0.5561 0.0850 -0.8268
vn -0.2669 -0.3746 -0.8879
vn 0.0541 0.9117 -0.4073
vn 0.0476 0.9089 -0.4143
vn 0.0582 0.9134 -0.4028
vn -0.7837 0.3825 -0.4895
vn -0.7843 0.3825 -0.4885
vn -0.7836 0.3825 -0.4896
vn -0.8428 -0.5314 -0.0856
vn -0.0376 0.7569 0.6524
vn -0.2299 -0.9108 -0.3430
vn -0.9819 -0.1890 0.0097
vn -0.0861 0.3741 -0.9234
vn -0.0930 0.8921 0.4422
vn 0.0985 -0.4928 0.8646
vn 0.9955 0.0588 -0.0743
vn 0.0004 -0.3236 -0.9462
vn -0.5727 0.1925 0.7969
vn 0.5721 0.3359 0.7482
vn 0.1311 -0.9380 0.3209
vn -0.6794 0.6942 -0.2377
vn 0.4653 0.8376 -0.2863
vn -0.6253 -0.4702 0.6229
vn -0.0004 0.3236 0.9462
vn 0.7715 -0.2952 0.5635
vn 0.0930 -0.8921 -0.4422
vn 0.6353 0.7186 0.2829
vn 0.6819 0.3122 -0.6615
vn -0.1311 0.9380 -0.3209
vn -0.7556 0.1419 -0.6395
vn -0.7667 0.5430 0.3424
vn -0.9670 0.1682 -0.1912
vn -0.3151 -0.6987 0.6423
vn -0.0441 0.6406 0.7666
vn 0.3151 0.6987 -0.6423
vn 0.9265 -0.2582 0.2739
vn -0.3510 0.1325 -0.9269
vn -0.3806 0.9209 -0.0838
vn 0.7444 -0.1141 -0.6579
vn 0.7149 0.6743 0.1853
vn 0.3806 -0.9209 0.0838
vn -0.7149 -0.6743 -0.1853
vn 0.2409 0.0113 -0.9705
vn -0.4480 0.6451 -0.6189
vn 0.2047 0.9769 0.0621
vn 0.8936 0.3430 -0.2894
vn 0.6658 -0.6801 -0.3069
vn 0.6318 0.2876 0.7198
vn 0.6319 0.2876 0.7198
vn -0.8340 -0.5510 0.0295
vn -0.2047 -0.9769 -0.0621
vn 0.4310 -0.8358 0.3402
vn -0.6727 -0.3787 -0.6356
vn -0.7072 0.5891 0.3908
vn 0.0053 -0.7263 -0.6873
vn -0.7455 -0.6473 -0.1587
vn 0.4413 -0.4123 -0.7971
vn 0.4412 -0.4123 -0.7971
vn -0.4221 0.6377 -0.6443
vn -0.3941 0.3440 0.8522
vn 0.8024 0.5942 0.0560
vn -0.4419 -0.5054 0.7412
vn -0.9715 0.2359 -0.0229
vn 0.4537 0.2129 0.8654
vn 0.0056 0.9986 0.0522
vn 0.0676 -0.9815 -0.1792
vn -0.4537 -0.2129 -0.8654
vn 0.9632 -0.2632 -0.0550
vn 0.4419 0.5054 -0.7412
vn 0.0072 -0.1791 0.9838
vn -0.8604 -0.1483 0.4875
vn -0.6293 0.7753 0.0538
vn 0.2364 0.7314 0.6397
vn 0.8957 -0.0589 0.4407
vn 0.2588 0.8803 -0.3977
vn 0.8604 0.1483 -0.4875
vn 0.6312 -0.7622 -0.1434
vn -0.0072 0.1791 -0.9838
vn -0.2364 -0.7314 -0.6397
vn -0.1985 -0.9365 0.2889
vn -0.8355 0.0026 -0.5495
vn 0.4789 -0.6908 0.5417
vn -0.9172 0.1417 0.3724
vn -0.3834 -0.7820 -0.4915
vn -0.2180 0.5419 -0.8116
vn 0.3834 0.7820 0.4915
vn 0.8760 -0.2543 -0.4098
vn -0.1867 0.2295 0.9552
vn -0.4128 0.9094 0.0498
vn 0.8555 -0.0065 0.5177
vn 0.6294 0.6735 -0.3877
vn 0.4128 -0.9094 -0.0498
vn -0.6294 -0.6735 0.3877
vn 0.4096 0.1365 0.9020
vn -0.3671 0.6974 0.6155
vn 0.1326 0.9693 -0.2069
vn 0.9093 0.4084 0.0796
vn 0.7487 -0.6130 0.2523
vn 0.4749 0.2227 -0.8514
vn -0.1326 -0.9693 0.2069
vn 0.4114 -0.8538 -0.3189
vn -0.5248 -0.3246 0.7869
vn -0.7991 0.5111 -0.3166
vn 0.1708 -0.6380 0.7509
vn -0.7445 0.6129 0.2647
vn -0.7462 0.6106 0.2652
vn -0.7476 0.6092 0.2646
vn 0.7049 0.6701 -0.2323
vn 0.7050 0.6701 -0.2323
vn -0.9458 0.1859 0.2664
vn 0.5683 0.8222 0.0330
vn -0.3711 0.9212 0.1164
vn -0.5675 0.3648 -0.7382
vn -0.1206 0.8642 0.4884
vn -0.5175 0.8465 0.1252
vn -0.6967 -0.2394 0.6763
vn 0.3178 0.1626 0.9341
vn 0.6967 0.2394 -0.6763
vn -0.4412 -0.2075 -0.8731
vn -0.8909 -0.3554 -0.2828
vn 0.7950 0.3282 0.5102
vn 0.6648 0.5729 0.4793
vn -0.7125 0.6833 -0.1596
vn 0.2099 0.1893 0.9592
vn -0.3307 0.9395 -0.0890
vn -0.3306 0.8353 0.4392
vn -0.9914 -0.1242 0.0421
vn -0.4540 0.3572 -0.8162
vn 0.9914 0.1242 -0.0421
vn 0.3213 -0.3934 0.8614
vn -0.4308 -0.4364 0.7899
vn 0.1963 0.4518 -0.8703
vn 0.1630 0.6806 -0.7143
vn -0.2719 0.6117 0.7429
vn 0.6977 0.5746 -0.4279
vn 0.9695 -0.0309 0.2429
vn -0.0018 0.7035 -0.7107
vn 0.1519 -0.7023 -0.6955
vn -0.1519 0.7023 0.6955
vn 0.7001 -0.4203 0.5772
vn -0.7001 0.4203 -0.5772
vn -0.7002 0.4203 -0.5772
vn -0.7001 0.4202 -0.5772
vn 0.5468 0.6459 -0.5328
vn -0.6977 -0.5746 0.4279
vn 0.7002 -0.4203 0.5772
vn 0.5988 0.5684 0.5643
vn 0.9980 -0.0625 -0.0130
vn -0.1424 0.7229 0.6761
vn -0.0335 -0.6862 0.7267
vn 0.0335 0.6862 -0.7267
vn 0.8002 -0.4540 -0.3918
vn -0.8002 0.4540 0.3918
vn 0.4302 0.6464 0.6302
vn 0.4302 0.6464 0.6301
vn -0.5988 -0.5684 -0.5643
vn 0.9454 0.0396 -0.3234
vn -0.9454 -0.0396 0.3234
vn 0.3225 0.0268 0.9462
vn -0.3252 0.0530 -0.9442
vn -0.9164 -0.0474 -0.3975
vn 0.7757 0.6111 0.1577
vn -0.7472 0.6107 0.2623
vn -0.7444 0.6130 0.2647
vn -0.2075 0.8386 -0.5037
vn -0.0376 0.9989 0.0290
vn -0.0368 0.9989 0.0295
vn -0.0378 0.9989 0.0264
vn 0.2745 -0.9305 0.2425
vn 0.3100 -0.9086 0.2800
vn 0.3454 -0.8831 0.3175
vn 0.6601 -0.4124 -0.6279
vn 0.8478 -0.4486 -0.2829
vn 0.8441 -0.4571 -0.2803
vn 0.8426 -0.4615 -0.2775
vn -0.3391 -0.9407 0.0049
vn -0.4504 -0.8928 0.0111
vn -0.3292 -0.9442 0.0148
vn -0.1264 -0.8821 0.4538
vn 0.8535 -0.4395 -0.2798
vn 0.8472 -0.4479 -0.2858
vn -0.2639 -0.9632 -0.0511
vn -0.2409 -0.9680 -0.0697
vn 0.0231 -0.7802 -0.6251
vn 0.0414 -0.7458 -0.6649
vn 0.0021 -0.8168 -0.5769
vn 0.8551 -0.5040 0.1215
vn -0.4747 -0.6652 -0.5763
vn 0.1471 -0.9817 -0.1208
vn 0.1505 -0.9806 -0.1255
vn 0.1587 -0.9810 -0.1114
vn 0.1475 -0.9809 -0.1267
vn 0.1415 -0.9826 -0.1206
vn -0.9131 -0.4072 0.0217
vn 0.0518 -0.3216 0.9454
vn -0.4061 -0.4141 0.8146
vn -0.3226 0.8955 0.3067
vn -0.4201 -0.0709 -0.9047
vn 0.9714 0.1040 -0.2136
vn -0.7928 -0.3400 -0.5058
vn -0.4024 0.6381 -0.6565
vn 0.6291 0.0617 -0.7749
vn 0.9726 0.0478 0.2276
vn -0.0954 0.1401 0.9855
vn -0.4822 -0.0113 0.8760
vn 0.9577 -0.0680 0.2798
vn 0.7066 0.0654 -0.7046
vn 0.7051 0.6701 -0.2321
vn 0.9466 -0.3094 0.0905
vn 0.9693 0.1738 0.1741
vn 0.7713 -0.6363 -0.0147
vn 0.9824 0.0413 0.1821
vn 0.5788 -0.7547 0.3088
vn 0.6485 -0.1641 0.7433
vn 0.6591 -0.4863 0.5737
vn 0.5964 -0.0556 0.8008
vn -0.0170 -0.3790 0.9252
vn -0.2662 0.4336 0.8609
vn 0.0829 -0.6691 0.7385
vn -0.0140 -0.2526 0.9675
vn 0.1943 -0.8958 0.3998
vn -0.5240 -0.7703 0.3634
vn -0.7785 -0.3678 0.5086
vn -0.2119 -0.9675 0.1380
vn -0.7142 -0.4871 0.5026
vn -0.7901 0.2236 0.5708
vn -0.9479 -0.2778 -0.1557
vn -0.3131 -0.9137 -0.2589
vn -0.8962 -0.3904 -0.2107
vn -0.9497 0.3084 -0.0549
vn -0.6813 -0.6867 -0.2534
vn -0.0744 -0.7530 -0.6538
vn -0.4748 -0.1358 -0.8695
vn -0.6119 0.6173 -0.4946
vn -0.3175 -0.4564 -0.8312
vn -0.4839 -0.0029 -0.8751
vn 0.2788 -0.2842 -0.9173
vn 0.1442 0.1847 -0.9722
vn 0.3158 -0.6149 -0.7226
vn 0.2101 0.0687 -0.9753
vn 0.7706 -0.2158 -0.5997
vn 0.7819 0.2733 -0.5602
vn 0.6450 -0.5691 -0.5099
vn 0.7813 0.1481 -0.6063
vn -0.3376 0.5128 -0.7893
vn -0.9021 0.2420 -0.3574
vn -0.2226 0.9558 0.1924
vn 0.5041 0.6239 -0.5971
vn -0.9398 0.1446 0.3097
vn 0.6701 0.2693 0.6917
vn -0.2312 0.8118 -0.5362
vn 0.4375 -0.5906 -0.6781
vn -0.9984 0.0562 -0.0030
vn -0.5492 0.1444 -0.8231
vn 0.4050 0.3916 -0.8262
vn 0.9770 -0.1692 0.1300
vn 0.5733 0.7974 0.1885
vn -0.0343 0.4769 0.8783
vn -0.7317 0.5869 -0.3467
vn -0.8974 -0.4396 -0.0383
vn 0.1321 -0.0745 -0.9884
vn 0.9582 0.2858 -0.0098
vn -0.0765 -0.0697 0.9946
vn -0.9620 0.1592 0.2220
vn -0.1473 0.3822 -0.9123
vn 0.1347 0.7581 0.6381
vn 0.9150 -0.4011 0.0430
vn -0.5960 -0.2476 0.7638
vn 0.2410 0.1119 0.9640
vn 0.5176 -0.7566 -0.3995
vn 0.8727 -0.1435 0.4667
vn 0.7820 -0.0172 -0.6230
vn 0.0435 0.9071 -0.4187
vn -0.7845 0.3825 -0.4882
vn -0.3374 0.3978 0.8532
vn -0.6675 -0.4502 0.5931
vn 0.8049 -0.2658 0.5306
vn 0.6412 0.3169 -0.6988
vn -0.7905 0.1278 -0.5990
vn -0.9642 0.1530 -0.2165
vn 0.9292 -0.2733 0.2486
vn -0.4182 0.2117 0.8833
vn -0.8477 -0.2560 0.4647
vn -0.6678 0.7439 -0.0265
vn 0.4243 0.6640 0.6158
vn -0.9254 0.1536 0.3465
vn 0.8842 -0.2662 -0.3839
vn -0.7920 -0.5813 0.1863
vn -0.9234 0.2200 0.3145
vn 0.9619 0.1091 -0.2506
vn -0.8396 -0.4462 0.3098
vn -0.6210 -0.2708 -0.7356
vn 0.1215 0.8897 0.4401
vn 0.0925 -0.4344 0.8959
vn -0.1306 0.9634 -0.2339
vn -0.8740 0.0129 -0.4858
vn -0.7486 0.6092 0.2617
vn -0.0345 0.9992 0.0216
vn -0.0355 0.9992 0.0185
vn 0.2433 -0.9470 0.2097
vn -0.4870 -0.8734 0.0059
vn 0.8563 -0.4356 -0.2774
vn 0.0663 -0.6944 -0.7165
vn 0.1540 -0.9772 -0.1459
vt 0.171973 0.525509
vt 0.123271 0.470458
vt 0.172144 0.469481
vt 0.329048 0.559029
vt 0.269769 0.473003
vt 0.323413 0.469622
vt 0.224429 0.536019
vt 0.271784 0.555717
vt 0.171578 0.656843
vt 0.106282 0.592595
vt 0.171766 0.593801
vt 0.074500 0.472413
vt 0.014702 0.558079
vt 0.020877 0.468708
vt 0.125000 0.930227
vt 0.075188 0.848003
vt 0.125000 0.848094
vt 0.118558 0.132190
vt 0.128554 0.179315
vt 0.084127 0.157401
vt 0.119454 0.535702
vt 0.071980 0.555113
vt 0.178317 0.661080
vt 0.208858 0.690885
vt 0.178317 0.698336
vt 0.191748 0.987956
vt 0.192024 0.935909
vt 0.236681 0.952358
vt 0.221859 0.132190
vt 0.259325 0.156810
vt 0.215194 0.179315
vt 0.237257 0.592990
vt 0.075016 0.661080
vt 0.071683 0.698336
vt 0.041227 0.690545
vt 0.058252 0.987956
vt 0.013319 0.952358
vt 0.057976 0.935909
vt 0.075883 0.082205
vt 0.118558 0.082205
vt 0.042543 0.613558
vt 0.205958 0.781989
vt 0.171652 0.781644
vt 0.125000 0.698336
vt 0.125000 0.661080
vt 0.125000 0.982481
vt 0.044042 0.781989
vt 0.078348 0.781644
vt 0.221859 0.082205
vt 0.266690 0.132190
vt 0.300872 0.614338
vt 0.244949 0.645904
vt 0.263355 0.262163
vt 0.218526 0.262623
vt 0.171874 0.132190
vt 0.171874 0.179315
vt 0.171874 0.082205
vt 0.044107 0.843803
vt 0.012944 0.920851
vt 0.205893 0.843803
vt 0.237056 0.920851
vt 0.257957 0.283956
vt 0.218526 0.288649
vt 0.125000 0.807670
vt 0.125000 0.781644
vt 0.254571 0.305310
vt 0.218526 0.355295
vt 0.085792 0.283956
vt 0.125222 0.262623
vt 0.125222 0.288649
vt 0.204260 0.792310
vt 0.171652 0.807670
vt 0.859375 0.281250
vt 0.885106 0.256635
vt 0.891894 0.281971
vt 0.878070 0.544687
vt 0.829942 0.566924
vt 0.839826 0.536375
vt 0.877139 0.631101
vt 0.823645 0.598114
vt 0.877260 0.602341
vt 0.873976 0.447406
vt 0.934594 0.467677
vt 0.874324 0.491775
vt 0.878927 0.507119
vt 0.854765 0.501683
vt 0.877556 0.574516
vt 0.877239 0.666695
vt 0.821219 0.629738
vt 0.875000 0.406250
vt 0.903699 0.436254
vt 0.834141 0.487652
vt 0.773209 0.547252
vt 0.762023 0.666908
vt 0.754270 0.625547
vt 0.915413 0.407135
vt 0.883990 0.306981
vt 0.798480 0.513179
vt 0.760116 0.585778
vt 0.960087 0.407618
vt 0.979095 0.786317
vt 0.911469 0.770080
vt 0.963302 0.747280
vt 0.976809 0.872950
vt 0.919466 0.830703
vt 0.985192 0.827584
vt 0.904686 0.378021
vt 0.858654 0.313769
vt 0.902563 0.739887
vt 0.936872 0.715119
vt 0.917002 0.800032
vt 0.935899 0.346311
vt 0.902196 0.689550
vt 0.881474 0.703189
vt 0.833644 0.305865
vt 0.859375 0.775217
vt 0.859375 0.746487
vt 0.859375 0.833482
vt 0.859375 0.804002
vt 0.876024 0.365094
vt 0.875676 0.320725
vt 0.859375 0.711581
vt 0.915262 0.870591
vt 0.801748 0.800032
vt 0.815406 0.344823
vt 0.837276 0.703189
vt 0.807280 0.770080
vt 0.803488 0.870591
vt 0.799284 0.830703
vt 0.846301 0.376246
vt 0.826856 0.280529
vt 0.816186 0.739887
vt 0.816554 0.689550
vt 0.739655 0.786317
vt 0.755447 0.747280
vt 0.741941 0.872950
vt 0.733558 0.827584
vt 0.834587 0.405365
vt 0.834760 0.255519
vt 0.781878 0.715119
vt 0.789913 0.404882
vt 0.985902 0.668598
vt 0.931328 0.630590
vt 0.995730 0.628312
vt 0.845314 0.434479
vt 0.860096 0.248731
vt 0.958042 0.517210
vt 0.924813 0.568681
vt 0.916343 0.538099
vt 0.929860 0.599530
vt 0.991899 0.589902
vt 0.814101 0.466189
vt 0.924285 0.490207
vt 0.903231 0.502984
vt 0.981025 0.551821
vt 0.583817 0.819153
vt 0.525097 0.898741
vt 0.563570 0.808626
vt 0.628063 0.806345
vt 0.654283 0.767989
vt 0.660350 0.800277
vt 0.617358 0.920610
vt 0.599032 0.823030
vt 0.621253 0.825686
vt 0.654936 0.986696
vt 0.680806 0.942579
vt 0.689993 0.977463
vt 0.642322 0.920880
vt 0.659977 0.821184
vt 0.678207 0.917205
vt 0.503995 0.889049
vt 0.506153 0.912170
vt 0.558421 0.910405
vt 0.582191 0.915969
vt 0.564827 0.936598
vt 0.703061 0.911928
vt 0.695204 0.936090
vt 0.629540 0.948432
vt 0.548693 0.797289
vt 0.569057 0.790797
vt 0.596143 0.803693
vt 0.676036 0.814794
vt 0.636957 0.824580
vt 0.738224 0.900922
vt 0.710843 0.936791
vt 0.516849 0.922305
vt 0.578566 0.943435
vt 0.645187 0.951779
vt 0.686312 0.780446
vt 0.699604 0.799854
vt 0.470058 0.299152
vt 0.452611 0.418960
vt 0.442364 0.305175
vt 0.326228 0.305757
vt 0.276172 0.426432
vt 0.298318 0.300836
vt 0.432974 0.462553
vt 0.485991 0.461930
vt 0.463692 0.498123
vt 0.430355 0.408611
vt 0.394382 0.310892
vt 0.422638 0.308709
vt 0.382064 0.410332
vt 0.346066 0.308594
vt 0.374347 0.310429
vt 0.429441 0.289859
vt 0.444161 0.437132
vt 0.384765 0.293310
vt 0.391388 0.440615
vt 0.402099 0.410794
vt 0.474849 0.279693
vt 0.489305 0.293572
vt 0.520027 0.435520
vt 0.486323 0.427222
vt 0.524818 0.416061
vt 0.338604 0.289995
vt 0.328740 0.450756
vt 0.318037 0.433814
vt 0.349490 0.437647
vt 0.421095 0.288729
vt 0.392838 0.290911
vt 0.404539 0.442386
vt 0.432796 0.440203
vt 0.375645 0.290432
vt 0.347364 0.288596
vt 0.389416 0.441153
vt 0.329708 0.286022
vt 0.301797 0.281100
vt 0.272692 0.446167
vt 0.314557 0.453549
vt 0.465799 0.279570
vt 0.438105 0.285593
vt 0.447841 0.438424
vt 0.459775 0.251877
vt 0.432082 0.257900
vt 0.475275 0.183301
vt 0.460812 0.049200
vt 0.480066 0.050836
vt 0.530222 0.182420
vt 0.498554 0.038345
vt 0.517862 0.037557
vt 0.438530 0.235355
vt 0.473347 0.205992
vt 0.470620 0.238082
vt 0.420670 0.177159
vt 0.425798 0.029735
vt 0.444696 0.033769
vt 0.367227 0.164359
vt 0.386542 0.030870
vt 0.404785 0.037239
vt 0.462714 0.036459
vt 0.443185 0.180575
vt 0.428969 0.198365
vt 0.408252 0.024832
vt 0.372938 0.186404
vt 0.389174 0.170435
vt 0.480340 0.037957
vt 0.486285 0.203235
vt 0.498043 0.183733
vt 0.391551 0.019001
vt 0.374766 0.011918
vt 0.318631 0.167443
vt 0.315861 0.144840
vt 0.336821 0.153743
vt 0.448499 0.015952
vt 0.429602 0.011918
vt 0.384420 0.192706
vt 0.415915 0.199430
vt 0.409032 0.025077
vt 0.390788 0.018708
vt 0.329315 0.175243
vt 0.359721 0.185859
vt 0.517119 0.019354
vt 0.497811 0.020142
vt 0.498972 0.206487
vt 0.531151 0.205173
vt 0.481156 0.038000
vt 0.461902 0.036364
vt 0.441257 0.203266
vt 0.482792 0.018746
vt 0.463538 0.017110
vt 0.592442 0.299152
vt 0.609889 0.418960
vt 0.576177 0.427222
vt 0.736272 0.305757
vt 0.786328 0.426432
vt 0.744463 0.433814
vt 0.576508 0.461930
vt 0.629526 0.462553
vt 0.598808 0.498123
vt 0.668118 0.310892
vt 0.632145 0.408611
vt 0.639862 0.308709
vt 0.716434 0.308594
vt 0.680436 0.410332
vt 0.688153 0.310429
vt 0.633059 0.289859
vt 0.620136 0.305175
vt 0.618339 0.437132
vt 0.677735 0.293310
vt 0.671112 0.440615
vt 0.660401 0.410794
vt 0.587651 0.279693
vt 0.573195 0.293572
vt 0.542473 0.435520
vt 0.537682 0.416061
vt 0.723896 0.289995
vt 0.733760 0.450756
vt 0.713010 0.437647
vt 0.641405 0.288729
vt 0.669662 0.290911
vt 0.657961 0.442386
vt 0.629704 0.440203
vt 0.686855 0.290432
vt 0.715136 0.288596
vt 0.673084 0.441153
vt 0.715157 0.462097
vt 0.764182 0.300836
vt 0.732792 0.286022
vt 0.760703 0.281100
vt 0.789808 0.446167
vt 0.747943 0.453549
vt 0.596701 0.279570
vt 0.624395 0.285593
vt 0.614659 0.438424
vt 0.602725 0.251877
vt 0.630418 0.257900
vt 0.601688 0.049200
vt 0.587225 0.183301
vt 0.582434 0.050836
vt 0.563946 0.038345
vt 0.532278 0.182420
vt 0.544638 0.037557
vt 0.589153 0.205992
vt 0.623970 0.235355
vt 0.591880 0.238082
vt 0.636702 0.029735
vt 0.641830 0.177159
vt 0.617804 0.033769
vt 0.675958 0.030870
vt 0.695273 0.164359
vt 0.657715 0.037239
vt 0.599786 0.036459
vt 0.619315 0.180575
vt 0.633531 0.198365
vt 0.654248 0.024832
vt 0.689562 0.186404
vt 0.673326 0.170435
vt 0.582160 0.037957
vt 0.576215 0.203235
vt 0.564457 0.183733
vt 0.670949 0.019001
vt 0.687734 0.011918
vt 0.743869 0.167443
vt 0.725679 0.153743
vt 0.746639 0.144840
vt 0.614001 0.015952
vt 0.632898 0.011918
vt 0.678080 0.192706
vt 0.646585 0.199430
vt 0.653468 0.025077
vt 0.671712 0.018708
vt 0.733185 0.175243
vt 0.702779 0.185859
vt 0.545381 0.019354
vt 0.564689 0.020142
vt 0.563528 0.206487
vt 0.531349 0.205173
vt 0.581344 0.038000
vt 0.600598 0.036364
vt 0.621243 0.203266
vt 0.579708 0.018746
vt 0.598962 0.017110
vt 0.591894 0.553935
vt 0.596099 0.670420
vt 0.565221 0.670324
vt 0.661891 0.539884
vt 0.707992 0.517253
vt 0.696257 0.551619
vt 0.646241 0.672498
vt 0.630187 0.559218
vt 0.651158 0.561710
vt 0.654725 0.743741
vt 0.700126 0.699822
vt 0.699385 0.744482
vt 0.665705 0.672505
vt 0.688747 0.564166
vt 0.692970 0.674751
vt 0.539183 0.673586
vt 0.560483 0.699517
vt 0.618158 0.670318
vt 0.607549 0.698030
vt 0.713187 0.675663
vt 0.655466 0.699081
vt 0.573927 0.543921
vt 0.589433 0.539480
vt 0.616127 0.558247
vt 0.623226 0.538650
vt 0.705802 0.561815
vt 0.665411 0.562671
vt 0.750343 0.684231
vt 0.722704 0.536890
vt 0.729700 0.551184
vt 0.475035 0.896805
vt 0.416687 0.817484
vt 0.437045 0.807124
vt 0.346512 0.765393
vt 0.372610 0.804000
vt 0.340258 0.797746
vt 0.401378 0.820931
vt 0.382942 0.918473
vt 0.379264 0.823404
vt 0.319277 0.940305
vt 0.345072 0.984607
vt 0.309960 0.975243
vt 0.340539 0.818708
vt 0.357920 0.918673
vt 0.321961 0.914878
vt 0.496029 0.887246
vt 0.493811 0.910207
vt 0.441924 0.908287
vt 0.435599 0.934449
vt 0.418212 0.913904
vt 0.297065 0.909509
vt 0.304863 0.933754
vt 0.370652 0.946324
vt 0.451921 0.795947
vt 0.431753 0.789299
vt 0.404595 0.801781
vt 0.324470 0.812241
vt 0.363577 0.822212
vt 0.289184 0.934408
vt 0.261852 0.898364
vt 0.483153 0.920218
vt 0.421781 0.941450
vt 0.314297 0.777763
vt 0.300897 0.797177
vt 0.472674 0.553515
vt 0.466172 0.670436
vt 0.448840 0.557628
vt 0.358037 0.516687
vt 0.403337 0.539790
vt 0.369135 0.550888
vt 0.434818 0.558888
vt 0.417463 0.671612
vt 0.413919 0.561328
vt 0.361463 0.698698
vt 0.407013 0.744411
vt 0.361381 0.744329
vt 0.376363 0.563519
vt 0.396244 0.671469
vt 0.369115 0.673465
vt 0.524341 0.674079
vt 0.501864 0.699979
vt 0.497190 0.670430
vt 0.455226 0.697701
vt 0.445687 0.670282
vt 0.348855 0.673975
vt 0.407094 0.698780
vt 0.489563 0.544288
vt 0.475118 0.539766
vt 0.441734 0.538362
vt 0.359414 0.560790
vt 0.399780 0.562448
vt 0.311436 0.681605
vt 0.343237 0.535559
vt 0.335902 0.549582
vt 0.171874 0.262623
vt 0.078348 0.807670
vt 0.174812 0.848003
vt 0.221010 0.470753
vt 0.931835 0.183848
vt 0.936637 0.138592
vt 0.957238 0.215476
vt 0.927027 0.159369
vt 0.909654 0.133395
vt 0.886954 0.200037
vt 0.913576 0.184854
vt 0.913520 0.254361
vt 0.935769 0.253661
vt 0.860426 0.091102
vt 0.899525 0.125463
vt 0.879538 0.124938
vt 0.936353 0.272201
vt 0.914104 0.272902
vt 0.896707 0.262583
vt 0.870141 0.208259
vt 0.913985 0.110910
vt 0.940968 0.116107
vt 0.951589 0.134586
vt 0.972190 0.211470
vt 0.973609 0.224681
vt 0.952140 0.262865
vt 0.870996 0.194601
vt 0.893696 0.127959
vt 0.914034 0.159456
vt 0.882600 0.008348
vt 0.920824 0.076021
vt 0.782113 0.138592
vt 0.786915 0.183848
vt 0.761512 0.215477
vt 0.809096 0.133395
vt 0.791723 0.159369
vt 0.831796 0.200037
vt 0.805230 0.254361
vt 0.805174 0.184854
vt 0.782981 0.253661
vt 0.858324 0.091102
vt 0.819225 0.125463
vt 0.797926 0.076021
vt 0.782397 0.272201
vt 0.804646 0.272902
vt 0.822043 0.262583
vt 0.848609 0.208259
vt 0.804765 0.110910
vt 0.777782 0.116107
vt 0.767161 0.134585
vt 0.746560 0.211470
vt 0.745141 0.224681
vt 0.766610 0.262865
vt 0.847754 0.194601
vt 0.825054 0.127959
vt 0.804716 0.159456
vt 0.836150 0.008348
vt 0.816163 0.008873
vt 0.857453 0.895108
vt 0.834384 0.895108
vt 0.826694 0.906642
vt 0.868987 0.906642
vt 0.826694 0.937401
vt 0.868987 0.937401
vt 0.838228 0.941246
vt 0.826694 0.941246
vt 0.872832 0.914332
vt 0.892056 0.918177
vt 0.872832 0.925866
vt 0.892056 0.925866
vt 0.826694 0.979694
vt 0.838228 0.979694
vt 0.853608 0.941246
vt 0.842073 0.941246
vt 0.842073 0.979694
vt 0.853608 0.979694
vt 0.868987 0.941246
vt 0.857453 0.941246
vt 0.857453 0.979694
vt 0.868987 0.979694
vt 0.978116 0.895306
vt 0.955047 0.895306
vt 0.985806 0.906841
vt 0.943513 0.906841
vt 0.985806 0.937599
vt 0.943513 0.937599
vt 0.985806 0.941444
vt 0.974272 0.941444
vt 0.920444 0.918375
vt 0.939668 0.914530
vt 0.939668 0.926065
vt 0.920444 0.926065
vt 0.985806 0.979892
vt 0.974271 0.979892
vt 0.970427 0.941444
vt 0.958892 0.941444
vt 0.970427 0.979892
vt 0.958892 0.979892
vt 0.955047 0.941444
vt 0.943513 0.941444
vt 0.955047 0.979892
vt 0.943513 0.979892
vt 0.313333 0.262987
vt 0.264729 0.178800
vt 0.314707 0.179624
vt 0.080395 0.262029
vt 0.029043 0.179491
vt 0.079021 0.178667
vt 0.045740 0.792310
vt 0.171874 0.288649
vt 0.089178 0.305310
vt 0.125222 0.355295
vt 0.089178 0.355295
vt 0.171874 0.355295
vt 0.258261 0.428276
vt 0.222142 0.374707
vt 0.258703 0.375010
vt 0.203680 0.835893
vt 0.171456 0.824544
vt 0.122879 0.445430
vt 0.172218 0.444951
vt 0.262059 0.446607
vt 0.221554 0.445728
vt 0.078544 0.824545
vt 0.125000 0.824607
vt 0.086278 0.427757
vt 0.122719 0.374407
vt 0.046320 0.835893
vt 0.082368 0.446065
vt 0.172431 0.374407
vt 0.098275 0.645461
vt 0.075883 0.132190
vt 0.209751 0.698701
vt 0.040249 0.698701
vt 0.266690 0.082205
vt 0.254571 0.355295
vt 0.820367 0.668598
vt 0.859375 0.867625
vt 0.930940 0.664137
vt 0.621995 0.774057
vt 0.746005 0.925786
vt 0.549386 0.936459
vt 0.613431 0.950870
vt 0.347343 0.462097
vt 0.673626 0.505518
vt 0.740954 0.713101
vt 0.378865 0.771648
vt 0.354952 0.949636
vt 0.253971 0.923263
vt 0.450816 0.934174
vt 0.386808 0.948822
vt 0.392239 0.505589
vt 0.320054 0.710886
vt 0.902587 0.008873
vt 0.839212 0.124938
vt 0.030417 0.262853
vt 0.086158 0.374489
s 1
f 3762/4993/3963 3480/4994/3963 3764/4995/3963
f 3503/4996/3964 3473/4997/3964 3476/4998/3964
f 3497/4999/3965 3473/4997/3965 3498/5000/3965
f 3757/5001/3966 3485/5002/3966 3761/5003/3966
f 3479/5004/3967 3492/5005/3967 3477/5006/3967
f 3758/5007/3968 3475/5008/3968 3763/5009/3968
f 3481/5010/3969 3482/5011/3969 3483/5012/3969
f 3484/5013/3970 3485/5002/3970 3486/5014/3970
f 3487/5015/3971 3488/5016/3971 3489/5017/3971
f 3490/5018/3972 3491/5019/3972 3492/5020/3972
f 3493/5021/3973 3494/5022/3973 3495/5023/3973
f 3496/5024/3974 3497/4999/3974 3498/5000/3974
f 3499/5025/3975 3500/5026/3975 3501/5027/3975
f 3502/5028/3976 3503/5029/3976 3504/5030/3976
f 3481/5010/3977 3488/5031/3977 3487/5032/3977
f 3484/5013/3978 3479/5004/3978 3480/4994/3978
f 3485/5002/3979 3492/5033/3979 3486/5014/3979
f 3489/5017/3980 3887/5034/3980 3890/5035/3980
f 3487/5015/3981 3756/5036/3981 3755/5037/3981
f 3757/5038/3982 3504/5030/3982 3758/5007/3982
f 3891/5039/3983 3500/5026/3983 3885/5040/3983
f 3499/5041/3984 3494/5042/3984 3493/5021/3984
f 3496/5024/3985 3503/5043/3985 3502/5044/3985
f 3495/5023/3986 3888/5045/3986 3892/5046/3986
f 3759/5047/3987 3495/5023/3987 3760/5048/3987
f 3761/5003/3988 3484/5013/3988 3762/4993/3988
f 3499/5041/3989 3759/5047/3989 3755/5049/3989
f 3476/5050/3990 3504/5030/3990 3503/5051/3990
f 3491/5019/3991 3477/5052/3991 3492/5053/3991
f 3892/5046/3992 3888/5054/3992 3898/5055/3992
f 3890/5035/3993 3902/5056/3994 3894/5057/3994
f 3888/5058/3995 3895/5059/3995 3898/5055/3995
f 3889/5060/3996 3886/5061/3996 3896/5062/3996
f 3890/5035/3997 3887/5063/3997 3897/5064/3997
f 3554/5065/3998 3562/5066/3998 3511/5067/3998
f 3561/5068/3999 3509/5069/3999 3510/5070/3999
f 3558/5071/4000 3508/5072/4000 3559/5073/4000
f 3556/5074/4001 3506/5075/4001 3557/5076/4001
f 3562/5077/4002 3510/5070/4002 3511/5078/4002
f 3560/5079/4003 3508/5072/4004 3509/5069/4005
f 3557/5080/4006 3507/5081/4006 3558/5071/4006
f 3556/5074/4007 3555/5082/4007 3505/5083/4007
f 3510/5070/4008 3518/5084/4008 3511/5078/4008
f 3508/5072/4009 3516/5085/4010 3509/5069/4011
f 3507/5081/4012 3513/5086/4012 3514/5087/4012
f 3505/5083/4013 3555/5082/4013 3512/5088/4013
f 3554/5065/4014 3511/5067/4014 3518/5089/4014
f 3509/5069/4015 3517/5090/4015 3510/5070/4015
f 3508/5072/4016 3514/5087/4016 3515/5091/4016
f 3505/5083/4017 3513/5092/4017 3506/5075/4017
f 3515/5093/4018 3523/5094/4019 3516/5095/4020
f 3513/5096/4021 3521/5097/4021 3514/5098/4021
f 3512/5088/4022 3555/5082/4022 3519/5099/4022
f 3554/5065/4023 3518/5089/4023 3525/5100/4023
f 3516/5095/4024 3524/5101/4024 3517/5102/4024
f 3514/5098/4025 3522/5103/4025 3515/5093/4025
f 3512/5088/4026 3520/5104/4026 3513/5092/4026
f 3518/5105/4027 3524/5101/4027 3525/5106/4027
f 3554/5065/4028 3525/5100/4028 3532/5107/4028
f 3524/5101/4029 3530/5108/4030 3531/5109/4031
f 3522/5103/4032 3528/5110/4032 3529/5111/4032
f 3520/5104/4033 3526/5112/4033 3527/5113/4033
f 3525/5106/4034 3531/5109/4034 3532/5114/4034
f 3523/5094/4035 3529/5111/4036 3530/5108/4037
f 3520/5115/4038 3528/5110/4038 3521/5097/4038
f 3519/5099/4039 3555/5082/4039 3526/5112/4039
f 3528/5110/4040 3536/5116/4040 3529/5111/4040
f 3526/5112/4041 3534/5117/4041 3527/5113/4041
f 3531/5109/4042 3539/5118/4042 3532/5114/4042
f 3529/5111/4043 3537/5119/4044 3530/5108/4045
f 3528/5110/4046 3534/5120/4046 3535/5121/4046
f 3526/5112/4047 3555/5082/4047 3533/5122/4047
f 3554/5065/4048 3532/5107/4048 3539/5123/4048
f 3530/5108/4049 3538/5124/4050 3531/5109/4051
f 3538/5124/4052 3546/5125/4052 3539/5118/4052
f 3537/5119/4053 3543/5126/4054 3544/5127/4055
f 3535/5121/4056 3541/5128/4056 3542/5129/4056
f 3533/5122/4057 3555/5082/4057 3540/5130/4057
f 3554/5065/4058 3539/5123/4058 3546/5131/4058
f 3538/5124/4059 3544/5127/4059 3545/5132/4059
f 3536/5116/4060 3542/5129/4060 3543/5126/4060
f 3533/5122/4061 3541/5133/4061 3534/5117/4061
f 3541/5134/4062 3549/5135/4062 3542/5136/4062
f 3540/5130/4063 3555/5082/4063 3547/5137/4063
f 3554/5065/4064 3546/5131/4064 3553/5138/4064
f 3545/5139/4065 3551/5140/4065 3552/5141/4065
f 3542/5136/4066 3550/5142/4066 3543/5143/4066
f 3540/5130/4067 3548/5144/4067 3541/5133/4067
f 3546/5145/4068 3552/5141/4068 3553/5146/4068
f 3544/5147/4069 3550/5142/4070 3551/5140/4071
f 3554/5065/4072 3553/5138/4072 3562/5066/4072
f 3551/5140/4073 3561/5068/4073 3552/5141/4073
f 3550/5142/4074 3558/5071/4074 3559/5073/4074
f 3548/5144/4075 3556/5074/4075 3557/5076/4075
f 3552/5141/4076 3562/5077/4076 3553/5146/4076
f 3550/5142/4077 3560/5079/4078 3551/5140/4079
f 3549/5135/4080 3557/5080/4080 3558/5071/4080
f 3547/5137/4081 3555/5082/4081 3556/5074/4081
f 3579/5148/4082 3564/5149/4082 3577/5150/4082
f 3585/5151/4083 3576/5152/4083 3583/5153/4083
f 3572/5154/4084 3578/5155/4084 3584/5156/4084
f 3568/5157/4085 3570/5158/4085 3565/5159/4085
f 3573/5160/4086 3582/5161/4086 3571/5162/4086
f 3563/5163/4087 3564/5149/4087 3565/5164/4087
f 3566/5165/4088 3567/5166/4088 3568/5167/4088
f 3569/5168/4089 3570/5169/4089 3571/5162/4089
f 3572/5154/4090 3573/5160/4090 3574/5170/4090
f 3575/5171/4091 3576/5172/4091 3577/5150/4091
f 3578/5155/4092 3579/5148/4092 3580/5173/4092
f 3581/5174/4093 3582/5161/4093 3583/5153/4093
f 3584/5156/4094 3585/5151/4094 3586/5175/4094
f 3563/5176/4095 3570/5177/4095 3569/5168/4095
f 3566/5165/4096 3565/5178/4096 3564/5149/4096
f 3572/5154/4097 3568/5179/4097 3567/5166/4097
f 3573/5160/4098 3570/5158/4098 3574/5180/4098
f 3581/5174/4099 3571/5162/4099 3582/5161/4099
f 3584/5156/4100 3573/5160/4100 3572/5154/4100
f 3583/5153/4101 3586/5175/4101 3585/5151/4101
f 3581/5174/4102 3576/5181/4102 3575/5182/4102
f 3578/5155/4103 3585/5151/4103 3584/5156/4103
f 3577/5150/4104 3580/5173/4104 3579/5148/4104
f 3575/5171/4105 3564/5149/4105 3563/5163/4105
f 3567/5166/4106 3579/5148/4106 3578/5155/4106
f 3581/5174/4107 3563/5176/4107 3569/5168/4107
f 3601/5183/4108 3590/5184/4108 3588/5185/4108
f 3607/5186/4109 3604/5187/4110 3600/5188/4111
f 3596/5189/4112 3602/5190/4113 3608/5191/4114
f 3592/5192/4115 3594/5193/4115 3589/5194/4115
f 3597/5195/4116 3606/5196/4116 3595/5197/4116
f 3587/5198/4117 3588/5185/4117 3589/5194/4117
f 3590/5184/4118 3591/5199/4118 3592/5192/4118
f 3593/5200/4119 3594/5193/4119 3595/5197/4119
f 3596/5201/4120 3597/5195/4121 3598/5202/4122
f 3599/5203/4123 3600/5204/4123 3601/5183/4123
f 3602/5205/4124 3603/5206/4124 3604/5207/4124
f 3605/5208/4125 3606/5196/4125 3607/5186/4125
f 3608/5209/4126 3609/5210/4126 3610/5211/4126
f 3587/5212/4127 3594/5193/4127 3593/5213/4127
f 3588/5185/4128 3592/5192/4128 3589/5194/4128
f 3596/5214/4129 3592/5192/4130 3591/5215/4131
f 3597/5195/4132 3594/5193/4132 3598/5202/4132
f 3593/5216/4133 3606/5196/4133 3605/5217/4133
f 3596/5218/4120 3610/5211/4134 3597/5195/4121
f 3609/5210/4135 3606/5196/4135 3610/5211/4135
f 3605/5219/4136 3600/5188/4136 3599/5220/4136
f 3602/5221/4137 3609/5210/4138 3608/5222/4139
f 3601/5183/4140 3604/5207/4141 3603/5206/4142
f 3599/5223/4143 3588/5185/4143 3587/5224/4143
f 3591/5225/4144 3603/5206/4144 3602/5190/4144
f 3605/5226/4145 3587/5224/4145 3593/5227/4145
f 3627/5228/4146 3612/5229/4146 3625/5230/4146
f 3633/5231/4147 3624/5232/4147 3631/5233/4147
f 3620/5234/4148 3626/5235/4148 3632/5236/4148
f 3616/5237/4149 3618/5238/4149 3613/5239/4149
f 3621/5240/4150 3630/5241/4150 3619/5242/4150
f 3611/5243/4151 3612/5229/4151 3613/5239/4151
f 3614/5244/4152 3615/5245/4152 3616/5237/4152
f 3617/5246/4151 3618/5238/4151 3619/5242/4151
f 3620/5247/4153 3621/5240/4153 3622/5248/4153
f 3623/5249/4154 3624/5232/4154 3625/5230/4154
f 3626/5250/4155 3627/5228/4155 3628/5251/4155
f 3629/5252/4154 3630/5241/4154 3631/5253/4154
f 3632/5254/4156 3633/5255/4156 3634/5256/4156
f 3611/5257/4151 3618/5238/4151 3617/5258/4151
f 3612/5229/4157 3616/5237/4157 3613/5239/4157
f 3620/5259/4158 3616/5237/4158 3615/5260/4158
f 3619/5242/4159 3622/5248/4159 3621/5240/4159
f 3617/5261/4160 3630/5241/4160 3629/5262/4160
f 3632/5263/4161 3621/5240/4161 3620/5264/4161
f 3633/5255/4162 3630/5241/4162 3634/5256/4162
f 3629/5265/4154 3624/5232/4154 3623/5266/4154
f 3626/5267/4163 3633/5231/4163 3632/5268/4163
f 3625/5230/4164 3628/5251/4164 3627/5228/4164
f 3623/5269/4160 3612/5229/4160 3611/5270/4160
f 3615/5271/4165 3627/5228/4165 3626/5235/4165
f 3629/5272/4160 3611/5270/4160 3617/5273/4160
f 3649/5274/4166 3638/5275/4166 3651/5276/4166
f 3655/5277/4167 3652/5278/4168 3657/5279/4169
f 3650/5280/4170 3644/5281/4171 3656/5282/4172
f 3642/5283/4173 3640/5284/4173 3637/5285/4173
f 3654/5286/4174 3645/5287/4174 3643/5288/4174
f 3635/5289/4175 3637/5285/4175 3636/5290/4175
f 3638/5275/4176 3640/5284/4176 3639/5291/4176
f 3641/5292/4177 3643/5288/4177 3642/5283/4177
f 3644/5293/4178 3646/5294/4179 3645/5287/4180
f 3647/5295/4181 3649/5274/4181 3648/5296/4181
f 3650/5297/4182 3652/5298/4182 3651/5276/4182
f 3653/5299/4183 3655/5277/4183 3654/5286/4183
f 3656/5300/4184 3658/5301/4184 3657/5279/4184
f 3642/5283/4185 3635/5302/4185 3641/5303/4185
f 3636/5290/4186 3640/5284/4186 3638/5275/4186
f 3640/5284/4187 3644/5304/4188 3639/5305/4189
f 3645/5287/4190 3642/5283/4190 3643/5288/4190
f 3654/5286/4191 3641/5306/4191 3653/5307/4191
f 3644/5308/4192 3658/5301/4192 3656/5309/4192
f 3657/5279/4193 3654/5286/4193 3655/5277/4193
f 3648/5310/4194 3653/5311/4194 3647/5312/4194
f 3657/5279/4195 3650/5313/4196 3656/5314/4197
f 3652/5298/4198 3649/5274/4199 3651/5276/4200
f 3636/5290/4201 3647/5315/4201 3635/5316/4201
f 3651/5276/4202 3639/5317/4202 3650/5280/4202
f 3635/5316/4203 3653/5318/4203 3641/5319/4203
f 3660/5320/4204 3675/5321/4204 3673/5322/4204
f 3672/5323/4205 3681/5324/4205 3679/5325/4205
f 3674/5326/4206 3668/5327/4206 3680/5328/4206
f 3666/5329/4207 3664/5330/4207 3661/5331/4207
f 3678/5332/4208 3669/5333/4208 3667/5334/4208
f 3659/5335/4209 3661/5331/4209 3660/5320/4209
f 3662/5336/4210 3664/5330/4210 3663/5337/4210
f 3665/5338/4209 3667/5334/4209 3666/5329/4209
f 3668/5339/4211 3670/5340/4211 3669/5333/4211
f 3671/5341/4212 3673/5322/4212 3672/5323/4212
f 3674/5342/4213 3676/5343/4213 3675/5321/4213
f 3677/5344/4212 3679/5345/4212 3678/5332/4212
f 3680/5346/4214 3682/5347/4214 3681/5348/4214
f 3666/5329/4209 3659/5349/4209 3665/5350/4209
f 3660/5320/4215 3664/5330/4215 3662/5336/4215
f 3664/5330/4216 3668/5351/4216 3663/5352/4216
f 3670/5340/4217 3667/5334/4217 3669/5333/4217
f 3678/5332/4218 3665/5353/4218 3677/5354/4218
f 3669/5333/4219 3680/5355/4219 3668/5356/4219
f 3681/5348/4220 3678/5332/4220 3679/5345/4220
f 3672/5323/4212 3677/5357/4212 3671/5358/4212
f 3681/5324/4221 3674/5359/4221 3680/5360/4221
f 3676/5343/4222 3673/5322/4222 3675/5321/4222
f 3660/5320/4218 3671/5361/4218 3659/5362/4218
f 3675/5321/4223 3663/5363/4223 3674/5326/4223
f 3659/5362/4218 3677/5364/4218 3665/5365/4218
f 3697/5366/4224 3686/5367/4224 3684/5368/4224
f 3705/5369/4225 3696/5370/4225 3703/5371/4225
f 3692/5372/4226 3698/5373/4226 3704/5374/4226
f 3688/5375/4227 3690/5376/4227 3685/5377/4227
f 3693/5378/4228 3702/5379/4228 3691/5380/4228
f 3683/5381/4229 3684/5368/4229 3685/5382/4229
f 3686/5367/4230 3687/5383/4230 3688/5384/4230
f 3689/5385/4231 3690/5376/4231 3691/5380/4231
f 3692/5372/4232 3693/5378/4232 3694/5386/4232
f 3695/5387/4225 3696/5388/4225 3697/5366/4225
f 3698/5373/4233 3699/5389/4233 3700/5390/4233
f 3701/5391/4225 3702/5379/4225 3703/5371/4225
f 3704/5374/4234 3705/5369/4234 3706/5392/4234
f 3683/5393/4235 3690/5376/4235 3689/5385/4235
f 3686/5367/4236 3685/5382/4236 3684/5368/4236
f 3692/5372/4237 3688/5384/4237 3687/5383/4237
f 3691/5380/4238 3694/5386/4238 3693/5378/4238
f 3701/5391/4239 3691/5380/4239 3702/5379/4239
f 3704/5374/4240 3693/5378/4241 3692/5372/4241
f 3705/5369/4242 3702/5379/4242 3706/5392/4242
f 3701/5391/4225 3696/5394/4225 3695/5395/4225
f 3698/5373/4243 3705/5369/4243 3704/5374/4243
f 3697/5366/4244 3700/5390/4244 3699/5389/4244
f 3695/5387/4245 3684/5368/4245 3683/5381/4245
f 3687/5383/4246 3699/5389/4246 3698/5373/4246
f 3701/5391/4247 3683/5393/4247 3689/5385/4247
f 3708/5396/4248 3723/5397/4248 3721/5398/4248
f 3720/5399/4249 3729/5400/4249 3727/5401/4250
f 3722/5402/4251 3716/5403/4251 3728/5404/4251
f 3714/5405/4252 3712/5406/4252 3709/5407/4252
f 3726/5408/4253 3717/5409/4253 3715/5410/4253
f 3707/5411/4254 3709/5412/4254 3708/5396/4254
f 3710/5413/4255 3712/5414/4255 3711/5415/4255
f 3713/5416/4256 3715/5410/4256 3714/5417/4256
f 3716/5403/4257 3718/5418/4257 3717/5409/4257
f 3719/5419/4258 3721/5398/4258 3720/5420/4258
f 3722/5402/4259 3724/5421/4259 3723/5397/4259
f 3725/5422/4260 3727/5401/4260 3726/5408/4260
f 3728/5404/4261 3730/5423/4261 3729/5400/4261
f 3714/5424/4262 3707/5425/4262 3713/5416/4262
f 3709/5426/4263 3710/5413/4263 3708/5396/4263
f 3712/5427/4264 3716/5403/4264 3711/5415/4264
f 3717/5409/4265 3714/5405/4265 3715/5410/4265
f 3725/5422/4266 3715/5410/4266 3713/5416/4266
f 3717/5409/4267 3728/5404/4267 3716/5403/4267
f 3730/5423/4268 3727/5401/4268 3729/5400/4268
f 3720/5428/4269 3725/5422/4269 3719/5429/4269
f 3729/5400/4270 3722/5402/4270 3728/5404/4270
f 3724/5421/4271 3721/5398/4271 3723/5397/4271
f 3708/5396/4272 3719/5419/4272 3707/5411/4272
f 3723/5397/4273 3711/5415/4273 3722/5402/4273
f 3707/5425/4274 3725/5422/4274 3713/5416/4274
f 3745/5430/4275 3734/5431/4275 3747/5432/4275
f 3744/5433/4276 3753/5434/4276 3751/5435/4276
f 3746/5436/4277 3740/5437/4277 3752/5438/4277
f 3738/5439/4278 3736/5440/4278 3733/5441/4278
f 3750/5442/4279 3741/5443/4279 3739/5444/4279
f 3731/5445/4280 3733/5446/4280 3732/5447/4280
f 3734/5431/4281 3736/5448/4281 3735/5449/4281
f 3737/5450/4282 3739/5444/4282 3738/5439/4282
f 3740/5437/4283 3742/5451/4283 3741/5443/4283
f 3743/5452/4276 3745/5430/4276 3744/5453/4276
f 3746/5436/4284 3748/5454/4284 3747/5432/4284
f 3749/5455/4276 3751/5435/4276 3750/5442/4276
f 3752/5438/4285 3754/5456/4285 3753/5434/4285
f 3738/5439/4286 3731/5457/4286 3737/5450/4286
f 3733/5446/4287 3734/5431/4287 3732/5447/4287
f 3736/5448/4288 3740/5437/4288 3735/5449/4288
f 3742/5451/4289 3739/5444/4289 3741/5443/4289
f 3749/5455/4290 3739/5444/4290 3737/5450/4290
f 3741/5443/4291 3752/5438/4291 3740/5437/4291
f 3753/5434/4276 3750/5442/4276 3751/5435/4276
f 3744/5458/4276 3749/5455/4276 3743/5459/4276
f 3753/5434/4292 3746/5436/4292 3752/5438/4292
f 3748/5454/4293 3745/5430/4293 3747/5432/4293
f 3732/5447/4294 3743/5452/4294 3731/5445/4294
f 3747/5432/4295 3735/5449/4295 3746/5436/4295
f 3731/5457/4296 3749/5455/4296 3737/5450/4296
f 3893/5460/4297 3896/5062/4298 3886/5061/4299
f 3894/5057/3994 3895/5461/4300 3885/5040/4301
f 3755/5049/3989 3481/5010/3989 3487/5032/3989
f 3761/5003/4302 3497/4999/4302 3496/5024/4302
f 3759/5047/3987 3482/5011/3987 3481/5010/3987
f 3757/5038/4303 3491/5019/4303 3490/5018/4303
f 3499/5025/3981 3756/5036/3981 3500/5026/3981
f 3478/5462/3968 3758/5007/3968 3763/5009/3968
f 3757/5001/4304 3496/5024/4304 3502/5044/4304
f 3474/5463/3963 3762/4993/3963 3764/4995/3963
f 3766/5464/4305 3774/5465/4305 3780/5466/4305
f 3768/5467/4161 3775/5468/4161 3774/5465/4161
f 3779/5469/4306 3770/5470/4306 3776/5471/4306
f 3770/5470/4307 3773/5472/4307 3776/5471/4307
f 3777/5473/4160 3769/5474/4160 3765/5475/4160
f 3776/5471/4308 3765/5476/4308 3769/5477/4308
f 3779/5469/4309 3769/5478/4309 3778/5479/4309
f 3774/5465/4310 3771/5480/4310 3767/5481/4310
f 3780/5466/4311 3767/5482/4311 3777/5483/4311
f 3773/5472/4312 3777/5484/4312 3765/5485/4312
f 3775/5468/4313 3778/5486/4313 3771/5487/4313
f 3768/5467/4148 3770/5470/4148 3772/5488/4148
f 3767/5489/4160 3778/5490/4160 3777/5473/4160
f 3772/5488/4314 3779/5469/4314 3775/5468/4314
f 3773/5472/4315 3766/5464/4315 3780/5466/4315
f 3790/5491/4316 3782/5492/4316 3796/5493/4316
f 3791/5494/4219 3784/5495/4219 3790/5491/4219
f 3795/5496/4317 3792/5497/4317 3786/5498/4317
f 3789/5499/4318 3786/5498/4318 3792/5497/4318
f 3793/5500/4218 3785/5501/4218 3794/5502/4218
f 3781/5503/4319 3792/5497/4319 3785/5504/4319
f 3785/5505/4320 3795/5496/4320 3794/5506/4320
f 3787/5507/4321 3790/5491/4321 3783/5508/4321
f 3783/5509/4322 3796/5493/4322 3793/5510/4322
f 3793/5511/4323 3789/5499/4323 3781/5512/4323
f 3794/5513/4324 3791/5494/4324 3787/5514/4324
f 3786/5498/4206 3784/5495/4206 3788/5515/4206
f 3783/5516/4218 3794/5502/4218 3787/5517/4218
f 3795/5496/4325 3788/5515/4325 3791/5494/4325
f 3789/5499/4326 3796/5493/4326 3782/5492/4326
f 3798/5518/4327 3799/5519/4327 3797/5518/4327
f 3800/5519/4328 3803/5520/4328 3799/5519/4328
f 3802/5521/4329 3797/5518/4329 3801/5521/4329
f 3803/5520/4330 3797/5518/4330 3799/5519/4330
f 3804/5520/4331 3798/5518/4331 3802/5521/4331
f 3804/5520/4332 3807/5522/4332 3803/5520/4332
f 3801/5521/4333 3806/5523/4334 3802/5521/4335
f 3803/5520/4330 3805/5523/4330 3801/5521/4330
f 3817/5524/4327 3820/5525/4327 3819/5525/4327
f 3809/5526/4336 3814/5527/4336 3810/5526/4336
f 3808/5522/4337 3805/5523/4337 3807/5522/4337
f 3812/5528/4332 3809/5526/4332 3810/5526/4332
f 3813/5527/4333 3816/5529/4333 3814/5527/4334
f 3812/5528/4337 3815/5529/4337 3811/5528/4337
f 3812/5528/4331 3814/5527/4331 3816/5529/4331
f 3811/5528/4330 3813/5527/4330 3809/5526/4330
f 3818/5524/4331 3824/5530/4331 3820/5525/4331
f 3824/5530/4337 3821/5531/4337 3823/5530/4337
f 3820/5525/4332 3823/5530/4332 3819/5525/4332
f 3817/5524/4333 3822/5531/4333 3818/5524/4333
f 3819/5525/4330 3821/5531/4330 3817/5524/4330
f 3825/5532/4327 3828/5533/4327 3827/5533/4327
f 3826/5532/4331 3832/5534/4331 3828/5533/4331
f 3832/5534/4337 3829/5535/4337 3831/5534/4337
f 3828/5533/4338 3831/5534/4332 3827/5533/4338
f 3825/5532/4333 3830/5535/4333 3826/5532/4333
f 3827/5533/4330 3829/5535/4330 3825/5532/4330
f 3833/5536/4327 3836/5537/4327 3835/5537/4327
f 3834/5536/4331 3840/5538/4331 3836/5537/4331
f 3840/5538/4337 3837/5539/4337 3839/5538/4337
f 3836/5537/4332 3839/5538/4332 3835/5537/4332
f 3833/5536/4333 3838/5539/4333 3834/5536/4335
f 3835/5537/4330 3837/5539/4330 3833/5536/4330
f 3843/5540/4339 3842/5541/4339 3841/5541/4339
f 3847/5542/4340 3844/5540/4340 3843/5540/4340
f 3802/5521/4331 3808/5522/4331 3804/5520/4331
f 3841/5541/4341 3846/5543/4341 3845/5543/4341
f 3841/5541/4342 3847/5542/4342 3843/5540/4342
f 3848/5542/4343 3842/5541/4343 3844/5540/4343
f 3851/5544/4344 3848/5542/4344 3847/5542/4344
f 3850/5545/4345 3845/5543/4345 3846/5543/4345
f 3849/5545/4342 3847/5542/4342 3845/5543/4342
f 3864/5546/4339 3861/5547/4339 3863/5546/4339
f 3858/5548/4346 3853/5549/4347 3854/5549/4347
f 3849/5545/4348 3852/5544/4348 3851/5544/4348
f 3853/5549/4344 3856/5550/4344 3854/5549/4344
f 3860/5551/4345 3857/5548/4345 3858/5548/4345
f 3859/5551/4348 3856/5550/4348 3855/5550/4348
f 3856/5550/4343 3858/5548/4343 3854/5549/4343
f 3857/5548/4342 3855/5550/4342 3853/5549/4342
f 3868/5552/4343 3862/5547/4343 3864/5546/4343
f 3865/5553/4348 3868/5552/4348 3867/5552/4348
f 3867/5552/4344 3864/5546/4344 3863/5546/4344
f 3866/5553/4345 3861/5547/4345 3862/5547/4345
f 3865/5553/4342 3863/5546/4342 3861/5547/4342
f 3872/5554/4339 3869/5555/4339 3871/5554/4339
f 3876/5556/4343 3870/5555/4343 3872/5554/4343
f 3873/5557/4348 3876/5556/4348 3875/5556/4348
f 3875/5556/4344 3872/5554/4344 3871/5554/4344
f 3874/5557/4345 3869/5555/4345 3870/5555/4345
f 3873/5557/4342 3871/5554/4342 3869/5555/4342
f 3880/5558/4339 3877/5559/4339 3879/5558/4339
f 3884/5560/4343 3878/5559/4343 3880/5558/4343
f 3881/5561/4348 3884/5560/4348 3883/5560/4348
f 3883/5560/4344 3880/5558/4344 3879/5558/4344
f 3882/5561/4345 3877/5559/4345 3878/5559/4345
f 3881/5561/4342 3879/5558/4342 3877/5559/4342
f 3852/5544/4343 3846/5543/4343 3848/5542/4343
f 3890/5035/4349 3756/5036/4349 3489/5017/4349
f 3495/5023/4350 3893/5460/4350 3760/5048/4350
f 3893/5460/4350 3482/5011/4350 3760/5048/4350
f 3891/5562/4351 3494/5563/4351 3501/5564/4351
f 3889/5565/4352 3488/5566/4352 3483/5567/4352
f 3756/5036/4349 3885/5040/4349 3500/5026/4349
f 3886/5061/4353 3483/5567/4353 3482/5011/4353
f 3891/5568/4354 3885/5040/4354 3895/5461/4354
f 3892/5046/4355 3901/5569/4356 3893/5460/4297
f 3889/5570/4357 3897/5571/4357 3887/5572/4357
f 3902/5573/4358 3896/5062/4359 3901/5569/4358
f 3901/5569/4358 3895/5059/4360 3902/5573/4358
f 3473/5574/4361 3900/5575/4362 3476/5576/4363
f 3477/5577/4364 3478/5462/4364 3903/5578/4364
f 3763/5009/4365 3903/5578/4366 3478/5462/4367
f 3764/4995/4368 3904/5579/4369 3906/5580/4370
f 3473/5581/4371 3474/5463/4371 3899/5582/4371
f 3763/5009/4365 3900/5583/4372 3905/5584/4373
f 3764/4995/4368 3899/5582/4374 3474/5463/4375
f 3479/5585/4376 3903/5586/4377 3904/5579/4378
f 3475/5008/4379 3476/5587/4379 3900/5583/4379
f 3480/4994/4380 3479/5588/4380 3904/5579/4380
f 3903/5586/4381 3906/5580/4382 3904/5579/4383
f 3900/5575/4384 3906/5580/4382 3905/5589/4385
f 3762/4993/4386 3484/5013/4386 3480/4994/4386
f 3503/4996/4387 3498/5000/4387 3473/4997/4387
f 3497/4999/4388 3474/5463/4388 3473/4997/4388
f 3757/5001/4389 3490/5590/4389 3485/5002/4389
f 3479/5004/4390 3486/5014/4390 3492/5005/4390
f 3758/5007/4391 3504/5030/4391 3475/5008/4391
f 3481/5010/3977 3483/5591/3977 3488/5031/3977
f 3484/5013/4392 3486/5014/4392 3479/5004/4392
f 3485/5002/4393 3490/5590/4393 3492/5033/4393
f 3489/5017/4394 3488/5592/4394 3887/5034/4394
f 3487/5015/3981 3489/5017/3981 3756/5036/3981
f 3757/5038/3982 3502/5028/3982 3504/5030/3982
f 3891/5039/4395 3501/5593/4395 3500/5026/4395
f 3499/5041/3984 3501/5594/3984 3494/5042/3984
f 3496/5024/4396 3498/5000/4396 3503/5043/4396
f 3495/5023/4397 3494/5563/4397 3888/5045/4397
f 3759/5047/3987 3493/5021/3987 3495/5023/3987
f 3761/5003/4302 3485/5002/4302 3484/5013/4302
f 3499/5041/3989 3493/5021/3989 3759/5047/3989
f 3476/5050/4398 3475/5008/4398 3504/5030/4398
f 3491/5019/4399 3478/5462/4399 3477/5052/4399
f 3890/5035/3993 3897/5064/4400 3902/5056/3994
f 3888/5058/3995 3891/5595/3995 3895/5059/3995
f 3561/5068/4401 3560/5079/4401 3509/5069/4401
f 3558/5071/4402 3507/5081/4402 3508/5072/4402
f 3556/5074/4001 3505/5083/4001 3506/5075/4001
f 3562/5077/4403 3561/5068/4403 3510/5070/4403
f 3560/5079/4003 3559/5073/4404 3508/5072/4004
f 3557/5080/4006 3506/5596/4006 3507/5081/4006
f 3510/5070/4405 3517/5090/4405 3518/5084/4405
f 3508/5072/4009 3515/5091/4406 3516/5085/4010
f 3507/5081/4012 3506/5596/4012 3513/5086/4012
f 3509/5069/4407 3516/5085/4407 3517/5090/4407
f 3508/5072/4408 3507/5081/4408 3514/5087/4408
f 3505/5083/4017 3512/5088/4017 3513/5092/4017
f 3515/5093/4018 3522/5103/4409 3523/5094/4019
f 3513/5096/4410 3520/5115/4410 3521/5097/4410
f 3516/5095/4411 3523/5094/4411 3524/5101/4411
f 3514/5098/4412 3521/5097/4412 3522/5103/4412
f 3512/5088/4026 3519/5099/4026 3520/5104/4026
f 3518/5105/4413 3517/5102/4413 3524/5101/4413
f 3524/5101/4029 3523/5094/4414 3530/5108/4030
f 3522/5103/4415 3521/5097/4415 3528/5110/4415
f 3520/5104/4033 3519/5099/4033 3526/5112/4033
f 3525/5106/4416 3524/5101/4416 3531/5109/4416
f 3523/5094/4035 3522/5103/4417 3529/5111/4036
f 3520/5115/4418 3527/5597/4418 3528/5110/4418
f 3528/5110/4419 3535/5121/4419 3536/5116/4419
f 3526/5112/4041 3533/5122/4041 3534/5117/4041
f 3531/5109/4420 3538/5124/4420 3539/5118/4420
f 3529/5111/4043 3536/5116/4421 3537/5119/4044
f 3528/5110/4422 3527/5597/4422 3534/5120/4422
f 3530/5108/4049 3537/5119/4423 3538/5124/4050
f 3538/5124/4424 3545/5132/4424 3546/5125/4424
f 3537/5119/4053 3536/5116/4425 3543/5126/4054
f 3535/5121/4426 3534/5120/4426 3541/5128/4426
f 3538/5124/4427 3537/5119/4427 3544/5127/4427
f 3536/5116/4428 3535/5121/4428 3542/5129/4428
f 3533/5122/4061 3540/5130/4061 3541/5133/4061
f 3541/5134/4062 3548/5598/4062 3549/5135/4062
f 3545/5139/4429 3544/5147/4429 3551/5140/4429
f 3542/5136/4430 3549/5135/4430 3550/5142/4430
f 3540/5130/4067 3547/5137/4067 3548/5144/4067
f 3546/5145/4431 3545/5139/4431 3552/5141/4431
f 3544/5147/4069 3543/5143/4432 3550/5142/4070
f 3551/5140/4433 3560/5079/4433 3561/5068/4433
f 3550/5142/4434 3549/5135/4434 3558/5071/4434
f 3548/5144/4075 3547/5137/4075 3556/5074/4075
f 3552/5141/4435 3561/5068/4435 3562/5077/4435
f 3550/5142/4077 3559/5073/4436 3560/5079/4078
f 3549/5135/4080 3548/5598/4080 3557/5080/4080
f 3579/5148/4082 3566/5165/4082 3564/5149/4082
f 3585/5151/4083 3580/5599/4083 3576/5152/4083
f 3572/5154/4084 3567/5166/4084 3578/5155/4084
f 3568/5157/4437 3574/5180/4437 3570/5158/4437
f 3573/5160/4086 3586/5175/4086 3582/5161/4086
f 3563/5176/4095 3565/5600/4095 3570/5177/4095
f 3566/5165/4438 3568/5601/4438 3565/5178/4438
f 3572/5154/4439 3574/5602/4439 3568/5179/4439
f 3573/5160/4440 3571/5162/4440 3570/5158/4440
f 3581/5174/4099 3569/5168/4099 3571/5162/4099
f 3584/5156/4100 3586/5175/4100 3573/5160/4100
f 3583/5153/4101 3582/5161/4101 3586/5175/4101
f 3581/5174/4102 3583/5153/4102 3576/5181/4102
f 3578/5155/4103 3580/5173/4103 3585/5151/4103
f 3577/5150/4104 3576/5172/4104 3580/5173/4104
f 3575/5171/4105 3577/5150/4105 3564/5149/4105
f 3567/5166/4106 3566/5165/4106 3579/5148/4106
f 3581/5174/4107 3575/5182/4107 3563/5176/4107
f 3601/5183/4441 3603/5206/4441 3590/5184/4441
f 3607/5186/4109 3609/5210/4442 3604/5187/4110
f 3596/5189/4112 3591/5225/4443 3602/5190/4113
f 3592/5192/4115 3598/5202/4115 3594/5193/4115
f 3597/5195/4444 3610/5211/4444 3606/5196/4444
f 3587/5212/4127 3589/5194/4127 3594/5193/4127
f 3588/5185/4445 3590/5184/4445 3592/5192/4445
f 3596/5214/4129 3598/5202/4446 3592/5192/4130
f 3597/5195/4132 3595/5197/4132 3594/5193/4132
f 3593/5216/4133 3595/5197/4133 3606/5196/4133
f 3596/5218/4447 3608/5603/4447 3610/5211/4447
f 3609/5210/4448 3607/5186/4448 3606/5196/4448
f 3605/5219/4136 3607/5186/4136 3600/5188/4136
f 3602/5221/4137 3604/5187/4449 3609/5210/4138
f 3601/5183/4140 3600/5204/4450 3604/5207/4141
f 3599/5223/4143 3601/5183/4143 3588/5185/4143
f 3591/5225/4451 3590/5184/4451 3603/5206/4451
f 3605/5226/4145 3599/5223/4145 3587/5224/4145
f 3627/5228/4146 3614/5244/4146 3612/5229/4146
f 3633/5231/4147 3628/5251/4147 3624/5232/4147
f 3620/5234/4148 3615/5271/4148 3626/5235/4148
f 3616/5237/4149 3622/5248/4149 3618/5238/4149
f 3621/5240/4150 3634/5256/4150 3630/5241/4150
f 3611/5257/4151 3613/5239/4151 3618/5238/4151
f 3612/5229/4452 3614/5244/4452 3616/5237/4452
f 3620/5259/4158 3622/5248/4158 3616/5237/4158
f 3619/5242/4453 3618/5238/4453 3622/5248/4453
f 3617/5261/4160 3619/5242/4160 3630/5241/4160
f 3632/5263/4161 3634/5256/4161 3621/5240/4161
f 3633/5255/4454 3631/5253/4454 3630/5241/4454
f 3629/5265/4154 3631/5233/4154 3624/5232/4154
f 3626/5267/4163 3628/5251/4163 3633/5231/4163
f 3625/5230/4455 3624/5232/4455 3628/5251/4455
f 3623/5269/4160 3625/5230/4160 3612/5229/4160
f 3615/5271/4165 3614/5244/4165 3627/5228/4165
f 3629/5272/4160 3623/5269/4160 3611/5270/4160
f 3649/5274/4456 3636/5290/4456 3638/5275/4456
f 3655/5277/4167 3648/5310/4457 3652/5278/4168
f 3650/5280/4170 3639/5317/4458 3644/5281/4171
f 3642/5283/4173 3646/5294/4173 3640/5284/4173
f 3654/5286/4459 3658/5301/4459 3645/5287/4459
f 3642/5283/4185 3637/5285/4185 3635/5302/4185
f 3636/5290/4460 3637/5285/4460 3640/5284/4460
f 3640/5284/4187 3646/5294/4461 3644/5304/4188
f 3645/5287/4190 3646/5294/4190 3642/5283/4190
f 3654/5286/4191 3643/5288/4462 3641/5306/4191
f 3644/5308/4178 3645/5287/4180 3658/5301/4463
f 3657/5279/4464 3658/5301/4464 3654/5286/4464
f 3648/5310/4194 3655/5277/4194 3653/5311/4194
f 3657/5279/4195 3652/5278/4465 3650/5313/4196
f 3652/5298/4198 3648/5296/4466 3649/5274/4199
f 3636/5290/4201 3649/5274/4201 3647/5315/4201
f 3651/5276/4467 3638/5275/4467 3639/5317/4467
f 3635/5316/4203 3647/5315/4203 3653/5318/4203
f 3660/5320/4204 3662/5336/4204 3675/5321/4204
f 3672/5323/4205 3676/5343/4205 3681/5324/4205
f 3674/5326/4206 3663/5363/4206 3668/5327/4206
f 3666/5329/4207 3670/5340/4207 3664/5330/4207
f 3678/5332/4208 3682/5347/4208 3669/5333/4208
f 3666/5329/4209 3661/5331/4209 3659/5349/4209
f 3660/5320/4468 3661/5331/4468 3664/5330/4468
f 3664/5330/4216 3670/5340/4216 3668/5351/4216
f 3670/5340/4469 3666/5329/4469 3667/5334/4469
f 3678/5332/4218 3667/5334/4218 3665/5353/4218
f 3669/5333/4219 3682/5347/4219 3680/5355/4219
f 3681/5348/4470 3682/5347/4470 3678/5332/4470
f 3672/5323/4212 3679/5325/4212 3677/5357/4212
f 3681/5324/4221 3676/5343/4221 3674/5359/4221
f 3676/5343/4471 3672/5323/4471 3673/5322/4471
f 3660/5320/4218 3673/5322/4218 3671/5361/4218
f 3675/5321/4223 3662/5336/4223 3663/5363/4223
f 3659/5362/4218 3671/5361/4218 3677/5364/4218
f 3697/5366/4472 3699/5389/4472 3686/5367/4472
f 3705/5369/4225 3700/5604/4225 3696/5370/4225
f 3692/5372/4226 3687/5383/4226 3698/5373/4226
f 3688/5375/4227 3694/5386/4227 3690/5376/4227
f 3693/5378/4473 3706/5392/4473 3702/5379/4473
f 3683/5393/4235 3685/5605/4235 3690/5376/4235
f 3686/5367/4236 3688/5384/4236 3685/5382/4236
f 3692/5372/4237 3694/5386/4237 3688/5384/4237
f 3691/5380/4238 3690/5376/4238 3694/5386/4238
f 3701/5391/4239 3689/5385/4239 3691/5380/4239
f 3704/5374/4240 3706/5392/4240 3693/5378/4241
f 3705/5369/4225 3703/5371/4225 3702/5379/4225
f 3701/5391/4225 3703/5371/4225 3696/5394/4225
f 3698/5373/4243 3700/5390/4243 3705/5369/4243
f 3697/5366/4225 3696/5388/4225 3700/5390/4225
f 3695/5387/4245 3697/5366/4245 3684/5368/4245
f 3687/5383/4246 3686/5367/4246 3699/5389/4246
f 3701/5391/4247 3695/5395/4247 3683/5393/4247
f 3708/5396/4248 3710/5413/4248 3723/5397/4248
f 3720/5399/4249 3724/5606/4249 3729/5400/4249
f 3722/5402/4251 3711/5415/4251 3716/5403/4251
f 3714/5405/4474 3718/5607/4474 3712/5406/4474
f 3726/5408/4253 3730/5423/4253 3717/5409/4253
f 3714/5424/4262 3709/5608/4262 3707/5425/4262
f 3709/5426/4475 3712/5609/4475 3710/5413/4475
f 3712/5427/4476 3718/5610/4476 3716/5403/4476
f 3717/5409/4477 3718/5607/4477 3714/5405/4477
f 3725/5422/4266 3726/5408/4266 3715/5410/4266
f 3717/5409/4267 3730/5423/4267 3728/5404/4267
f 3730/5423/4268 3726/5408/4268 3727/5401/4268
f 3720/5428/4269 3727/5401/4269 3725/5422/4269
f 3729/5400/4270 3724/5421/4270 3722/5402/4270
f 3724/5421/4271 3720/5420/4271 3721/5398/4271
f 3708/5396/4272 3721/5398/4272 3719/5419/4272
f 3723/5397/4273 3710/5413/4273 3711/5415/4273
f 3707/5425/4274 3719/5429/4274 3725/5422/4274
f 3745/5430/4478 3732/5447/4478 3734/5431/4478
f 3744/5433/4276 3748/5611/4276 3753/5434/4276
f 3746/5436/4277 3735/5449/4277 3740/5437/4277
f 3738/5439/4278 3742/5451/4278 3736/5440/4278
f 3750/5442/4479 3754/5456/4479 3741/5443/4479
f 3738/5439/4286 3733/5612/4286 3731/5457/4286
f 3733/5446/4287 3736/5448/4287 3734/5431/4287
f 3736/5448/4288 3742/5451/4288 3740/5437/4288
f 3742/5451/4289 3738/5439/4289 3739/5444/4289
f 3749/5455/4290 3750/5442/4290 3739/5444/4290
f 3741/5443/4291 3754/5456/4291 3752/5438/4291
f 3753/5434/4480 3754/5456/4480 3750/5442/4480
f 3744/5458/4276 3751/5435/4276 3749/5455/4276
f 3753/5434/4292 3748/5454/4292 3746/5436/4292
f 3748/5454/4276 3744/5453/4276 3745/5430/4276
f 3732/5447/4294 3745/5430/4294 3743/5452/4294
f 3747/5432/4295 3734/5431/4295 3735/5449/4295
f 3731/5457/4296 3743/5459/4296 3749/5455/4296
f 3893/5460/4297 3901/5569/4356 3896/5062/4298
f 3894/5057/3994 3902/5056/3994 3895/5461/4300
f 3755/5049/3989 3759/5047/3989 3481/5010/3989
f 3761/5003/4481 3762/4993/4481 3497/4999/4481
f 3759/5047/3987 3760/5048/3987 3482/5011/3987
f 3757/5038/4303 3758/5007/4303 3491/5019/4303
f 3499/5025/3981 3755/5037/3981 3756/5036/3981
f 3478/5462/4482 3491/5019/4482 3758/5007/4482
f 3757/5001/3966 3761/5003/3966 3496/5024/3966
f 3474/5463/4483 3497/4999/4483 3762/4993/4483
f 3766/5464/4484 3768/5467/4484 3774/5465/4484
f 3768/5467/4161 3772/5488/4161 3775/5468/4161
f 3770/5470/4307 3766/5464/4307 3773/5472/4307
f 3777/5473/4160 3778/5490/4160 3769/5474/4160
f 3776/5471/4308 3773/5472/4308 3765/5476/4308
f 3779/5469/4309 3776/5471/4309 3769/5478/4309
f 3774/5465/4310 3775/5468/4310 3771/5480/4310
f 3780/5466/4311 3774/5465/4311 3767/5482/4311
f 3773/5472/4312 3780/5466/4312 3777/5484/4312
f 3775/5468/4313 3779/5469/4313 3778/5486/4313
f 3768/5467/4148 3766/5464/4148 3770/5470/4148
f 3767/5489/4160 3771/5613/4160 3778/5490/4160
f 3772/5488/4485 3770/5470/4485 3779/5469/4485
f 3790/5491/4486 3784/5495/4486 3782/5492/4486
f 3791/5494/4219 3788/5515/4219 3784/5495/4219
f 3789/5499/4318 3782/5492/4318 3786/5498/4318
f 3793/5500/4218 3781/5614/4218 3785/5501/4218
f 3781/5503/4319 3789/5499/4319 3792/5497/4319
f 3785/5505/4320 3792/5497/4320 3795/5496/4320
f 3787/5507/4321 3791/5494/4321 3790/5491/4321
f 3783/5509/4322 3790/5491/4322 3796/5493/4322
f 3793/5511/4323 3796/5493/4323 3789/5499/4323
f 3794/5513/4324 3795/5496/4324 3791/5494/4324
f 3786/5498/4206 3782/5492/4206 3784/5495/4206
f 3783/5516/4218 3793/5500/4218 3794/5502/4218
f 3795/5496/4487 3786/5498/4487 3788/5515/4487
f 3798/5518/4327 3800/5519/4327 3799/5519/4327
f 3800/5519/4328 3804/5520/4328 3803/5520/4328
f 3802/5521/4329 3798/5518/4329 3797/5518/4329
f 3803/5520/4330 3801/5521/4330 3797/5518/4330
f 3804/5520/4331 3800/5519/4331 3798/5518/4331
f 3804/5520/4332 3808/5522/4332 3807/5522/4332
f 3801/5521/4333 3805/5523/4334 3806/5523/4334
f 3803/5520/4330 3807/5522/4330 3805/5523/4330
f 3817/5524/4327 3818/5524/4327 3820/5525/4327
f 3809/5526/4336 3813/5527/4336 3814/5527/4336
f 3808/5522/4337 3806/5523/4337 3805/5523/4337
f 3812/5528/4332 3811/5528/4332 3809/5526/4332
f 3813/5527/4333 3815/5529/4333 3816/5529/4333
f 3812/5528/4337 3816/5529/4337 3815/5529/4337
f 3812/5528/4331 3810/5526/4331 3814/5527/4331
f 3811/5528/4330 3815/5529/4330 3813/5527/4330
f 3818/5524/4331 3822/5531/4331 3824/5530/4331
f 3824/5530/4337 3822/5531/4337 3821/5531/4337
f 3820/5525/4332 3824/5530/4332 3823/5530/4332
f 3817/5524/4333 3821/5531/4333 3822/5531/4333
f 3819/5525/4330 3823/5530/4330 3821/5531/4330
f 3825/5532/4327 3826/5532/4327 3828/5533/4327
f 3826/5532/4331 3830/5535/4331 3832/5534/4331
f 3832/5534/4337 3830/5535/4337 3829/5535/4337
f 3828/5533/4338 3832/5534/4332 3831/5534/4332
f 3825/5532/4333 3829/5535/4333 3830/5535/4333
f 3827/5533/4330 3831/5534/4330 3829/5535/4330
f 3833/5536/4327 3834/5536/4327 3836/5537/4327
f 3834/5536/4331 3838/5539/4331 3840/5538/4331
f 3840/5538/4337 3838/5539/4337 3837/5539/4337
f 3836/5537/4332 3840/5538/4338 3839/5538/4332
f 3833/5536/4333 3837/5539/4334 3838/5539/4333
f 3835/5537/4330 3839/5538/4330 3837/5539/4330
f 3843/5540/4339 3844/5540/4339 3842/5541/4339
f 3847/5542/4340 3848/5542/4340 3844/5540/4340
f 3802/5521/4331 3806/5523/4331 3808/5522/4331
f 3841/5541/4341 3842/5541/4341 3846/5543/4341
f 3841/5541/4342 3845/5543/4342 3847/5542/4342
f 3848/5542/4343 3846/5543/4343 3842/5541/4343
f 3851/5544/4344 3852/5544/4344 3848/5542/4344
f 3850/5545/4345 3849/5545/4345 3845/5543/4345
f 3849/5545/4342 3851/5544/4342 3847/5542/4342
f 3864/5546/4339 3862/5547/4339 3861/5547/4339
f 3858/5548/4346 3857/5548/4346 3853/5549/4347
f 3849/5545/4348 3850/5545/4348 3852/5544/4348
f 3853/5549/4344 3855/5550/4344 3856/5550/4344
f 3860/5551/4345 3859/5551/4345 3857/5548/4345
f 3859/5551/4348 3860/5551/4348 3856/5550/4348
f 3856/5550/4343 3860/5551/4343 3858/5548/4343
f 3857/5548/4342 3859/5551/4342 3855/5550/4342
f 3868/5552/4343 3866/5553/4343 3862/5547/4343
f 3865/5553/4348 3866/5553/4348 3868/5552/4348
f 3867/5552/4344 3868/5552/4344 3864/5546/4344
f 3866/5553/4345 3865/5553/4345 3861/5547/4345
f 3865/5553/4342 3867/5552/4342 3863/5546/4342
f 3872/5554/4339 3870/5555/4339 3869/5555/4339
f 3876/5556/4343 3874/5557/4343 3870/5555/4343
f 3873/5557/4348 3874/5557/4348 3876/5556/4348
f 3875/5556/4344 3876/5556/4344 3872/5554/4344
f 3874/5557/4345 3873/5557/4345 3869/5555/4345
f 3873/5557/4342 3875/5556/4342 3871/5554/4342
f 3880/5558/4339 3878/5559/4339 3877/5559/4339
f 3884/5560/4343 3882/5561/4343 3878/5559/4343
f 3881/5561/4348 3882/5561/4348 3884/5560/4348
f 3883/5560/4344 3884/5560/4344 3880/5558/4344
f 3882/5561/4345 3881/5561/4345 3877/5559/4345
f 3881/5561/4342 3883/5560/4342 3879/5558/4342
f 3852/5544/4343 3850/5545/4343 3846/5543/4343
f 3890/5035/4349 3894/5057/4349 3756/5036/4349
f 3495/5023/4350 3892/5046/4350 3893/5460/4350
f 3893/5460/4350 3886/5061/4350 3482/5011/4350
f 3891/5562/4351 3888/5045/4351 3494/5563/4351
f 3889/5565/4352 3887/5615/4352 3488/5566/4352
f 3756/5036/4349 3894/5057/4349 3885/5040/4349
f 3886/5061/4488 3889/5565/4488 3483/5567/4488
f 3892/5046/4355 3898/5055/4489 3901/5569/4356
f 3889/5570/4357 3896/5062/4357 3897/5571/4357
f 3902/5573/4358 3897/5571/4490 3896/5062/4359
f 3901/5569/4358 3898/5055/4491 3895/5059/4360
f 3473/5574/4361 3899/5582/4492 3900/5575/4362
f 3763/5009/4365 3905/5584/4373 3903/5578/4366
f 3764/4995/4368 3480/4994/4493 3904/5579/4369
f 3763/5009/4365 3475/5008/4494 3900/5583/4372
f 3764/4995/4368 3906/5580/4370 3899/5582/4374
f 3479/5585/4376 3477/5616/4495 3903/5586/4377
f 3903/5586/4381 3905/5589/4385 3906/5580/4382
f 3900/5575/4384 3899/5582/4496 3906/5580/4382
o Android.009
v 0.155778 0.592185 0.169163
v 0.039647 0.534639 0.205245
v 0.150590 0.713550 -0.008724
v 0.206683 0.681761 0.060146
v -0.213424 0.692858 -0.126903
v -0.123393 0.720787 -0.130712
v -0.264329 0.603282 -0.017885
v -0.216071 0.541394 0.091389
v -0.126467 0.255416 -0.033080
v -0.182399 0.342133 0.068171
v -0.208228 0.343035 -0.078226
v -0.282696 0.692087 0.225377
v -0.335005 0.861329 0.229939
v -0.351380 0.758308 0.137643
v -0.036867 0.278159 -0.151209
v -0.118627 0.365778 -0.196355
v -0.026533 0.383730 -0.186536
v -0.271637 0.996799 0.095654
v -0.210665 0.960307 -0.043453
v -0.331423 0.886967 -0.022509
v 0.114663 0.295604 0.157554
v 0.165135 0.405262 0.216949
v 0.019839 0.375839 0.228057
v 0.030306 0.851679 0.392589
v -0.008713 0.684849 0.347365
v 0.105258 0.746246 0.340956
v 0.204264 0.318348 0.039425
v 0.222375 0.425215 0.010248
v 0.254736 0.428005 0.098820
v 0.093673 0.987149 0.258304
v 0.216542 0.872492 0.221467
v 0.154645 0.950657 0.119197
v -0.160226 1.520795 0.591167
v -0.047668 1.506620 0.526402
v 0.041087 1.448945 0.449844
v 0.063727 1.343375 0.380510
v 0.070018 1.230326 0.315355
v 0.030205 1.113834 0.271657
v -0.049652 1.011635 0.256071
v -0.156700 1.465788 0.672270
v -0.041152 1.404980 0.676260
v 0.049600 1.316146 0.645644
v 0.080744 1.213364 0.575733
v 0.086334 1.111257 0.494445
v 0.044523 1.025924 0.404807
v -0.038323 0.970357 0.320465
v -0.221717 1.412591 0.722854
v -0.161288 1.306686 0.769728
v -0.082845 1.187071 0.778683
v -0.056832 1.087436 0.702126
v -0.038309 0.995910 0.610776
v -0.043290 0.940711 0.492483
v -0.095538 0.930890 0.354340
v -0.317192 1.392367 0.713289
v -0.337702 1.269316 0.752053
v -0.337861 1.138893 0.744673
v -0.309842 1.034681 0.675561
v -0.272328 0.947178 0.586114
v -0.223228 0.903435 0.473240
v -0.170016 0.910111 0.354123
v -0.387196 1.416963 0.649176
v -0.467053 1.314763 0.633590
v -0.531386 1.198919 0.578975
v -0.496296 1.099045 0.506459
v -0.444857 1.006649 0.429764
v -0.356102 0.948974 0.353207
v -0.219024 0.934152 0.299359
v -0.390722 1.471970 0.568073
v -0.473569 1.416403 0.483731
v -0.515379 1.331070 0.394093
v -0.488793 1.228408 0.322153
v -0.436652 1.125072 0.261591
v -0.345900 1.036237 0.230975
v -0.230352 0.975430 0.234966
v -0.325705 1.525166 0.517489
v -0.353433 1.514697 0.390263
v -0.358414 1.459498 0.271971
v -0.326697 1.353688 0.206678
v -0.287489 1.239770 0.156178
v -0.233566 1.120802 0.154216
v -0.173137 1.014897 0.201090
v -0.128596 0.952461 0.263607
v -0.279453 1.489311 0.634279
v -0.230231 1.545390 0.527054
v -0.177019 1.552066 0.407938
v -0.127918 1.508323 0.295064
v -0.098207 1.407091 0.222326
v -0.077990 1.289150 0.169923
v -0.078149 1.158726 0.162542
v -0.098659 1.035676 0.201307
v 0.033660 0.832322 0.237436
v 0.017890 0.829189 0.306294
v 0.052302 0.885282 0.280421
v 0.070223 0.836253 0.391214
v 0.138326 0.846450 0.407275
v 0.103130 0.902231 0.365446
v 0.117534 0.845651 0.184639
v 0.136176 0.898611 0.227624
v 0.185637 0.855848 0.200700
v 0.222200 0.859779 0.354478
v 0.237970 0.862912 0.285620
v 0.185499 0.925446 0.312754
v 0.099167 0.528615 0.245882
v 0.126119 0.491899 0.279429
v 0.086550 0.526109 0.300968
v 0.182899 0.539918 0.381753
v 0.128417 0.531760 0.368904
v 0.167986 0.497550 0.347365
v 0.166265 0.539279 0.203644
v 0.220748 0.547437 0.216493
v 0.193218 0.502563 0.237192
v 0.249998 0.550581 0.339516
v 0.235085 0.508214 0.305127
v 0.262614 0.553088 0.284429
v 0.102622 0.558644 0.581516
v 0.078152 0.592570 0.524505
v 0.053369 0.528380 0.540796
v 0.001862 0.486310 0.143207
v 0.018608 0.430672 0.102909
v -0.019058 0.432976 0.208151
v 0.143840 0.469080 0.598229
v 0.094586 0.438815 0.557509
v 0.160586 0.413441 0.557931
v 0.069096 0.382183 0.027115
v 0.088159 0.318038 0.225287
v 0.022159 0.343412 0.224864
v 0.193405 0.597461 0.565648
v 0.234934 0.606013 0.509060
v 0.168934 0.631387 0.508637
v 0.150920 0.478040 0.030453
v 0.068174 0.559053 0.070328
v 0.199411 0.505459 0.075423
v 0.234622 0.507897 0.582361
v 0.251369 0.452258 0.542063
v 0.276151 0.516448 0.525773
v 0.212746 0.343693 0.055523
v 0.261999 0.373958 0.096243
v 0.191825 0.290359 0.120467
v 0.278885 0.133135 0.606344
v 0.278708 0.137464 0.646108
v 0.255267 0.082024 0.611802
v 0.117430 0.515950 0.634369
v 0.100287 0.557144 0.579513
v 0.070764 0.493254 0.586336
v 0.279151 0.126642 0.546697
v 0.255532 0.075531 0.552155
v 0.279327 0.122314 0.506932
v 0.100729 0.546322 0.480101
v 0.118315 0.494308 0.435545
v 0.071207 0.482433 0.486924
v 0.335150 0.153877 0.604336
v 0.386552 0.130422 0.607118
v 0.334973 0.158206 0.644101
v 0.194062 0.591714 0.576167
v 0.211205 0.550520 0.631023
v 0.258314 0.562395 0.579644
v 0.335415 0.147385 0.544689
v 0.335592 0.143056 0.504925
v 0.386817 0.123929 0.547471
v 0.194504 0.580893 0.476755
v 0.258756 0.551574 0.480232
v 0.212090 0.528878 0.432200
v -0.582589 0.372281 0.039823
v -0.532450 0.414120 0.066946
v -0.528332 0.344024 0.075287
v -0.129595 0.403247 0.076398
v -0.080134 0.366376 0.041842
v -0.175277 0.330667 0.088455
v -0.583266 0.293571 -0.021856
v -0.529009 0.265314 0.013609
v -0.533805 0.256699 -0.056411
v -0.052556 0.350247 -0.074304
v -0.180749 0.243343 -0.043243
v -0.175954 0.251957 0.026777
v -0.591502 0.433763 -0.038539
v -0.546159 0.466988 -0.081435
v -0.541364 0.475602 -0.011415
v -0.043704 0.461082 -0.079416
v -0.088370 0.506568 0.025159
v -0.101263 0.485210 -0.114027
v -0.592180 0.355053 -0.100217
v -0.542718 0.318182 -0.134773
v -0.546836 0.388278 -0.143114
v -0.044720 0.343017 -0.171934
v -0.098977 0.371274 -0.207399
v -0.090402 0.270437 -0.159876
v -0.222349 0.149118 -0.186961
v -0.242862 0.114808 -0.188401
v -0.176813 0.121116 -0.168458
v -0.570956 0.267783 0.007439
v -0.584324 0.333077 0.031060
v -0.527404 0.298075 0.054189
v -0.191579 0.200582 -0.184802
v -0.146043 0.172580 -0.166299
v -0.171066 0.234891 -0.183363
v -0.533040 0.418850 0.034658
v -0.468390 0.439329 0.014636
v -0.476121 0.383848 0.057787
v -0.243842 0.164231 -0.240902
v -0.226964 0.156380 -0.294321
v -0.264355 0.129922 -0.242342
v -0.620146 0.358266 -0.058841
v -0.606778 0.292972 -0.082462
v -0.599048 0.348453 -0.125614
v -0.213072 0.215695 -0.238743
v -0.192559 0.250004 -0.237304
v -0.196194 0.207844 -0.292162
v -0.568863 0.444039 -0.055243
v -0.547765 0.434226 -0.122016
v -0.504212 0.464518 -0.075266
v 0.146784 0.561247 0.210488
v 0.129357 0.601331 0.246398
v 0.184181 0.587650 0.243720
v 0.136270 0.613621 0.325145
v 0.160612 0.585828 0.367983
v 0.191094 0.599940 0.322467
v 0.188553 0.493369 0.217415
v 0.225949 0.519772 0.250647
v 0.212894 0.465575 0.260252
v 0.202380 0.517950 0.374909
v 0.219807 0.477866 0.338999
v 0.232863 0.532062 0.329394
v -0.109298 0.398836 0.278637
v -0.106706 0.403444 0.308167
v -0.122369 0.428899 0.305569
v -0.124383 0.402078 0.401364
v -0.142638 0.422923 0.369236
v -0.101520 0.412662 0.367227
v -0.077972 0.347927 0.283832
v -0.059716 0.327082 0.315959
v -0.075379 0.352536 0.313362
v -0.093056 0.351169 0.406559
v -0.070194 0.361754 0.372422
v -0.079986 0.321106 0.379626
v -0.344120 0.832315 0.200332
v -0.407341 0.835417 0.168812
v -0.363250 0.890575 0.165120
v -0.439214 0.854684 0.076006
v -0.407865 0.870848 0.014720
v -0.395762 0.919567 0.074553
v -0.249551 0.845378 0.170565
v -0.268681 0.903638 0.135354
v -0.218203 0.861542 0.109279
v -0.313296 0.883911 -0.015047
v -0.250075 0.880809 0.016473
v -0.301831 0.942355 0.047025
v -0.321235 0.535990 0.109404
v -0.331429 0.504795 0.063328
v -0.371812 0.538472 0.084188
v -0.372232 0.566817 -0.039085
v -0.397310 0.553885 0.009944
v -0.356927 0.520209 -0.010916
v -0.245580 0.546440 0.085591
v -0.220502 0.559372 0.036562
v -0.255774 0.515245 0.039515
v -0.296576 0.577267 -0.062898
v -0.281272 0.530659 -0.034729
v -0.246000 0.574785 -0.037682
v -0.312736 0.550697 0.112417
v -0.363952 0.565153 0.093234
v -0.318738 0.596160 0.079294
v -0.395542 0.578744 0.021003
v -0.375917 0.577880 -0.032045
v -0.350329 0.609751 0.007063
v -0.241895 0.535377 0.078552
v -0.247897 0.580839 0.045429
v -0.222270 0.534512 0.025503
v -0.305076 0.562560 -0.065911
v -0.253860 0.548104 -0.046728
v -0.279488 0.594431 -0.026802
v -0.387674 0.252510 0.066931
v -0.399521 0.257607 0.039844
v -0.426086 0.263352 0.052543
v -0.442405 0.243897 -0.043660
v -0.457124 0.244546 -0.003874
v -0.423214 0.267801 -0.014329
v -0.334544 0.241020 0.041532
v -0.319825 0.240372 0.001746
v -0.346390 0.246117 0.014445
v -0.389274 0.232407 -0.069059
v -0.370083 0.256310 -0.039728
v -0.350862 0.221565 -0.054672
v 0.087588 0.298901 -0.052817
v 0.097921 0.404473 -0.088144
v -0.084476 0.975939 0.165907
v -0.023504 0.939447 0.026801
v -0.002013 0.276158 0.065312
v -0.081280 0.358986 0.148114
v -0.152349 0.856504 0.311264
v -0.147986 0.660489 0.289835
v 0.013598 0.717168 -0.069718
v -0.088212 0.538016 0.148317
v 0.326533 0.026450 0.839470
v 0.292688 0.098016 0.630346
v 0.328081 -0.011424 0.491529
v 0.293131 0.087195 0.530935
v 0.382798 0.047192 0.837463
v 0.348953 0.118758 0.628339
v 0.384346 0.009318 0.489522
v 0.349396 0.107937 0.528927
v 0.309168 0.073054 0.834320
v 0.310717 0.035180 0.486379
v 0.366981 0.055922 0.484372
v 0.365433 0.093797 0.832312
v 0.270711 -0.005113 0.742066
v 0.439726 0.051703 0.686338
v 0.422361 0.098307 0.681187
v 0.253346 0.041491 0.736916
v -0.225947 -0.102325 -0.255979
v -0.201398 0.114037 -0.205139
v -0.046456 0.197881 -0.243385
v -0.150115 0.199810 -0.201540
v -0.247440 -0.087212 -0.309920
v -0.222892 0.129150 -0.259080
v -0.067949 0.212995 -0.297326
v -0.171608 0.214924 -0.255481
v -0.264956 -0.079918 -0.234157
v -0.085465 0.220289 -0.221563
v -0.106958 0.235402 -0.275504
v -0.286449 -0.064804 -0.288098
v -0.153170 -0.031666 -0.198439
v -0.192008 0.056561 -0.358463
v -0.231017 0.078969 -0.336641
v -0.192179 -0.009258 -0.176618
v -0.119315 0.391967 0.325732
v -0.123293 0.400990 0.354065
v -0.105842 0.336829 0.345181
v -0.109820 0.345852 0.373514
v -0.155014 0.411885 0.314377
v -0.158991 0.420907 0.342711
v -0.130313 0.310798 0.350035
v -0.134291 0.319821 0.378368
v -0.232246 0.391480 0.310033
v -0.236223 0.400503 0.338366
v -0.207545 0.290394 0.345690
v -0.211523 0.299417 0.374023
v -0.176567 0.415973 0.310049
v -0.180545 0.424996 0.338382
v -0.205529 0.408322 0.308420
v -0.209507 0.417344 0.336753
v -0.197449 0.459371 0.293298
v -0.201426 0.468393 0.321631
v -0.216757 0.454270 0.292212
v -0.220734 0.463292 0.320545
v -0.223936 0.315412 0.335422
v -0.227913 0.324435 0.363755
v -0.217199 0.287843 0.345147
v -0.221177 0.296866 0.373480
v -0.320476 0.289907 0.329991
v -0.324454 0.298930 0.358324
v -0.313740 0.262338 0.339716
v -0.317717 0.271361 0.368049
v -0.232918 0.352171 0.322456
v -0.236895 0.361194 0.350789
v -0.226181 0.324602 0.332181
v -0.230159 0.333625 0.360514
v -0.329458 0.326666 0.317025
v -0.333436 0.335688 0.345358
v -0.322721 0.299097 0.326750
v -0.326699 0.308119 0.355083
v -0.241900 0.388930 0.309489
v -0.245877 0.397952 0.337823
v -0.235163 0.361361 0.319214
v -0.239141 0.370383 0.347547
v -0.338440 0.363424 0.304058
v -0.342417 0.372447 0.332391
v -0.331703 0.335855 0.313783
v -0.335681 0.344878 0.342116
v -0.415062 0.230246 0.019485
v -0.427386 0.233227 -0.007704
v -0.361015 0.223684 -0.005733
v -0.373340 0.226665 -0.032922
v -0.446311 0.203857 0.030757
v -0.458636 0.206838 0.003568
v -0.347227 0.191826 -0.015477
v -0.359551 0.194807 -0.042665
v -0.457583 0.124735 0.027190
v -0.469907 0.127716 0.000001
v -0.358498 0.112704 -0.019043
v -0.370822 0.115685 -0.046232
v -0.458137 0.185170 0.034068
v -0.470461 0.188151 0.006880
v -0.462364 0.155499 0.032731
v -0.474688 0.158480 0.005542
v -0.504584 0.180748 0.054637
v -0.516908 0.183729 0.027449
v -0.507402 0.160968 0.053746
v -0.519726 0.163949 0.026557
v -0.386930 0.106095 -0.006880
v -0.399254 0.109076 -0.034069
v -0.359907 0.102814 -0.019489
v -0.372231 0.105795 -0.046678
v -0.401019 0.007193 -0.011338
v -0.413343 0.010174 -0.038527
v -0.373996 0.003912 -0.023947
v -0.386320 0.006893 -0.051136
v -0.422961 0.110470 0.009932
v -0.435285 0.113451 -0.017256
v -0.395938 0.107189 -0.002677
v -0.408262 0.110170 -0.029866
v -0.437050 0.011568 0.005474
v -0.449374 0.014549 -0.021715
v -0.410027 0.008287 -0.007135
v -0.422351 0.011268 -0.034324
v -0.458991 0.114845 0.026744
v -0.471316 0.117826 -0.000444
v -0.431968 0.111564 0.014135
v -0.444293 0.114545 -0.013053
v -0.473081 0.015943 0.022286
v -0.485405 0.018924 -0.004903
v -0.446057 0.012661 0.009677
v -0.458382 0.015643 -0.017512
v 0.157985 0.667597 0.008073
v -0.239011 0.585812 0.072146
v -0.159682 0.612049 -0.180081
v 0.108523 0.648941 0.220924
v -0.249283 0.589306 -0.061952
v -0.059810 0.631298 -0.164112
v 0.198124 0.671684 0.102795
v -0.021216 0.622111 0.244331
v -0.130113 0.603962 0.158239
v 0.049087 0.649448 -0.078020
v 0.116398 0.718810 0.049879
v -0.220864 0.652187 0.035200
v -0.101397 0.682511 -0.122306
v -0.003069 0.688486 0.207385
v 0.046179 0.552302 0.167440
v 0.135835 0.633311 0.018727
v -0.111077 0.668452 0.121847
v 0.006861 0.701433 -0.035332
v -0.102533 0.620369 -0.121815
v -0.193532 0.540886 0.028966
v 0.017465 0.624944 -0.050659
v -0.076109 0.549934 0.100673
vn -0.2709 -0.7816 0.5620
vn 0.9398 -0.2476 0.2354
vn 0.3781 -0.6312 0.6772
vn -0.2253 0.8017 0.5536
vn -0.8137 -0.2013 -0.5454
vn 0.3782 0.4211 -0.8244
vn -0.7574 -0.6399 0.1297
vn -0.8467 -0.2740 0.4561
vn 0.1631 -0.3274 -0.9307
vn -0.5228 0.7399 -0.4233
vn 0.1707 -0.5289 0.8314
vn 0.2149 -0.3020 0.9288
vn 0.9134 -0.2438 -0.3260
vn 0.6963 0.7077 0.1195
vn -0.4854 -0.7134 -0.5055
vn -0.8689 -0.4824 0.1105
vn -0.9878 0.1554 0.0018
vn 0.1367 0.1076 -0.9848
vn 0.6216 -0.3026 -0.7225
vn 0.0579 0.9716 -0.2295
vn 0.8917 0.2334 -0.3879
vn 0.7088 -0.5592 0.4300
vn 0.5915 0.4110 0.6937
vn 0.1843 -0.0342 0.9823
vn -0.2843 -0.8001 0.5282
vn -0.4495 -0.1070 0.8869
vn 0.1953 -0.9799 -0.0405
vn 0.9011 0.2519 -0.3529
vn -0.3289 0.2844 -0.9005
vn 0.0609 0.4727 0.8791
vn 0.3341 0.7443 -0.5783
vn 0.3327 0.7448 -0.5784
vn 0.2689 0.8872 0.3748
vn -0.9491 0.3044 0.0806
vn 0.0017 0.6332 -0.7740
vn 0.4148 -0.6362 -0.6505
vn 0.7133 0.0190 -0.7006
vn 0.6852 0.5468 -0.4812
vn 0.2060 0.9676 0.1463
vn 0.2060 0.9676 0.1462
vn 0.6073 -0.3671 -0.7046
vn 0.7208 0.3765 -0.5820
vn 0.7187 0.3808 -0.5817
vn 0.7212 0.3756 -0.5821
vn 0.4458 0.8828 -0.1482
vn -0.0807 0.8980 0.4326
vn 0.7347 -0.5050 -0.4530
vn 0.9962 0.0804 -0.0338
vn 0.9962 0.0783 -0.0381
vn 0.9962 0.0779 -0.0390
vn 0.7101 0.5966 0.3738
vn -0.0153 0.8272 0.5617
vn 0.4744 -0.7008 -0.5327
vn 0.9409 -0.2273 -0.2513
vn 0.9675 0.2412 0.0763
vn 0.3880 0.7705 0.5057
vn 0.7875 -0.3493 0.5077
vn 0.7912 -0.3526 0.4997
vn 0.7919 -0.3532 0.4982
vn 0.5364 0.2728 0.7987
vn -0.0700 0.7310 0.6788
vn 0.3864 -0.8557 -0.3442
vn 0.7785 -0.5941 0.2024
vn 0.7549 -0.1968 0.6256
vn 0.2358 0.5027 0.8317
vn 0.5087 -0.8508 -0.1319
vn 0.2562 -0.9152 -0.3110
vn 0.1428 -0.9002 0.4114
vn 0.1435 -0.8992 0.4133
vn 0.1426 -0.9004 0.4110
vn 0.0264 -0.5476 0.8363
vn -0.1615 0.3209 0.9332
vn 0.2680 -0.9612 0.0658
vn 0.0704 -0.6980 0.7126
vn 0.0705 -0.6976 0.7130
vn 0.0703 -0.6982 0.7125
vn -0.1301 -0.0111 0.9914
vn -0.2127 0.6657 0.7153
vn -0.6629 -0.5294 0.5295
vn -0.5711 0.3317 0.7509
vn -0.2703 -0.9470 -0.1738
vn -0.6075 -0.6796 0.4112
vn -0.6070 -0.6801 0.4110
vn -0.6069 -0.6803 0.4110
vn -0.6499 0.0026 0.7600
vn -0.3598 0.6696 0.6497
vn 0.0194 -0.9090 -0.4164
vn -0.4425 -0.8838 0.1523
vn -0.4406 -0.8848 0.1517
vn -0.4402 -0.8850 0.1515
vn -0.2794 -0.8299 -0.4828
vn -0.9153 -0.3075 -0.2601
vn -0.9187 -0.3043 -0.2519
vn -0.9146 -0.3082 -0.2616
vn -0.9396 0.3117 0.1415
vn -0.4252 0.7404 0.5206
vn -0.0402 -0.8444 -0.5342
vn -0.6967 -0.5551 -0.4544
vn -0.9777 -0.1510 -0.1458
vn -0.7531 0.5288 0.3914
vn -0.7258 0.6346 -0.2655
vn -0.3705 0.8366 0.4036
vn 0.0478 -0.6895 -0.7227
vn -0.4520 -0.1905 -0.8714
vn -0.6925 0.2851 -0.6627
vn -0.6009 0.7966 0.0654
vn -0.1767 -0.4809 -0.8588
vn -0.6339 0.1214 -0.7638
vn -0.6370 0.1236 -0.7609
vn -0.6332 0.1209 -0.7645
vn 0.1780 -0.6300 -0.7559
vn 0.0445 0.0367 -0.9983
vn -0.0763 0.5669 -0.8202
vn -0.2036 0.9784 -0.0361
vn 0.1014 -0.3537 -0.9298
vn -0.0314 0.4006 -0.9157
vn -0.0327 0.3964 -0.9175
vn -0.0330 0.3955 -0.9179
vn -0.1489 0.8985 -0.4130
vn -0.2278 0.9019 0.3671
vn -0.8273 -0.1967 0.5262
vn 0.1505 -0.9886 -0.0105
vn 0.5319 0.0068 0.8468
vn -0.2018 0.9766 -0.0740
vn 0.8467 0.0694 -0.5276
vn -0.8733 0.4530 -0.1794
vn -0.2686 0.4637 0.8443
vn 0.0952 0.6069 -0.7890
vn 0.7918 0.5744 0.2075
vn -0.6995 -0.6885 -0.1915
vn -0.0952 -0.6069 0.7890
vn 0.2690 -0.5346 -0.8012
vn 0.8733 -0.4530 0.1794
vn -0.4765 0.6491 -0.5930
vn -0.6995 0.6048 0.3808
vn 0.3057 0.6871 0.6591
vn 0.5306 0.6703 -0.5187
vn 0.2328 -0.0233 -0.9723
vn 0.9712 0.0764 0.2259
vn 0.6995 -0.6048 -0.3808
vn -0.2636 -0.7490 -0.6079
vn 0.4765 -0.6491 0.5930
vn -0.4867 -0.7933 0.3659
vn -0.9506 -0.2114 -0.2273
vn -0.2122 -0.1117 0.9708
vn -0.5126 -0.1341 -0.8481
vn -0.4122 0.8956 -0.1671
vn 0.9061 0.3900 -0.1639
vn 0.9016 0.4006 -0.1634
vn 0.9074 0.3870 -0.1641
vn -0.2771 0.2686 -0.9225
vn -0.1212 0.1377 -0.9830
vn 0.1652 -0.1069 -0.9804
vn -0.8878 -0.3536 0.2947
vn 0.4122 -0.8956 0.1671
vn -0.7175 0.4184 0.5569
vn -0.9410 -0.0399 -0.3359
vn -0.2416 -0.6158 0.7499
vn -0.4280 -0.8711 -0.2408
vn -0.3957 -0.8842 -0.2481
vn -0.3452 -0.9021 -0.2588
vn 0.3308 0.8666 0.3737
vn 0.2908 0.6449 -0.7068
vn 0.8067 -0.1676 0.5667
vn 0.6756 -0.6615 -0.3256
vn -0.5873 -0.1209 0.8003
vn -0.9209 0.3788 0.0919
vn -0.8506 -0.4378 -0.2913
vn -0.8493 -0.4413 -0.2897
vn -0.8546 -0.4263 -0.2965
vn -0.3409 -0.8814 0.3270
vn 0.3461 -0.4798 0.8063
vn -0.4632 -0.8553 -0.2323
vn 0.7775 -0.6159 0.1267
vn 0.6966 0.4280 0.5759
vn 0.6080 0.1570 -0.7782
vn 0.5957 0.1353 -0.7917
vn 0.5873 0.1209 -0.8003
vn 0.3545 0.9043 -0.2379
vn 0.3728 0.8977 -0.2347
vn 0.3753 0.8968 -0.2343
vn -0.2368 0.7869 0.5699
vn -0.4679 -0.0434 -0.8827
vn 0.0772 0.2171 0.9731
vn 0.0209 0.0399 0.9990
vn 0.9588 0.2829 -0.0265
vn -0.3473 0.9321 -0.1030
vn -0.9126 -0.4069 0.0402
vn 0.0298 -0.1759 -0.9840
vn 0.9087 -0.4146 0.0492
vn -0.7445 0.4010 0.5338
vn -0.7394 0.2761 -0.6141
vn -0.4175 -0.9035 0.0965
vn 0.3383 0.8002 0.4952
vn 0.3435 0.6753 -0.6527
vn -0.6003 -0.2217 0.7685
vn -0.9087 0.4146 -0.0492
vn -0.6277 -0.3999 -0.6679
vn 0.3473 -0.9321 0.1030
vn -0.2424 0.5826 -0.7758
vn 0.6936 0.0872 -0.7151
vn 0.4175 0.9035 -0.0965
vn 0.6874 0.2397 0.6856
vn -0.2487 0.7356 0.6301
vn -0.1030 0.4746 0.8741
vn -0.0834 0.6181 -0.7817
vn -0.0862 0.6283 -0.7732
vn -0.0868 0.6304 -0.7714
vn 0.9829 -0.0706 0.1701
vn 0.9845 -0.0712 0.1605
vn 0.9935 -0.0754 0.0853
vn -0.0526 -0.6157 0.7862
vn -0.0068 -0.7871 -0.6168
vn -0.5197 0.0708 0.8514
vn 0.4822 -0.1604 0.8613
vn -0.5275 -0.8381 0.1392
vn 0.6545 -0.7073 0.2671
vn 0.6467 -0.7611 0.0493
vn 0.6543 -0.7419 0.1469
vn -0.6226 0.7807 -0.0534
vn 0.4688 0.8655 -0.1762
vn -0.6304 -0.1281 -0.7656
vn 0.3647 -0.3714 -0.8539
vn -0.6412 -0.4699 0.6067
vn -0.0184 0.1751 0.9844
vn 0.6835 -0.5780 0.4458
vn 0.6317 -0.6663 0.3962
vn 0.4370 -0.8710 0.2247
vn -0.0422 -0.9913 0.1248
vn -0.7091 -0.5917 -0.3836
vn 0.8494 -0.5169 0.1064
vn -0.1456 -0.1253 -0.9814
vn -0.7673 0.3996 -0.5015
vn 0.6270 0.4840 -0.6104
vn 0.6048 0.5051 -0.6157
vn 0.6412 0.4699 -0.6067
vn -0.0551 0.9881 -0.1437
vn -0.0505 0.9910 -0.1237
vn -0.0557 0.9877 -0.1464
vn -0.6995 0.5214 0.4887
vn 0.9298 0.0969 0.3550
vn -0.9960 -0.0497 0.0743
vn -0.4545 -0.8882 -0.0677
vn -0.3055 0.2215 -0.9261
vn -0.7802 0.4482 0.4364
vn 0.4093 -0.2811 0.8680
vn 0.5684 0.8227 0.0040
vn 0.2984 -0.1388 -0.9443
vn -0.5397 -0.3819 0.7502
vn 0.0525 0.6085 0.7918
vn 0.8050 -0.4950 0.3271
vn -0.9533 -0.0910 -0.2878
vn -0.3612 0.8994 -0.2463
vn -0.0419 -0.8202 0.5705
vn -0.2984 0.1388 0.9443
vn 0.6807 0.3883 0.6212
vn 0.7802 -0.4482 -0.4364
vn -0.1890 0.9234 0.3340
vn 0.2029 0.7699 -0.6051
vn -0.8050 0.4950 -0.3271
vn -0.5466 -0.4653 -0.6962
vn -0.9143 -0.2896 0.2832
vn -0.5757 0.8141 -0.0765
vn -0.8485 -0.5064 0.1535
vn 0.0364 0.1236 0.9917
vn 0.8485 0.5064 -0.1535
vn 0.4664 -0.8793 0.0963
vn 0.1385 0.6936 -0.7069
vn 0.2383 0.8710 0.4297
vn 0.7414 -0.2862 -0.6070
vn 0.8412 -0.1088 0.5297
vn -0.2383 -0.8710 -0.4297
vn -0.8412 0.1088 -0.5297
vn 0.5389 0.2495 -0.8046
vn 0.2308 0.9581 -0.1698
vn 0.6611 0.4667 0.5875
vn 0.9692 -0.2418 -0.0473
vn 0.2494 -0.7415 -0.6228
vn 0.3766 -0.5219 0.7654
vn -0.9425 0.1768 -0.2835
vn -0.6611 -0.4667 -0.5875
vn -0.2464 -0.9545 -0.1680
vn -0.4872 0.4556 -0.7450
vn -0.3603 0.6757 0.6431
vn -0.1409 -0.1859 -0.9724
vn -0.9396 -0.1930 0.2826
vn 0.0639 -0.9725 -0.2238
vn -0.3140 0.1297 -0.9405
vn -0.0318 0.9485 0.3151
vn 0.9478 0.0677 -0.3115
vn -0.3989 0.3748 0.8369
vn -0.8027 0.5315 -0.2704
vn 0.6931 0.5257 0.4932
vn 0.3669 0.6425 -0.6727
vn -0.3251 -0.7481 0.5784
vn -0.6931 -0.5257 -0.4932
vn 0.7669 -0.5973 0.2347
vn 0.3989 -0.3748 -0.8369
vn 0.1802 0.5514 0.8145
vn -0.7139 0.5953 0.3688
vn -0.2857 0.7706 -0.5697
vn 0.6235 0.7800 -0.0522
vn 0.8964 -0.1102 0.4294
vn 0.4467 0.1617 -0.8800
vn 0.7139 -0.5953 -0.3688
vn 0.2705 -0.8239 0.4980
vn -0.1802 -0.5514 -0.8145
vn -0.6235 -0.7800 0.0522
vn -0.4379 -0.2945 0.8494
vn -0.8876 -0.0226 -0.4600
vn 0.3222 -0.2549 0.9117
vn -0.8864 0.1303 0.4442
vn -0.2448 -0.9667 -0.0748
vn -0.4086 0.1128 -0.9057
vn 0.2448 0.9667 0.0748
vn 0.8679 -0.2533 -0.4273
vn -0.1419 0.5706 0.8089
vn -0.5979 0.7668 -0.2337
vn 0.8806 0.3495 0.3201
vn 0.4246 0.5456 -0.7225
vn 0.5979 -0.7668 0.2337
vn -0.4246 -0.5456 0.7225
vn 0.4523 0.5634 0.6913
vn -0.4530 0.8190 0.3522
vn -0.1061 0.8037 -0.5855
vn 0.7993 0.5481 -0.2464
vn 0.8865 -0.3209 0.3332
vn 0.3310 -0.0754 -0.9406
vn 0.1061 -0.8037 0.5855
vn 0.5587 -0.8288 -0.0311
vn -0.3628 -0.0508 0.9305
vn -0.9189 0.1949 -0.3431
vn 0.3783 -0.2318 0.8962
vn -0.5788 0.5217 0.6267
vn -0.5808 0.5152 0.6303
vn -0.5839 0.5108 0.6309
vn 0.3332 0.7442 -0.5789
vn 0.3338 0.7438 -0.5791
vn -0.4055 -0.1496 0.9018
vn 0.1746 0.9685 -0.1775
vn -0.3471 0.7371 0.5798
vn -0.9453 0.2385 -0.2225
vn 0.1972 0.9749 0.1034
vn -0.3380 0.9305 0.1412
vn -0.0044 0.1082 0.9941
vn 0.8690 0.3612 0.3381
vn 0.0044 -0.1082 -0.9941
vn -0.9108 -0.3614 -0.1995
vn -0.8064 -0.2408 0.5402
vn 0.8995 0.3000 -0.3177
vn 0.7686 0.5458 -0.3338
vn -0.6648 0.7331 0.1434
vn -0.0641 0.2204 0.9733
vn -0.9393 0.3245 -0.1115
vn -0.8813 0.2267 0.4147
vn -0.5128 -0.8577 -0.0360
vn -0.5231 -0.0847 -0.8481
vn 0.5128 0.8577 0.0360
vn 0.4680 -0.0448 0.8826
vn 0.0433 -0.6573 0.7524
vn -0.1958 0.4877 -0.8508
vn -0.4036 0.5925 -0.6971
vn -0.6828 0.1158 0.7214
vn 0.9654 0.2551 0.0543
vn 0.7223 -0.6231 0.2998
vn 0.5239 0.8302 -0.1908
vn 0.1326 -0.3007 -0.9444
vn -0.1326 0.3007 0.9444
vn 0.2245 -0.9190 0.3242
vn -0.2246 0.9190 -0.3242
vn -0.2245 0.9190 -0.3242
vn 0.9026 0.4303 -0.0103
vn -0.9654 -0.2551 -0.0543
vn -0.1326 0.3008 0.9444
vn 0.1326 -0.3008 -0.9444
vn 0.2246 -0.9190 0.3242
vn 0.1409 0.9890 0.0446
vn 0.8276 0.4576 -0.3250
vn -0.5373 0.7767 0.3287
vn 0.4108 -0.0994 0.9063
vn -0.4108 0.0994 -0.9063
vn 0.9008 -0.1094 -0.4203
vn -0.9008 0.1094 0.4203
vn -0.0385 0.9913 0.1261
vn -0.1409 -0.9890 -0.0446
vn 0.5973 0.1516 -0.7875
vn -0.5973 -0.1516 0.7875
vn 0.7694 0.1687 0.6161
vn -0.7850 -0.0904 -0.6128
vn -0.9596 -0.2257 0.1679
vn 0.6124 0.7350 -0.2912
vn -0.5871 0.5141 0.6253
vn -0.5789 0.5217 0.6267
vn -0.5940 0.7434 -0.3074
vn -0.1982 0.9788 0.0510
vn -0.1959 0.9793 0.0512
vn -0.1983 0.9788 0.0509
vn -0.2018 0.9783 0.0466
vn 0.4298 -0.8548 -0.2907
vn 0.5439 -0.7883 -0.2876
vn 0.6480 -0.7085 -0.2796
vn -0.0139 -0.0911 -0.9957
vn 0.4678 -0.1557 -0.8700
vn 0.4448 -0.0524 -0.8941
vn 0.4068 0.0036 -0.9135
vn 0.1324 -0.9718 -0.1949
vn 0.0232 -0.9987 -0.0445
vn 0.1669 -0.9656 -0.1991
vn 0.3248 -0.8772 -0.3537
vn 0.4225 -0.2898 -0.8588
vn 0.5080 -0.1538 -0.8475
vn 0.1492 -0.9207 -0.3607
vn 0.1527 -0.9052 -0.3966
vn -0.3231 -0.7145 -0.6205
vn -0.3443 -0.6796 -0.6478
vn -0.2904 -0.7630 -0.5775
vn 0.6399 -0.3515 -0.6834
vn -0.5703 -0.7968 -0.1994
vn 0.2402 -0.9169 -0.3188
vn 0.2384 -0.9136 -0.3295
vn 0.2652 -0.9097 -0.3195
vn 0.2330 -0.9153 -0.3287
vn 0.2342 -0.9209 -0.3116
vn -0.4357 -0.6980 0.5684
vn 0.8303 -0.2709 0.4871
vn 0.4772 -0.5180 0.7099
vn -0.1662 0.7323 0.6603
vn -0.9285 -0.2244 -0.2960
vn 0.3939 0.4312 -0.8117
vn -0.7834 -0.6005 0.1601
vn -0.8923 0.4502 0.0331
vn 0.0901 0.0806 -0.9927
vn 0.9144 0.2180 -0.3410
vn 0.6656 0.1118 0.7379
vn 0.0760 0.0014 0.9971
vn 0.8038 0.2718 -0.5292
vn -0.1320 0.2965 -0.9459
vn 0.3347 0.7439 -0.5784
vn 0.7082 0.0390 -0.7049
vn 0.6736 0.5012 -0.5432
vn 0.5986 -0.3298 -0.7301
vn 0.7184 0.3816 -0.5817
vn 0.7587 -0.5031 -0.4138
vn 0.9962 0.0808 -0.0330
vn 0.9474 -0.2199 -0.2325
vn 0.9838 0.1654 0.0694
vn 0.7869 -0.3488 0.5090
vn 0.3996 0.3262 0.8567
vn 0.7711 -0.5888 0.2423
vn 0.7918 -0.2286 0.5665
vn 0.6309 -0.7675 -0.1140
vn 0.1437 -0.8991 0.4135
vn 0.0089 -0.6078 0.7940
vn 0.2036 -0.9790 -0.0074
vn 0.0706 -0.6975 0.7131
vn -0.0877 -0.0562 0.9946
vn -0.6225 -0.5911 0.5129
vn -0.1737 -0.9691 -0.1754
vn -0.6825 -0.0405 0.7297
vn -0.4427 -0.8836 0.1524
vn -0.3706 -0.7410 -0.5599
vn -0.9192 -0.3037 -0.2506
vn -0.8889 0.3602 0.2830
vn -0.7211 -0.5494 -0.4221
vn -0.9598 -0.1823 -0.2134
vn -0.4700 -0.1825 -0.8636
vn -0.7016 0.2099 -0.6810
vn -0.2218 -0.4772 -0.8503
vn -0.6375 0.1240 -0.7604
vn 0.0521 0.0564 -0.9970
vn -0.0245 0.5197 -0.8540
vn 0.1278 -0.3173 -0.9397
vn -0.0311 0.4014 -0.9154
vn -0.3309 0.9379 -0.1040
vn -0.7726 0.5249 0.3572
vn 0.2891 0.6233 0.7266
vn 0.4867 0.7933 -0.3659
vn -0.7134 0.6991 0.0486
vn 0.9006 0.4028 -0.1633
vn -0.5471 0.4906 -0.6783
vn 0.0991 -0.9335 0.3445
vn -0.9017 0.4281 0.0611
vn -0.8482 -0.4442 -0.2884
vn -0.0753 -0.7586 -0.6472
vn 0.9366 -0.3407 0.0822
vn 0.6160 0.1715 -0.7688
vn 0.3498 0.9059 -0.2387
vn -0.2368 0.7868 0.5699
vn -0.8067 0.1676 -0.5667
vn -0.6339 -0.2474 0.7328
vn -0.5937 -0.3824 -0.7080
vn 0.6540 0.0775 -0.7525
vn 0.6474 0.2382 0.7239
vn 0.0068 0.7871 0.6168
vn -0.0826 0.6151 -0.7841
vn 0.9687 -0.0663 0.2392
vn -0.1168 -0.9436 -0.3097
vn -0.0326 0.1162 0.9927
vn 0.7509 -0.4113 0.5167
vn 0.6490 -0.6779 0.3453
vn -0.0953 -0.4310 -0.8973
vn 0.5897 0.5190 -0.6188
vn -0.0493 0.9917 -0.1186
vn 0.6304 0.1281 0.7656
vn -0.0822 -0.8392 0.5376
vn 0.6795 0.4347 0.5910
vn 0.1760 0.7432 -0.6455
vn -0.5588 -0.5041 -0.6585
vn -0.5726 0.8130 -0.1060
vn 0.4694 -0.8804 0.0668
vn -0.0924 0.8987 0.4286
vn -0.7455 0.5089 0.4305
vn -0.3509 0.7133 -0.6068
vn 0.7643 0.6448 -0.0042
vn -0.8994 0.1289 0.4176
vn 0.8809 -0.2519 -0.4006
vn -0.6219 -0.5734 0.5333
vn -0.3631 -0.1092 0.9253
vn 0.3587 0.4321 -0.8274
vn -0.1618 -0.7052 0.6903
vn -0.9377 -0.3457 0.0335
vn 0.3335 0.9374 -0.1005
vn 0.3582 -0.2519 0.8990
vn -0.8287 0.5055 -0.2403
vn -0.9831 -0.1686 0.0709
vn -0.5902 0.5098 0.6259
vn -0.2004 0.9790 0.0365
vn -0.2065 0.9779 0.0317
vn 0.3313 -0.8980 -0.2894
vn -0.0259 -0.9997 -0.0012
vn 0.3714 -0.3609 -0.8555
vn -0.3754 -0.6225 -0.6867
vn 0.2160 -0.9062 -0.3634
vt 0.171973 0.525509
vt 0.123271 0.470458
vt 0.172144 0.469481
vt 0.329048 0.559029
vt 0.269769 0.473003
vt 0.323413 0.469622
vt 0.224429 0.536019
vt 0.271784 0.555717
vt 0.171578 0.656843
vt 0.106282 0.592595
vt 0.171766 0.593801
vt 0.074500 0.472413
vt 0.014702 0.558079
vt 0.020877 0.468708
vt 0.125000 0.930227
vt 0.075188 0.848003
vt 0.125000 0.848094
vt 0.118558 0.132190
vt 0.128554 0.179315
vt 0.084127 0.157401
vt 0.119454 0.535702
vt 0.071980 0.555113
vt 0.178317 0.661080
vt 0.208858 0.690885
vt 0.178317 0.698336
vt 0.191748 0.987956
vt 0.192024 0.935909
vt 0.236681 0.952358
vt 0.221859 0.132190
vt 0.259325 0.156810
vt 0.215194 0.179315
vt 0.237257 0.592990
vt 0.075016 0.661080
vt 0.071683 0.698336
vt 0.041227 0.690545
vt 0.058252 0.987956
vt 0.013319 0.952358
vt 0.057976 0.935909
vt 0.075883 0.082205
vt 0.118558 0.082205
vt 0.042543 0.613558
vt 0.205958 0.781989
vt 0.171652 0.781644
vt 0.125000 0.698336
vt 0.125000 0.661080
vt 0.125000 0.982481
vt 0.044042 0.781989
vt 0.078348 0.781644
vt 0.221859 0.082205
vt 0.266690 0.132190
vt 0.300872 0.614338
vt 0.244949 0.645904
vt 0.263355 0.262163
vt 0.218526 0.262623
vt 0.171874 0.132190
vt 0.171874 0.179315
vt 0.171874 0.082205
vt 0.044107 0.843803
vt 0.012944 0.920851
vt 0.205893 0.843803
vt 0.237056 0.920851
vt 0.257957 0.283956
vt 0.218526 0.288649
vt 0.125000 0.807670
vt 0.125000 0.781644
vt 0.254571 0.305310
vt 0.218526 0.355295
vt 0.085792 0.283956
vt 0.125222 0.262623
vt 0.125222 0.288649
vt 0.204260 0.792310
vt 0.171652 0.807670
vt 0.859375 0.281250
vt 0.885106 0.256635
vt 0.891894 0.281971
vt 0.878070 0.544687
vt 0.829942 0.566924
vt 0.839826 0.536375
vt 0.877139 0.631101
vt 0.823645 0.598114
vt 0.877260 0.602341
vt 0.873976 0.447406
vt 0.934594 0.467677
vt 0.874324 0.491775
vt 0.878927 0.507119
vt 0.854765 0.501683
vt 0.877556 0.574516
vt 0.877239 0.666695
vt 0.821219 0.629738
vt 0.875000 0.406250
vt 0.903699 0.436254
vt 0.834141 0.487652
vt 0.773209 0.547252
vt 0.762023 0.666908
vt 0.754270 0.625547
vt 0.915413 0.407135
vt 0.883990 0.306981
vt 0.798480 0.513179
vt 0.760116 0.585778
vt 0.960087 0.407618
vt 0.979095 0.786317
vt 0.911469 0.770080
vt 0.963302 0.747280
vt 0.976809 0.872950
vt 0.919466 0.830703
vt 0.985192 0.827584
vt 0.904686 0.378021
vt 0.858654 0.313769
vt 0.902563 0.739887
vt 0.936872 0.715119
vt 0.917002 0.800032
vt 0.935899 0.346311
vt 0.902196 0.689550
vt 0.881474 0.703189
vt 0.833644 0.305865
vt 0.859375 0.775217
vt 0.859375 0.746487
vt 0.859375 0.833482
vt 0.859375 0.804002
vt 0.876024 0.365094
vt 0.875676 0.320725
vt 0.859375 0.711581
vt 0.915262 0.870591
vt 0.801748 0.800032
vt 0.815406 0.344823
vt 0.837276 0.703189
vt 0.807280 0.770080
vt 0.803488 0.870591
vt 0.799284 0.830703
vt 0.846301 0.376246
vt 0.826856 0.280529
vt 0.816186 0.739887
vt 0.816554 0.689550
vt 0.739655 0.786317
vt 0.755447 0.747280
vt 0.741941 0.872950
vt 0.733558 0.827584
vt 0.834587 0.405365
vt 0.834760 0.255519
vt 0.781878 0.715119
vt 0.789913 0.404882
vt 0.985902 0.668598
vt 0.931328 0.630590
vt 0.995730 0.628312
vt 0.845314 0.434479
vt 0.860096 0.248731
vt 0.958042 0.517210
vt 0.924813 0.568681
vt 0.916343 0.538099
vt 0.929860 0.599530
vt 0.991899 0.589902
vt 0.814101 0.466189
vt 0.924285 0.490207
vt 0.903231 0.502984
vt 0.981025 0.551821
vt 0.583817 0.819153
vt 0.525097 0.898741
vt 0.563570 0.808626
vt 0.628063 0.806345
vt 0.654283 0.767989
vt 0.660350 0.800277
vt 0.617358 0.920610
vt 0.599032 0.823030
vt 0.621253 0.825686
vt 0.654936 0.986696
vt 0.680806 0.942579
vt 0.689993 0.977463
vt 0.642322 0.920880
vt 0.659977 0.821184
vt 0.678207 0.917205
vt 0.503995 0.889049
vt 0.506153 0.912170
vt 0.558421 0.910405
vt 0.582191 0.915969
vt 0.564827 0.936598
vt 0.703061 0.911928
vt 0.695204 0.936090
vt 0.629540 0.948432
vt 0.548693 0.797289
vt 0.569057 0.790797
vt 0.596143 0.803693
vt 0.676036 0.814794
vt 0.636957 0.824580
vt 0.738224 0.900922
vt 0.710843 0.936791
vt 0.516849 0.922305
vt 0.578566 0.943435
vt 0.645187 0.951779
vt 0.686312 0.780446
vt 0.699604 0.799854
vt 0.470058 0.299152
vt 0.452611 0.418960
vt 0.442364 0.305175
vt 0.326228 0.305757
vt 0.276172 0.426432
vt 0.298318 0.300836
vt 0.432974 0.462553
vt 0.485991 0.461930
vt 0.463692 0.498123
vt 0.430355 0.408611
vt 0.394382 0.310892
vt 0.422638 0.308709
vt 0.382064 0.410332
vt 0.346066 0.308594
vt 0.374347 0.310429
vt 0.429441 0.289859
vt 0.444161 0.437132
vt 0.384765 0.293310
vt 0.391388 0.440615
vt 0.402099 0.410794
vt 0.474849 0.279693
vt 0.489305 0.293572
vt 0.520027 0.435520
vt 0.486323 0.427222
vt 0.524818 0.416061
vt 0.338604 0.289995
vt 0.328740 0.450756
vt 0.318037 0.433814
vt 0.349490 0.437647
vt 0.421095 0.288729
vt 0.392838 0.290911
vt 0.404539 0.442386
vt 0.432796 0.440203
vt 0.375645 0.290432
vt 0.347364 0.288596
vt 0.389416 0.441153
vt 0.329708 0.286022
vt 0.301797 0.281100
vt 0.272692 0.446167
vt 0.314557 0.453549
vt 0.465799 0.279570
vt 0.438105 0.285593
vt 0.447841 0.438424
vt 0.459775 0.251877
vt 0.432082 0.257900
vt 0.475275 0.183301
vt 0.460812 0.049200
vt 0.480066 0.050836
vt 0.530222 0.182420
vt 0.498554 0.038345
vt 0.517862 0.037557
vt 0.438530 0.235355
vt 0.473347 0.205992
vt 0.470620 0.238082
vt 0.420670 0.177159
vt 0.425798 0.029735
vt 0.444696 0.033769
vt 0.367227 0.164359
vt 0.386542 0.030870
vt 0.404785 0.037239
vt 0.462714 0.036459
vt 0.443185 0.180575
vt 0.428969 0.198365
vt 0.408252 0.024832
vt 0.372938 0.186404
vt 0.389174 0.170435
vt 0.480340 0.037957
vt 0.486285 0.203235
vt 0.498043 0.183733
vt 0.391551 0.019001
vt 0.374766 0.011918
vt 0.318631 0.167443
vt 0.315861 0.144840
vt 0.336821 0.153743
vt 0.448499 0.015952
vt 0.429602 0.011918
vt 0.384420 0.192706
vt 0.415915 0.199430
vt 0.409032 0.025077
vt 0.390788 0.018708
vt 0.329315 0.175243
vt 0.359721 0.185859
vt 0.517119 0.019354
vt 0.497811 0.020142
vt 0.498972 0.206487
vt 0.531151 0.205173
vt 0.481156 0.038000
vt 0.461902 0.036364
vt 0.441257 0.203266
vt 0.482792 0.018746
vt 0.463538 0.017110
vt 0.592442 0.299152
vt 0.609889 0.418960
vt 0.576177 0.427222
vt 0.736272 0.305757
vt 0.786328 0.426432
vt 0.744463 0.433814
vt 0.576508 0.461930
vt 0.629526 0.462553
vt 0.598808 0.498123
vt 0.668118 0.310892
vt 0.632145 0.408611
vt 0.639862 0.308709
vt 0.716434 0.308594
vt 0.680436 0.410332
vt 0.688153 0.310429
vt 0.633059 0.289859
vt 0.620136 0.305175
vt 0.618339 0.437132
vt 0.677735 0.293310
vt 0.671112 0.440615
vt 0.660401 0.410794
vt 0.587651 0.279693
vt 0.573195 0.293572
vt 0.542473 0.435520
vt 0.537682 0.416061
vt 0.723896 0.289995
vt 0.733760 0.450756
vt 0.713010 0.437647
vt 0.641405 0.288729
vt 0.669662 0.290911
vt 0.657961 0.442386
vt 0.629704 0.440203
vt 0.686855 0.290432
vt 0.715136 0.288596
vt 0.673084 0.441153
vt 0.715157 0.462097
vt 0.764182 0.300836
vt 0.732792 0.286022
vt 0.760703 0.281100
vt 0.789808 0.446167
vt 0.747943 0.453549
vt 0.596701 0.279570
vt 0.624395 0.285593
vt 0.614659 0.438424
vt 0.602725 0.251877
vt 0.630418 0.257900
vt 0.601688 0.049200
vt 0.587225 0.183301
vt 0.582434 0.050836
vt 0.563946 0.038345
vt 0.532278 0.182420
vt 0.544638 0.037557
vt 0.589153 0.205992
vt 0.623970 0.235355
vt 0.591880 0.238082
vt 0.636702 0.029735
vt 0.641830 0.177159
vt 0.617804 0.033769
vt 0.675958 0.030870
vt 0.695273 0.164359
vt 0.657715 0.037239
vt 0.599786 0.036459
vt 0.619315 0.180575
vt 0.633531 0.198365
vt 0.654248 0.024832
vt 0.689562 0.186404
vt 0.673326 0.170435
vt 0.582160 0.037957
vt 0.576215 0.203235
vt 0.564457 0.183733
vt 0.670949 0.019001
vt 0.687734 0.011918
vt 0.743869 0.167443
vt 0.725679 0.153743
vt 0.746639 0.144840
vt 0.614001 0.015952
vt 0.632898 0.011918
vt 0.678080 0.192706
vt 0.646585 0.199430
vt 0.653468 0.025077
vt 0.671712 0.018708
vt 0.733185 0.175243
vt 0.702779 0.185859
vt 0.545381 0.019354
vt 0.564689 0.020142
vt 0.563528 0.206487
vt 0.531349 0.205173
vt 0.581344 0.038000
vt 0.600598 0.036364
vt 0.621243 0.203266
vt 0.579708 0.018746
vt 0.598962 0.017110
vt 0.591894 0.553935
vt 0.596099 0.670420
vt 0.565221 0.670324
vt 0.661891 0.539884
vt 0.707992 0.517253
vt 0.696257 0.551619
vt 0.646241 0.672498
vt 0.630187 0.559218
vt 0.651158 0.561710
vt 0.654725 0.743741
vt 0.700126 0.699822
vt 0.699385 0.744482
vt 0.665705 0.672505
vt 0.688747 0.564166
vt 0.692970 0.674751
vt 0.539183 0.673586
vt 0.560483 0.699517
vt 0.618158 0.670318
vt 0.607549 0.698030
vt 0.713187 0.675663
vt 0.655466 0.699081
vt 0.573927 0.543921
vt 0.589433 0.539480
vt 0.616127 0.558247
vt 0.623226 0.538650
vt 0.705802 0.561815
vt 0.665411 0.562671
vt 0.750343 0.684231
vt 0.722704 0.536890
vt 0.729700 0.551184
vt 0.475035 0.896805
vt 0.416687 0.817484
vt 0.437045 0.807124
vt 0.346512 0.765393
vt 0.372610 0.804000
vt 0.340258 0.797746
vt 0.401378 0.820931
vt 0.382942 0.918473
vt 0.379264 0.823404
vt 0.319277 0.940305
vt 0.345072 0.984607
vt 0.309960 0.975243
vt 0.340539 0.818708
vt 0.357920 0.918673
vt 0.321961 0.914878
vt 0.496029 0.887246
vt 0.493811 0.910207
vt 0.441924 0.908287
vt 0.435599 0.934449
vt 0.418212 0.913904
vt 0.297065 0.909509
vt 0.304863 0.933754
vt 0.370652 0.946324
vt 0.451921 0.795947
vt 0.431753 0.789299
vt 0.404595 0.801781
vt 0.324470 0.812241
vt 0.363577 0.822212
vt 0.289184 0.934408
vt 0.261852 0.898364
vt 0.483153 0.920218
vt 0.421781 0.941450
vt 0.314297 0.777763
vt 0.300897 0.797177
vt 0.472674 0.553515
vt 0.466172 0.670436
vt 0.448840 0.557628
vt 0.358037 0.516687
vt 0.403337 0.539790
vt 0.369135 0.550888
vt 0.434818 0.558888
vt 0.417463 0.671612
vt 0.413919 0.561328
vt 0.361463 0.698698
vt 0.407013 0.744411
vt 0.361381 0.744329
vt 0.376363 0.563519
vt 0.396244 0.671469
vt 0.369115 0.673465
vt 0.524341 0.674079
vt 0.501864 0.699979
vt 0.497190 0.670430
vt 0.455226 0.697701
vt 0.445687 0.670282
vt 0.348855 0.673975
vt 0.407094 0.698780
vt 0.489563 0.544288
vt 0.475118 0.539766
vt 0.441734 0.538362
vt 0.359414 0.560790
vt 0.399780 0.562448
vt 0.311436 0.681605
vt 0.343237 0.535559
vt 0.335902 0.549582
vt 0.171874 0.262623
vt 0.078348 0.807670
vt 0.174812 0.848003
vt 0.221010 0.470753
vt 0.931835 0.183848
vt 0.936637 0.138592
vt 0.957238 0.215476
vt 0.927027 0.159369
vt 0.909654 0.133395
vt 0.886954 0.200037
vt 0.913576 0.184854
vt 0.913520 0.254361
vt 0.935769 0.253661
vt 0.860426 0.091102
vt 0.899525 0.125463
vt 0.879538 0.124938
vt 0.936353 0.272201
vt 0.914104 0.272902
vt 0.896707 0.262583
vt 0.870141 0.208259
vt 0.913985 0.110910
vt 0.940968 0.116107
vt 0.951589 0.134586
vt 0.972190 0.211470
vt 0.973609 0.224681
vt 0.952140 0.262865
vt 0.870996 0.194601
vt 0.893696 0.127959
vt 0.914034 0.159456
vt 0.882600 0.008348
vt 0.920824 0.076021
vt 0.782113 0.138592
vt 0.786915 0.183848
vt 0.761512 0.215477
vt 0.809096 0.133395
vt 0.791723 0.159369
vt 0.831796 0.200037
vt 0.805230 0.254361
vt 0.805174 0.184854
vt 0.782981 0.253661
vt 0.858324 0.091102
vt 0.819225 0.125463
vt 0.797926 0.076021
vt 0.782397 0.272201
vt 0.804646 0.272902
vt 0.822043 0.262583
vt 0.848609 0.208259
vt 0.804765 0.110910
vt 0.777782 0.116107
vt 0.767161 0.134585
vt 0.746560 0.211470
vt 0.745141 0.224681
vt 0.766610 0.262865
vt 0.847754 0.194601
vt 0.825054 0.127959
vt 0.804716 0.159456
vt 0.836150 0.008348
vt 0.816163 0.008873
vt 0.857453 0.895108
vt 0.834384 0.895108
vt 0.826694 0.906642
vt 0.868987 0.906642
vt 0.826694 0.937401
vt 0.868987 0.937401
vt 0.838228 0.941246
vt 0.826694 0.941246
vt 0.872832 0.914332
vt 0.892056 0.918177
vt 0.872832 0.925866
vt 0.892056 0.925866
vt 0.826694 0.979694
vt 0.838228 0.979694
vt 0.853608 0.941246
vt 0.842073 0.941246
vt 0.842073 0.979694
vt 0.853608 0.979694
vt 0.868987 0.941246
vt 0.857453 0.941246
vt 0.857453 0.979694
vt 0.868987 0.979694
vt 0.978116 0.895306
vt 0.955047 0.895306
vt 0.985806 0.906841
vt 0.943513 0.906841
vt 0.985806 0.937599
vt 0.943513 0.937599
vt 0.985806 0.941444
vt 0.974272 0.941444
vt 0.920444 0.918375
vt 0.939668 0.914530
vt 0.939668 0.926065
vt 0.920444 0.926065
vt 0.985806 0.979892
vt 0.974271 0.979892
vt 0.970427 0.941444
vt 0.958892 0.941444
vt 0.970427 0.979892
vt 0.958892 0.979892
vt 0.955047 0.941444
vt 0.943513 0.941444
vt 0.955047 0.979892
vt 0.943513 0.979892
vt 0.313333 0.262987
vt 0.264729 0.178800
vt 0.314707 0.179624
vt 0.080395 0.262029
vt 0.029043 0.179491
vt 0.079021 0.178667
vt 0.045740 0.792310
vt 0.171874 0.288649
vt 0.089178 0.305310
vt 0.125222 0.355295
vt 0.089178 0.355295
vt 0.171874 0.355295
vt 0.258261 0.428276
vt 0.222142 0.374707
vt 0.258703 0.375010
vt 0.203680 0.835893
vt 0.171456 0.824544
vt 0.122879 0.445430
vt 0.172218 0.444951
vt 0.262059 0.446607
vt 0.221554 0.445728
vt 0.078544 0.824545
vt 0.125000 0.824607
vt 0.086278 0.427757
vt 0.122719 0.374407
vt 0.046320 0.835893
vt 0.082368 0.446065
vt 0.172431 0.374407
vt 0.098275 0.645461
vt 0.075883 0.132190
vt 0.209751 0.698701
vt 0.040249 0.698701
vt 0.266690 0.082205
vt 0.254571 0.355295
vt 0.820367 0.668598
vt 0.859375 0.867625
vt 0.930940 0.664137
vt 0.621995 0.774057
vt 0.746005 0.925786
vt 0.549386 0.936459
vt 0.613431 0.950870
vt 0.347343 0.462097
vt 0.673626 0.505518
vt 0.740954 0.713101
vt 0.378865 0.771648
vt 0.354952 0.949636
vt 0.253971 0.923263
vt 0.450816 0.934174
vt 0.386808 0.948822
vt 0.392239 0.505589
vt 0.320054 0.710886
vt 0.902587 0.008873
vt 0.839212 0.124938
vt 0.030417 0.262853
vt 0.086158 0.374489
s 1
f 4196/5617/4497 3914/5618/4497 4198/5619/4497
f 3937/5620/4498 3907/5621/4498 3910/5622/4498
f 3931/5623/4499 3907/5621/4499 3932/5624/4499
f 4191/5625/4500 3919/5626/4500 4195/5627/4500
f 3913/5628/4501 3926/5629/4501 3911/5630/4501
f 4192/5631/4502 3909/5632/4502 4197/5633/4502
f 3915/5634/4503 3916/5635/4503 3917/5636/4503
f 3918/5637/4504 3919/5626/4504 3920/5638/4504
f 3921/5639/4505 3922/5640/4505 3923/5641/4505
f 3924/5642/4506 3925/5643/4506 3926/5644/4506
f 3927/5645/4507 3928/5646/4507 3929/5647/4507
f 3930/5648/4508 3931/5623/4508 3932/5624/4508
f 3933/5649/4509 3934/5650/4509 3935/5651/4509
f 3936/5652/4510 3937/5653/4510 3938/5654/4510
f 3915/5634/4511 3922/5655/4511 3921/5656/4511
f 3918/5637/4512 3913/5628/4512 3914/5618/4512
f 3919/5626/4513 3926/5657/4513 3920/5638/4513
f 3923/5641/4514 4321/5658/4514 4324/5659/4514
f 3921/5639/4515 4190/5660/4515 4189/5661/4515
f 4191/5662/4516 3938/5654/4516 4192/5631/4516
f 4325/5663/4517 3934/5650/4517 4319/5664/4517
f 3933/5665/4518 3928/5666/4518 3927/5645/4518
f 3930/5648/4519 3937/5667/4519 3936/5668/4519
f 3929/5647/4520 4322/5669/4520 4326/5670/4520
f 4193/5671/4521 3929/5647/4521 4194/5672/4521
f 4195/5627/4522 3918/5637/4522 4196/5617/4522
f 3933/5665/4523 4193/5671/4523 4189/5673/4523
f 3910/5674/4524 3938/5654/4524 3937/5675/4524
f 3925/5643/4525 3911/5676/4525 3926/5677/4525
f 4326/5670/4526 4322/5678/4526 4332/5679/4526
f 4324/5659/4527 4336/5680/4528 4328/5681/4528
f 4322/5682/4529 4329/5683/4529 4332/5679/4529
f 4323/5684/4530 4320/5685/4530 4330/5686/4530
f 4324/5659/4531 4321/5687/4531 4331/5688/4531
f 3988/5689/4532 3996/5690/4532 3945/5691/4532
f 3995/5692/4533 3943/5693/4533 3944/5694/4533
f 3992/5695/4534 3942/5696/4534 3993/5697/4534
f 3990/5698/4535 3940/5699/4535 3991/5700/4536
f 3996/5701/4537 3944/5694/4537 3945/5702/4537
f 3994/5703/4538 3942/5696/4539 3943/5693/4540
f 3991/5704/4541 3941/5705/4541 3992/5695/4541
f 3990/5698/4542 3989/5706/4542 3939/5707/4542
f 3944/5694/4543 3952/5708/4543 3945/5702/4543
f 3942/5696/4544 3950/5709/4545 3943/5693/4546
f 3941/5705/4547 3947/5710/4547 3948/5711/4547
f 3939/5707/4548 3989/5706/4548 3946/5712/4548
f 3988/5689/4549 3945/5691/4549 3952/5713/4549
f 3943/5693/4550 3951/5714/4550 3944/5694/4550
f 3942/5696/4551 3948/5711/4551 3949/5715/4551
f 3939/5707/4552 3947/5716/4552 3940/5699/4552
f 3949/5717/4553 3957/5718/4554 3950/5719/4555
f 3947/5720/4556 3955/5721/4556 3948/5722/4556
f 3946/5712/4557 3989/5706/4557 3953/5723/4557
f 3988/5689/4558 3952/5713/4558 3959/5724/4558
f 3950/5719/4559 3958/5725/4559 3951/5726/4559
f 3948/5722/4560 3956/5727/4560 3949/5717/4560
f 3946/5712/4561 3954/5728/4561 3947/5716/4561
f 3952/5729/4562 3958/5725/4562 3959/5730/4562
f 3988/5689/4563 3959/5724/4563 3966/5731/4563
f 3958/5725/4564 3964/5732/4565 3965/5733/4566
f 3956/5727/4567 3962/5734/4567 3963/5735/4567
f 3954/5728/4568 3960/5736/4568 3961/5737/4568
f 3959/5730/4569 3965/5733/4569 3966/5738/4569
f 3957/5718/4570 3963/5735/4571 3964/5732/4572
f 3954/5739/4573 3962/5734/4573 3955/5721/4573
f 3953/5723/4574 3989/5706/4574 3960/5736/4574
f 3962/5734/4575 3970/5740/4575 3963/5735/4575
f 3960/5736/4576 3968/5741/4576 3961/5737/4576
f 3965/5733/4577 3973/5742/4577 3966/5738/4577
f 3963/5735/4578 3971/5743/4579 3964/5732/4580
f 3962/5734/4581 3968/5744/4581 3969/5745/4581
f 3960/5736/4582 3989/5706/4582 3967/5746/4582
f 3988/5689/4583 3966/5731/4583 3973/5747/4583
f 3964/5732/4584 3972/5748/4585 3965/5733/4586
f 3972/5748/4587 3980/5749/4587 3973/5742/4587
f 3971/5743/4588 3977/5750/4589 3978/5751/4590
f 3969/5745/4591 3975/5752/4591 3976/5753/4591
f 3967/5746/4592 3989/5706/4592 3974/5754/4592
f 3988/5689/4593 3973/5747/4593 3980/5755/4593
f 3972/5748/4594 3978/5751/4594 3979/5756/4594
f 3970/5740/4595 3976/5753/4595 3977/5750/4595
f 3967/5746/4596 3975/5757/4596 3968/5741/4596
f 3975/5758/4597 3983/5759/4597 3976/5760/4597
f 3974/5754/4598 3989/5706/4598 3981/5761/4598
f 3988/5689/4599 3980/5755/4599 3987/5762/4599
f 3979/5763/4600 3985/5764/4600 3986/5765/4600
f 3976/5760/4601 3984/5766/4601 3977/5767/4601
f 3974/5754/4602 3982/5768/4602 3975/5757/4602
f 3980/5769/4603 3986/5765/4603 3987/5770/4603
f 3978/5771/4604 3984/5766/4605 3985/5764/4606
f 3988/5689/4607 3987/5762/4607 3996/5690/4607
f 3985/5764/4608 3995/5692/4608 3986/5765/4608
f 3984/5766/4609 3992/5695/4609 3993/5697/4609
f 3982/5768/4610 3990/5698/4610 3991/5700/4610
f 3986/5765/4611 3996/5701/4611 3987/5770/4611
f 3984/5766/4612 3994/5703/4613 3985/5764/4614
f 3983/5759/4615 3991/5704/4615 3992/5695/4615
f 3981/5761/4616 3989/5706/4616 3990/5698/4616
f 4013/5772/4617 3998/5773/4617 4011/5774/4617
f 4019/5775/4618 4010/5776/4618 4017/5777/4618
f 4006/5778/4619 4012/5779/4619 4018/5780/4619
f 4002/5781/4620 4004/5782/4620 3999/5783/4620
f 4007/5784/4621 4016/5785/4621 4005/5786/4621
f 3997/5787/4622 3998/5773/4622 3999/5788/4622
f 4000/5789/4623 4001/5790/4623 4002/5791/4623
f 4003/5792/4624 4004/5793/4624 4005/5786/4624
f 4006/5778/4625 4007/5784/4625 4008/5794/4625
f 4009/5795/4626 4010/5796/4626 4011/5774/4626
f 4012/5779/4627 4013/5772/4627 4014/5797/4627
f 4015/5798/4628 4016/5785/4628 4017/5777/4628
f 4018/5780/4629 4019/5775/4629 4020/5799/4629
f 3997/5800/4630 4004/5801/4630 4003/5792/4630
f 4000/5789/4631 3999/5802/4631 3998/5773/4631
f 4006/5778/4632 4002/5803/4632 4001/5790/4632
f 4007/5784/4633 4004/5782/4633 4008/5804/4633
f 4015/5798/4634 4005/5786/4634 4016/5785/4634
f 4018/5780/4635 4007/5784/4635 4006/5778/4635
f 4017/5777/4636 4020/5799/4636 4019/5775/4636
f 4015/5798/4637 4010/5805/4637 4009/5806/4637
f 4012/5779/4638 4019/5775/4638 4018/5780/4638
f 4011/5774/4639 4014/5797/4639 4013/5772/4639
f 4009/5795/4640 3998/5773/4640 3997/5787/4640
f 4001/5790/4641 4013/5772/4641 4012/5779/4641
f 4015/5798/4642 3997/5800/4642 4003/5792/4642
f 4035/5807/4643 4024/5808/4643 4022/5809/4643
f 4041/5810/4644 4038/5811/4645 4034/5812/4646
f 4030/5813/4647 4036/5814/4648 4042/5815/4649
f 4026/5816/4650 4028/5817/4650 4023/5818/4650
f 4031/5819/4651 4040/5820/4651 4029/5821/4651
f 4021/5822/4652 4022/5809/4652 4023/5818/4652
f 4024/5808/4653 4025/5823/4653 4026/5816/4653
f 4027/5824/4654 4028/5817/4654 4029/5821/4654
f 4030/5825/4655 4031/5819/4656 4032/5826/4657
f 4033/5827/4658 4034/5828/4658 4035/5807/4658
f 4036/5829/4659 4037/5830/4659 4038/5831/4659
f 4039/5832/4660 4040/5820/4660 4041/5810/4660
f 4042/5833/4661 4043/5834/4661 4044/5835/4661
f 4021/5836/4662 4028/5817/4662 4027/5837/4662
f 4022/5809/4663 4026/5816/4663 4023/5818/4663
f 4030/5838/4664 4026/5816/4665 4025/5839/4666
f 4031/5819/4667 4028/5817/4667 4032/5826/4667
f 4027/5840/4668 4040/5820/4668 4039/5841/4668
f 4030/5842/4655 4044/5835/4669 4031/5819/4656
f 4043/5834/4670 4040/5820/4670 4044/5835/4670
f 4039/5843/4671 4034/5812/4671 4033/5844/4671
f 4036/5845/4672 4043/5834/4673 4042/5846/4674
f 4035/5807/4675 4038/5831/4676 4037/5830/4677
f 4033/5847/4678 4022/5809/4678 4021/5848/4678
f 4025/5849/4679 4037/5830/4679 4036/5814/4679
f 4039/5850/4680 4021/5848/4680 4027/5851/4680
f 4061/5852/4681 4046/5853/4681 4059/5854/4681
f 4067/5855/4682 4058/5856/4682 4065/5857/4682
f 4054/5858/4683 4060/5859/4683 4066/5860/4683
f 4050/5861/4684 4052/5862/4684 4047/5863/4684
f 4055/5864/4685 4064/5865/4685 4053/5866/4685
f 4045/5867/4686 4046/5853/4686 4047/5863/4686
f 4048/5868/4687 4049/5869/4687 4050/5861/4687
f 4051/5870/4686 4052/5862/4686 4053/5866/4686
f 4054/5871/4688 4055/5864/4688 4056/5872/4688
f 4057/5873/4689 4058/5856/4689 4059/5854/4689
f 4060/5874/4690 4061/5852/4690 4062/5875/4690
f 4063/5876/4689 4064/5865/4689 4065/5877/4689
f 4066/5878/4691 4067/5879/4691 4068/5880/4691
f 4045/5881/4686 4052/5862/4686 4051/5882/4686
f 4046/5853/4692 4050/5861/4692 4047/5863/4692
f 4054/5883/4693 4050/5861/4693 4049/5884/4693
f 4053/5866/4694 4056/5872/4694 4055/5864/4694
f 4051/5885/4695 4064/5865/4695 4063/5886/4695
f 4066/5887/4696 4055/5864/4696 4054/5888/4696
f 4067/5879/4697 4064/5865/4697 4068/5880/4697
f 4063/5889/4689 4058/5856/4689 4057/5890/4689
f 4060/5891/4698 4067/5855/4698 4066/5892/4698
f 4059/5854/4699 4062/5875/4699 4061/5852/4699
f 4057/5893/4695 4046/5853/4695 4045/5894/4695
f 4049/5895/4700 4061/5852/4700 4060/5859/4700
f 4063/5896/4695 4045/5894/4695 4051/5897/4695
f 4083/5898/4701 4072/5899/4701 4085/5900/4701
f 4089/5901/4702 4086/5902/4703 4091/5903/4704
f 4084/5904/4705 4078/5905/4706 4090/5906/4707
f 4076/5907/4708 4074/5908/4708 4071/5909/4708
f 4088/5910/4709 4079/5911/4709 4077/5912/4709
f 4069/5913/4710 4071/5909/4710 4070/5914/4710
f 4072/5899/4711 4074/5908/4711 4073/5915/4711
f 4075/5916/4712 4077/5912/4712 4076/5907/4712
f 4078/5917/4713 4080/5918/4714 4079/5911/4715
f 4081/5919/4716 4083/5898/4716 4082/5920/4716
f 4084/5921/4717 4086/5922/4717 4085/5900/4717
f 4087/5923/4718 4089/5901/4718 4088/5910/4718
f 4090/5924/4719 4092/5925/4719 4091/5903/4719
f 4076/5907/4720 4069/5926/4720 4075/5927/4720
f 4070/5914/4721 4074/5908/4721 4072/5899/4721
f 4074/5908/4722 4078/5928/4723 4073/5929/4724
f 4079/5911/4725 4076/5907/4725 4077/5912/4725
f 4088/5910/4726 4075/5930/4726 4087/5931/4726
f 4078/5932/4727 4092/5925/4727 4090/5933/4727
f 4091/5903/4728 4088/5910/4728 4089/5901/4728
f 4082/5934/4729 4087/5935/4729 4081/5936/4729
f 4091/5903/4730 4084/5937/4731 4090/5938/4732
f 4086/5922/4733 4083/5898/4734 4085/5900/4735
f 4070/5914/4736 4081/5939/4736 4069/5940/4736
f 4085/5900/4737 4073/5941/4737 4084/5904/4737
f 4069/5940/4738 4087/5942/4738 4075/5943/4738
f 4094/5944/4739 4109/5945/4739 4107/5946/4739
f 4106/5947/4740 4115/5948/4740 4113/5949/4740
f 4108/5950/4741 4102/5951/4741 4114/5952/4741
f 4100/5953/4742 4098/5954/4742 4095/5955/4742
f 4112/5956/4743 4103/5957/4743 4101/5958/4743
f 4093/5959/4744 4095/5955/4744 4094/5944/4744
f 4096/5960/4745 4098/5954/4745 4097/5961/4745
f 4099/5962/4744 4101/5958/4744 4100/5953/4744
f 4102/5963/4746 4104/5964/4746 4103/5957/4746
f 4105/5965/4747 4107/5946/4747 4106/5947/4747
f 4108/5966/4748 4110/5967/4748 4109/5945/4748
f 4111/5968/4747 4113/5969/4747 4112/5956/4747
f 4114/5970/4749 4116/5971/4749 4115/5972/4749
f 4100/5953/4744 4093/5973/4744 4099/5974/4744
f 4094/5944/4750 4098/5954/4750 4096/5960/4750
f 4098/5954/4751 4102/5975/4751 4097/5976/4751
f 4104/5964/4752 4101/5958/4752 4103/5957/4752
f 4112/5956/4753 4099/5977/4753 4111/5978/4753
f 4103/5957/4754 4114/5979/4754 4102/5980/4754
f 4115/5972/4755 4112/5956/4755 4113/5969/4755
f 4106/5947/4747 4111/5981/4747 4105/5982/4747
f 4115/5948/4756 4108/5983/4756 4114/5984/4756
f 4110/5967/4757 4107/5946/4757 4109/5945/4757
f 4094/5944/4753 4105/5985/4753 4093/5986/4753
f 4109/5945/4758 4097/5987/4758 4108/5950/4758
f 4093/5986/4753 4111/5988/4753 4099/5989/4753
f 4131/5990/4759 4120/5991/4759 4118/5992/4759
f 4139/5993/4760 4130/5994/4760 4137/5995/4760
f 4126/5996/4761 4132/5997/4761 4138/5998/4761
f 4122/5999/4762 4124/6000/4762 4119/6001/4762
f 4127/6002/4763 4136/6003/4763 4125/6004/4763
f 4117/6005/4764 4118/5992/4764 4119/6006/4764
f 4120/5991/4765 4121/6007/4765 4122/6008/4765
f 4123/6009/4766 4124/6000/4766 4125/6004/4766
f 4126/5996/4767 4127/6002/4767 4128/6010/4767
f 4129/6011/4760 4130/6012/4760 4131/5990/4760
f 4132/5997/4768 4133/6013/4768 4134/6014/4768
f 4135/6015/4760 4136/6003/4760 4137/5995/4760
f 4138/5998/4769 4139/5993/4769 4140/6016/4769
f 4117/6017/4770 4124/6000/4770 4123/6009/4770
f 4120/5991/4771 4119/6006/4771 4118/5992/4771
f 4126/5996/4772 4122/6008/4772 4121/6007/4772
f 4125/6004/4773 4128/6010/4773 4127/6002/4773
f 4135/6015/4774 4125/6004/4774 4136/6003/4774
f 4138/5998/4775 4127/6002/4775 4126/5996/4775
f 4139/5993/4776 4136/6003/4776 4140/6016/4776
f 4135/6015/4760 4130/6018/4760 4129/6019/4760
f 4132/5997/4777 4139/5993/4777 4138/5998/4777
f 4131/5990/4778 4134/6014/4778 4133/6013/4778
f 4129/6011/4779 4118/5992/4779 4117/6005/4779
f 4121/6007/4780 4133/6013/4780 4132/5997/4780
f 4135/6015/4781 4117/6017/4781 4123/6009/4781
f 4142/6020/4782 4157/6021/4782 4155/6022/4782
f 4154/6023/4783 4163/6024/4783 4161/6025/4783
f 4156/6026/4784 4150/6027/4784 4162/6028/4784
f 4148/6029/4785 4146/6030/4785 4143/6031/4785
f 4160/6032/4786 4151/6033/4786 4149/6034/4786
f 4141/6035/4787 4143/6036/4787 4142/6020/4787
f 4144/6037/4788 4146/6038/4788 4145/6039/4788
f 4147/6040/4789 4149/6034/4789 4148/6041/4789
f 4150/6027/4790 4152/6042/4790 4151/6033/4790
f 4153/6043/4791 4155/6022/4791 4154/6044/4791
f 4156/6026/4792 4158/6045/4792 4157/6021/4792
f 4159/6046/4793 4161/6025/4793 4160/6032/4793
f 4162/6028/4794 4164/6047/4794 4163/6024/4794
f 4148/6048/4795 4141/6049/4795 4147/6040/4795
f 4143/6050/4796 4144/6037/4796 4142/6020/4796
f 4146/6051/4797 4150/6027/4797 4145/6039/4797
f 4151/6033/4798 4148/6029/4798 4149/6034/4798
f 4159/6046/4799 4149/6034/4799 4147/6040/4799
f 4151/6033/4800 4162/6028/4800 4150/6027/4800
f 4164/6047/4801 4161/6025/4801 4163/6024/4801
f 4154/6052/4802 4159/6046/4802 4153/6053/4802
f 4163/6024/4803 4156/6026/4803 4162/6028/4803
f 4158/6045/4804 4155/6022/4804 4157/6021/4804
f 4142/6020/4805 4153/6043/4805 4141/6035/4805
f 4157/6021/4806 4145/6039/4806 4156/6026/4806
f 4141/6049/4807 4159/6046/4807 4147/6040/4807
f 4179/6054/4808 4168/6055/4808 4181/6056/4808
f 4178/6057/4809 4187/6058/4809 4185/6059/4809
f 4180/6060/4810 4174/6061/4810 4186/6062/4810
f 4172/6063/4811 4170/6064/4811 4167/6065/4811
f 4184/6066/4812 4175/6067/4812 4173/6068/4812
f 4165/6069/4813 4167/6070/4813 4166/6071/4813
f 4168/6055/4814 4170/6072/4814 4169/6073/4814
f 4171/6074/4815 4173/6068/4815 4172/6063/4815
f 4174/6061/4816 4176/6075/4816 4175/6067/4816
f 4177/6076/4809 4179/6054/4809 4178/6077/4809
f 4180/6060/4817 4182/6078/4817 4181/6056/4817
f 4183/6079/4809 4185/6059/4809 4184/6066/4809
f 4186/6062/4818 4188/6080/4818 4187/6058/4818
f 4172/6063/4819 4165/6081/4819 4171/6074/4819
f 4167/6070/4820 4168/6055/4820 4166/6071/4820
f 4170/6072/4821 4174/6061/4821 4169/6073/4821
f 4176/6075/4822 4173/6068/4822 4175/6067/4822
f 4183/6079/4823 4173/6068/4823 4171/6074/4823
f 4175/6067/4824 4186/6062/4824 4174/6061/4824
f 4187/6058/4809 4184/6066/4809 4185/6059/4809
f 4178/6082/4809 4183/6079/4809 4177/6083/4809
f 4187/6058/4825 4180/6060/4825 4186/6062/4825
f 4182/6078/4826 4179/6054/4826 4181/6056/4826
f 4166/6071/4827 4177/6076/4827 4165/6069/4827
f 4181/6056/4828 4169/6073/4828 4180/6060/4828
f 4165/6081/4829 4183/6079/4829 4171/6074/4829
f 4327/6084/4830 4330/5686/4831 4320/5685/4832
f 4328/5681/4528 4329/6085/4833 4319/5664/4834
f 4189/5673/4523 3915/5634/4523 3921/5656/4523
f 4195/5627/4835 3931/5623/4835 3930/5648/4835
f 4193/5671/4521 3916/5635/4521 3915/5634/4521
f 4191/5662/4836 3925/5643/4836 3924/5642/4836
f 3933/5649/4515 4190/5660/4515 3934/5650/4515
f 3912/6086/4502 4192/5631/4502 4197/5633/4502
f 4191/5625/4837 3930/5648/4837 3936/5668/4837
f 3908/6087/4497 4196/5617/4497 4198/5619/4497
f 4200/6088/4838 4208/6089/4838 4214/6090/4838
f 4202/6091/4696 4209/6092/4696 4208/6089/4696
f 4213/6093/4839 4204/6094/4839 4210/6095/4839
f 4204/6094/4840 4207/6096/4840 4210/6095/4840
f 4211/6097/4695 4203/6098/4695 4199/6099/4695
f 4210/6095/4841 4199/6100/4841 4203/6101/4841
f 4213/6093/4842 4203/6102/4842 4212/6103/4842
f 4208/6089/4843 4205/6104/4843 4201/6105/4843
f 4214/6090/4844 4201/6106/4844 4211/6107/4844
f 4207/6096/4845 4211/6108/4845 4199/6109/4845
f 4209/6092/4846 4212/6110/4846 4205/6111/4846
f 4202/6091/4683 4204/6094/4683 4206/6112/4683
f 4201/6113/4695 4212/6114/4695 4211/6097/4695
f 4206/6112/4847 4213/6093/4847 4209/6092/4847
f 4207/6096/4848 4200/6088/4848 4214/6090/4848
f 4224/6115/4849 4216/6116/4849 4230/6117/4849
f 4225/6118/4754 4218/6119/4754 4224/6115/4754
f 4229/6120/4850 4226/6121/4850 4220/6122/4850
f 4223/6123/4851 4220/6122/4851 4226/6121/4851
f 4227/6124/4753 4219/6125/4753 4228/6126/4753
f 4215/6127/4852 4226/6121/4852 4219/6128/4852
f 4219/6129/4853 4229/6120/4853 4228/6130/4853
f 4221/6131/4854 4224/6115/4854 4217/6132/4854
f 4217/6133/4855 4230/6117/4855 4227/6134/4855
f 4227/6135/4856 4223/6123/4856 4215/6136/4856
f 4228/6137/4857 4225/6118/4857 4221/6138/4857
f 4220/6122/4741 4218/6119/4741 4222/6139/4741
f 4217/6140/4753 4228/6126/4753 4221/6141/4753
f 4229/6120/4858 4222/6139/4858 4225/6118/4858
f 4223/6123/4859 4230/6117/4859 4216/6116/4859
f 4232/6142/4860 4233/6143/4860 4231/6142/4860
f 4234/6143/4861 4237/6144/4861 4233/6143/4861
f 4236/6145/4862 4231/6142/4862 4235/6145/4862
f 4237/6144/4863 4231/6142/4863 4233/6143/4863
f 4238/6144/4864 4232/6142/4864 4236/6145/4864
f 4238/6144/4865 4241/6146/4865 4237/6144/4865
f 4235/6145/4866 4240/6147/4867 4236/6145/4866
f 4237/6144/4863 4239/6147/4863 4235/6145/4863
f 4251/6148/4860 4254/6149/4860 4253/6149/4860
f 4243/6150/4868 4248/6151/4868 4244/6150/4868
f 4242/6146/4869 4239/6147/4869 4241/6146/4869
f 4246/6152/4865 4243/6150/4865 4244/6150/4865
f 4247/6151/4867 4250/6153/4867 4248/6151/4867
f 4246/6152/4869 4249/6153/4869 4245/6152/4869
f 4246/6152/4870 4248/6151/4870 4250/6153/4870
f 4245/6152/4871 4247/6151/4871 4243/6150/4871
f 4252/6148/4864 4258/6154/4864 4254/6149/4870
f 4258/6154/4869 4255/6155/4869 4257/6154/4869
f 4254/6149/4865 4257/6154/4865 4253/6149/4865
f 4251/6148/4867 4256/6155/4867 4252/6148/4867
f 4253/6149/4863 4255/6155/4863 4251/6148/4863
f 4259/6156/4860 4262/6157/4860 4261/6157/4860
f 4260/6156/4864 4266/6158/4864 4262/6157/4864
f 4266/6158/4869 4263/6159/4869 4265/6158/4869
f 4262/6157/4865 4265/6158/4865 4261/6157/4872
f 4259/6156/4867 4264/6159/4867 4260/6156/4867
f 4261/6157/4863 4263/6159/4863 4259/6156/4863
f 4267/6160/4860 4270/6161/4860 4269/6161/4860
f 4268/6160/4870 4274/6162/4864 4270/6161/4870
f 4274/6162/4869 4271/6163/4869 4273/6162/4869
f 4270/6161/4865 4273/6162/4865 4269/6161/4865
f 4267/6160/4867 4272/6163/4867 4268/6160/4867
f 4269/6161/4863 4271/6163/4871 4267/6160/4863
f 4277/6164/4873 4276/6165/4873 4275/6165/4873
f 4281/6166/4874 4278/6164/4874 4277/6164/4874
f 4236/6145/4864 4242/6146/4864 4238/6144/4864
f 4275/6165/4875 4280/6167/4875 4279/6167/4875
f 4275/6165/4876 4281/6166/4876 4277/6164/4876
f 4282/6166/4877 4276/6165/4877 4278/6164/4877
f 4285/6168/4878 4282/6166/4878 4281/6166/4878
f 4284/6169/4879 4279/6167/4879 4280/6167/4879
f 4283/6169/4876 4281/6166/4876 4279/6167/4876
f 4298/6170/4873 4295/6171/4873 4297/6170/4873
f 4292/6172/4880 4287/6173/4880 4288/6173/4880
f 4283/6169/4881 4286/6168/4881 4285/6168/4881
f 4287/6173/4878 4290/6174/4878 4288/6173/4878
f 4294/6175/4879 4291/6172/4879 4292/6172/4879
f 4293/6175/4881 4290/6174/4881 4289/6174/4881
f 4290/6174/4877 4292/6172/4877 4288/6173/4877
f 4291/6172/4876 4289/6174/4876 4287/6173/4876
f 4302/6176/4877 4296/6171/4877 4298/6170/4877
f 4299/6177/4881 4302/6176/4881 4301/6176/4881
f 4301/6176/4878 4298/6170/4878 4297/6170/4878
f 4300/6177/4879 4295/6171/4879 4296/6171/4879
f 4299/6177/4876 4297/6170/4876 4295/6171/4876
f 4306/6178/4873 4303/6179/4873 4305/6178/4873
f 4310/6180/4877 4304/6179/4877 4306/6178/4877
f 4307/6181/4881 4310/6180/4881 4309/6180/4881
f 4309/6180/4878 4306/6178/4878 4305/6178/4878
f 4308/6181/4879 4303/6179/4879 4304/6179/4879
f 4307/6181/4876 4305/6178/4876 4303/6179/4876
f 4314/6182/4873 4311/6183/4873 4313/6182/4873
f 4318/6184/4877 4312/6183/4877 4314/6182/4877
f 4315/6185/4881 4318/6184/4881 4317/6184/4881
f 4317/6184/4878 4314/6182/4878 4313/6182/4878
f 4316/6185/4879 4311/6183/4879 4312/6183/4879
f 4315/6185/4876 4313/6182/4876 4311/6183/4876
f 4286/6168/4877 4280/6167/4877 4282/6166/4877
f 4324/5659/4882 4190/5660/4882 3923/5641/4882
f 3929/5647/4883 4327/6084/4883 4194/5672/4883
f 4327/6084/4883 3916/5635/4883 4194/5672/4883
f 4325/6186/4884 3928/6187/4884 3935/6188/4884
f 4323/6189/4885 3922/6190/4885 3917/6191/4885
f 4190/5660/4882 4319/5664/4882 3934/5650/4882
f 4320/5685/4886 3917/6191/4886 3916/5635/4886
f 4325/6192/4887 4319/5664/4887 4329/6085/4887
f 4326/5670/4888 4335/6193/4889 4327/6084/4830
f 4323/6194/4890 4331/6195/4890 4321/6196/4890
f 4336/6197/4891 4330/5686/4892 4335/6193/4893
f 4335/6193/4893 4329/5683/4894 4336/6197/4891
f 3907/6198/4895 4334/6199/4896 3910/6200/4897
f 3911/6201/4898 3912/6086/4898 4337/6202/4898
f 4197/5633/4899 4337/6202/4900 3912/6086/4901
f 4198/5619/4902 4338/6203/4903 4340/6204/4904
f 3907/6205/4905 3908/6087/4905 4333/6206/4905
f 4197/5633/4899 4334/6207/4906 4339/6208/4907
f 4198/5619/4902 4333/6206/4908 3908/6087/4909
f 3913/6209/4910 4337/6210/4911 4338/6203/4912
f 3909/5632/4913 3910/6211/4913 4334/6207/4913
f 3914/5618/4914 3913/6212/4914 4338/6203/4914
f 4337/6210/4915 4340/6204/4916 4338/6203/4917
f 4334/6199/4918 4340/6204/4916 4339/6213/4919
f 4196/5617/4920 3918/5637/4920 3914/5618/4920
f 3937/5620/4921 3932/5624/4921 3907/5621/4921
f 3931/5623/4922 3908/6087/4922 3907/5621/4922
f 4191/5625/4923 3924/6214/4923 3919/5626/4923
f 3913/5628/4924 3920/5638/4924 3926/5629/4924
f 4192/5631/4925 3938/5654/4925 3909/5632/4925
f 3915/5634/4511 3917/6215/4511 3922/5655/4511
f 3918/5637/4926 3920/5638/4926 3913/5628/4926
f 3919/5626/4927 3924/6214/4927 3926/5657/4927
f 3923/5641/4928 3922/6216/4928 4321/5658/4928
f 3921/5639/4515 3923/5641/4515 4190/5660/4515
f 4191/5662/4516 3936/5652/4516 3938/5654/4516
f 4325/5663/4929 3935/6217/4929 3934/5650/4929
f 3933/5665/4518 3935/6218/4518 3928/5666/4518
f 3930/5648/4930 3932/5624/4930 3937/5667/4930
f 3929/5647/4931 3928/6187/4931 4322/5669/4931
f 4193/5671/4521 3927/5645/4521 3929/5647/4521
f 4195/5627/4835 3919/5626/4835 3918/5637/4835
f 3933/5665/4523 3927/5645/4523 4193/5671/4523
f 3910/5674/4932 3909/5632/4932 3938/5654/4932
f 3925/5643/4933 3912/6086/4933 3911/5676/4933
f 4324/5659/4527 4331/5688/4934 4336/5680/4528
f 4322/5682/4529 4325/6219/4529 4329/5683/4529
f 3995/5692/4935 3994/5703/4935 3943/5693/4935
f 3992/5695/4936 3941/5705/4936 3942/5696/4936
f 3990/5698/4535 3939/5707/4535 3940/5699/4535
f 3996/5701/4937 3995/5692/4937 3944/5694/4937
f 3994/5703/4538 3993/5697/4938 3942/5696/4539
f 3991/5704/4541 3940/6220/4541 3941/5705/4541
f 3944/5694/4939 3951/5714/4939 3952/5708/4939
f 3942/5696/4544 3949/5715/4940 3950/5709/4545
f 3941/5705/4547 3940/6220/4547 3947/5710/4547
f 3943/5693/4941 3950/5709/4941 3951/5714/4941
f 3942/5696/4942 3941/5705/4942 3948/5711/4942
f 3939/5707/4552 3946/5712/4552 3947/5716/4552
f 3949/5717/4553 3956/5727/4943 3957/5718/4554
f 3947/5720/4944 3954/5739/4944 3955/5721/4944
f 3950/5719/4945 3957/5718/4945 3958/5725/4945
f 3948/5722/4946 3955/5721/4946 3956/5727/4946
f 3946/5712/4561 3953/5723/4561 3954/5728/4561
f 3952/5729/4947 3951/5726/4947 3958/5725/4947
f 3958/5725/4564 3957/5718/4948 3964/5732/4565
f 3956/5727/4949 3955/5721/4949 3962/5734/4949
f 3954/5728/4568 3953/5723/4568 3960/5736/4568
f 3959/5730/4950 3958/5725/4950 3965/5733/4950
f 3957/5718/4570 3956/5727/4951 3963/5735/4571
f 3954/5739/4952 3961/6221/4952 3962/5734/4952
f 3962/5734/4953 3969/5745/4953 3970/5740/4953
f 3960/5736/4576 3967/5746/4576 3968/5741/4576
f 3965/5733/4954 3972/5748/4954 3973/5742/4954
f 3963/5735/4578 3970/5740/4578 3971/5743/4579
f 3962/5734/4955 3961/6221/4955 3968/5744/4955
f 3964/5732/4584 3971/5743/4956 3972/5748/4585
f 3972/5748/4957 3979/5756/4957 3980/5749/4957
f 3971/5743/4588 3970/5740/4958 3977/5750/4589
f 3969/5745/4959 3968/5744/4959 3975/5752/4959
f 3972/5748/4960 3971/5743/4960 3978/5751/4960
f 3970/5740/4961 3969/5745/4961 3976/5753/4961
f 3967/5746/4596 3974/5754/4596 3975/5757/4596
f 3975/5758/4597 3982/6222/4597 3983/5759/4597
f 3979/5763/4962 3978/5771/4962 3985/5764/4962
f 3976/5760/4963 3983/5759/4963 3984/5766/4963
f 3974/5754/4602 3981/5761/4602 3982/5768/4602
f 3980/5769/4964 3979/5763/4964 3986/5765/4964
f 3978/5771/4604 3977/5767/4965 3984/5766/4605
f 3985/5764/4966 3994/5703/4966 3995/5692/4966
f 3984/5766/4967 3983/5759/4967 3992/5695/4967
f 3982/5768/4610 3981/5761/4610 3990/5698/4610
f 3986/5765/4968 3995/5692/4968 3996/5701/4968
f 3984/5766/4612 3993/5697/4969 3994/5703/4613
f 3983/5759/4615 3982/6222/4615 3991/5704/4615
f 4013/5772/4617 4000/5789/4617 3998/5773/4617
f 4019/5775/4618 4014/6223/4618 4010/5776/4618
f 4006/5778/4619 4001/5790/4619 4012/5779/4619
f 4002/5781/4970 4008/5804/4970 4004/5782/4970
f 4007/5784/4621 4020/5799/4621 4016/5785/4621
f 3997/5800/4630 3999/6224/4630 4004/5801/4630
f 4000/5789/4971 4002/6225/4971 3999/5802/4971
f 4006/5778/4972 4008/6226/4972 4002/5803/4972
f 4007/5784/4973 4005/5786/4973 4004/5782/4973
f 4015/5798/4634 4003/5792/4634 4005/5786/4634
f 4018/5780/4635 4020/5799/4635 4007/5784/4635
f 4017/5777/4636 4016/5785/4636 4020/5799/4636
f 4015/5798/4637 4017/5777/4637 4010/5805/4637
f 4012/5779/4638 4014/5797/4638 4019/5775/4638
f 4011/5774/4639 4010/5796/4639 4014/5797/4639
f 4009/5795/4640 4011/5774/4640 3998/5773/4640
f 4001/5790/4641 4000/5789/4641 4013/5772/4641
f 4015/5798/4642 4009/5806/4642 3997/5800/4642
f 4035/5807/4974 4037/5830/4974 4024/5808/4974
f 4041/5810/4644 4043/5834/4975 4038/5811/4645
f 4030/5813/4647 4025/5849/4976 4036/5814/4648
f 4026/5816/4650 4032/5826/4650 4028/5817/4650
f 4031/5819/4977 4044/5835/4977 4040/5820/4977
f 4021/5836/4662 4023/5818/4662 4028/5817/4662
f 4022/5809/4978 4024/5808/4978 4026/5816/4978
f 4030/5838/4664 4032/5826/4979 4026/5816/4665
f 4031/5819/4667 4029/5821/4667 4028/5817/4667
f 4027/5840/4668 4029/5821/4668 4040/5820/4668
f 4030/5842/4980 4042/6227/4980 4044/5835/4980
f 4043/5834/4981 4041/5810/4981 4040/5820/4981
f 4039/5843/4671 4041/5810/4671 4034/5812/4671
f 4036/5845/4672 4038/5811/4982 4043/5834/4673
f 4035/5807/4675 4034/5828/4983 4038/5831/4676
f 4033/5847/4678 4035/5807/4984 4022/5809/4678
f 4025/5849/4985 4024/5808/4985 4037/5830/4985
f 4039/5850/4680 4033/5847/4680 4021/5848/4680
f 4061/5852/4681 4048/5868/4681 4046/5853/4681
f 4067/5855/4682 4062/5875/4682 4058/5856/4682
f 4054/5858/4683 4049/5895/4683 4060/5859/4683
f 4050/5861/4684 4056/5872/4684 4052/5862/4684
f 4055/5864/4685 4068/5880/4685 4064/5865/4685
f 4045/5881/4686 4047/5863/4686 4052/5862/4686
f 4046/5853/4986 4048/5868/4986 4050/5861/4986
f 4054/5883/4693 4056/5872/4693 4050/5861/4693
f 4053/5866/4987 4052/5862/4987 4056/5872/4987
f 4051/5885/4695 4053/5866/4695 4064/5865/4695
f 4066/5887/4696 4068/5880/4696 4055/5864/4696
f 4067/5879/4988 4065/5877/4988 4064/5865/4988
f 4063/5889/4689 4065/5857/4689 4058/5856/4689
f 4060/5891/4698 4062/5875/4698 4067/5855/4698
f 4059/5854/4989 4058/5856/4989 4062/5875/4989
f 4057/5893/4695 4059/5854/4695 4046/5853/4695
f 4049/5895/4700 4048/5868/4700 4061/5852/4700
f 4063/5896/4695 4057/5893/4695 4045/5894/4695
f 4083/5898/4990 4070/5914/4990 4072/5899/4990
f 4089/5901/4702 4082/5934/4991 4086/5902/4703
f 4084/5904/4705 4073/5941/4992 4078/5905/4706
f 4076/5907/4708 4080/5918/4708 4074/5908/4708
f 4088/5910/4993 4092/5925/4993 4079/5911/4993
f 4076/5907/4720 4071/5909/4720 4069/5926/4720
f 4070/5914/4994 4071/5909/4994 4074/5908/4994
f 4074/5908/4722 4080/5918/4995 4078/5928/4723
f 4079/5911/4725 4080/5918/4725 4076/5907/4725
f 4088/5910/4726 4077/5912/4726 4075/5930/4726
f 4078/5932/4713 4079/5911/4715 4092/5925/4996
f 4091/5903/4997 4092/5925/4997 4088/5910/4997
f 4082/5934/4729 4089/5901/4729 4087/5935/4729
f 4091/5903/4730 4086/5902/4998 4084/5937/4731
f 4086/5922/4733 4082/5920/4999 4083/5898/4734
f 4070/5914/4736 4083/5898/4736 4081/5939/4736
f 4085/5900/5000 4072/5899/5000 4073/5941/5000
f 4069/5940/4738 4081/5939/4738 4087/5942/4738
f 4094/5944/4739 4096/5960/4739 4109/5945/4739
f 4106/5947/4740 4110/5967/4740 4115/5948/4740
f 4108/5950/4741 4097/5987/4741 4102/5951/4741
f 4100/5953/4742 4104/5964/4742 4098/5954/4742
f 4112/5956/4743 4116/5971/4743 4103/5957/4743
f 4100/5953/4744 4095/5955/4744 4093/5973/4744
f 4094/5944/5001 4095/5955/5001 4098/5954/5001
f 4098/5954/4751 4104/5964/4751 4102/5975/4751
f 4104/5964/5002 4100/5953/5002 4101/5958/5002
f 4112/5956/4753 4101/5958/4753 4099/5977/4753
f 4103/5957/4754 4116/5971/4754 4114/5979/4754
f 4115/5972/5003 4116/5971/5003 4112/5956/5003
f 4106/5947/4747 4113/5949/4747 4111/5981/4747
f 4115/5948/4756 4110/5967/4756 4108/5983/4756
f 4110/5967/5004 4106/5947/5004 4107/5946/5004
f 4094/5944/4753 4107/5946/4753 4105/5985/4753
f 4109/5945/4758 4096/5960/4758 4097/5987/4758
f 4093/5986/4753 4105/5985/4753 4111/5988/4753
f 4131/5990/5005 4133/6013/5005 4120/5991/5005
f 4139/5993/4760 4134/6228/4760 4130/5994/4760
f 4126/5996/4761 4121/6007/4761 4132/5997/4761
f 4122/5999/4762 4128/6010/4762 4124/6000/4762
f 4127/6002/5006 4140/6016/5006 4136/6003/5006
f 4117/6017/4770 4119/6229/4770 4124/6000/4770
f 4120/5991/4771 4122/6008/4771 4119/6006/4771
f 4126/5996/4772 4128/6010/4772 4122/6008/4772
f 4125/6004/4773 4124/6000/4773 4128/6010/4773
f 4135/6015/4774 4123/6009/4774 4125/6004/4774
f 4138/5998/4775 4140/6016/4775 4127/6002/4775
f 4139/5993/4760 4137/5995/4760 4136/6003/4760
f 4135/6015/4760 4137/5995/4760 4130/6018/4760
f 4132/5997/4777 4134/6014/4777 4139/5993/4777
f 4131/5990/4760 4130/6012/4760 4134/6014/4760
f 4129/6011/4779 4131/5990/4779 4118/5992/4779
f 4121/6007/4780 4120/5991/4780 4133/6013/4780
f 4135/6015/4781 4129/6019/4781 4117/6017/4781
f 4142/6020/4782 4144/6037/4782 4157/6021/4782
f 4154/6023/4783 4158/6230/4783 4163/6024/4783
f 4156/6026/4784 4145/6039/4784 4150/6027/4784
f 4148/6029/5007 4152/6231/5007 4146/6030/5007
f 4160/6032/4786 4164/6047/4786 4151/6033/4786
f 4148/6048/4795 4143/6232/4795 4141/6049/4795
f 4143/6050/5008 4146/6233/5008 4144/6037/5008
f 4146/6051/5009 4152/6234/5009 4150/6027/5009
f 4151/6033/5010 4152/6231/5010 4148/6029/5010
f 4159/6046/4799 4160/6032/4799 4149/6034/4799
f 4151/6033/4800 4164/6047/4800 4162/6028/4800
f 4164/6047/4801 4160/6032/4801 4161/6025/4801
f 4154/6052/4802 4161/6025/4802 4159/6046/4802
f 4163/6024/4803 4158/6045/4803 4156/6026/4803
f 4158/6045/4804 4154/6044/4804 4155/6022/4804
f 4142/6020/4805 4155/6022/4805 4153/6043/4805
f 4157/6021/4806 4144/6037/4806 4145/6039/4806
f 4141/6049/4807 4153/6053/4807 4159/6046/4807
f 4179/6054/5011 4166/6071/5011 4168/6055/5011
f 4178/6057/4809 4182/6235/4809 4187/6058/4809
f 4180/6060/4810 4169/6073/4810 4174/6061/4810
f 4172/6063/4811 4176/6075/4811 4170/6064/4811
f 4184/6066/5012 4188/6080/5012 4175/6067/5012
f 4172/6063/4819 4167/6236/4819 4165/6081/4819
f 4167/6070/4820 4170/6072/4820 4168/6055/4820
f 4170/6072/4821 4176/6075/4821 4174/6061/4821
f 4176/6075/4822 4172/6063/4822 4173/6068/4822
f 4183/6079/4823 4184/6066/4823 4173/6068/4823
f 4175/6067/4824 4188/6080/4824 4186/6062/4824
f 4187/6058/5013 4188/6080/5013 4184/6066/5013
f 4178/6082/4809 4185/6059/4809 4183/6079/4809
f 4187/6058/4825 4182/6078/4825 4180/6060/4825
f 4182/6078/4809 4178/6077/4809 4179/6054/4809
f 4166/6071/4827 4179/6054/4827 4177/6076/4827
f 4181/6056/4828 4168/6055/4828 4169/6073/4828
f 4165/6081/4829 4177/6083/4829 4183/6079/4829
f 4327/6084/4830 4335/6193/4889 4330/5686/4831
f 4328/5681/4528 4336/5680/4528 4329/6085/4833
f 4189/5673/4523 4193/5671/4523 3915/5634/4523
f 4195/5627/5014 4196/5617/5014 3931/5623/5014
f 4193/5671/4521 4194/5672/4521 3916/5635/4521
f 4191/5662/4836 4192/5631/4836 3925/5643/4836
f 3933/5649/4515 4189/5661/4515 4190/5660/4515
f 3912/6086/5015 3925/5643/5015 4192/5631/5015
f 4191/5625/4500 4195/5627/4500 3930/5648/4500
f 3908/6087/5016 3931/5623/5016 4196/5617/5016
f 4200/6088/5017 4202/6091/5017 4208/6089/5017
f 4202/6091/4696 4206/6112/4696 4209/6092/4696
f 4204/6094/4840 4200/6088/4840 4207/6096/4840
f 4211/6097/4695 4212/6114/4695 4203/6098/4695
f 4210/6095/4841 4207/6096/4841 4199/6100/4841
f 4213/6093/4842 4210/6095/4842 4203/6102/4842
f 4208/6089/4843 4209/6092/4843 4205/6104/4843
f 4214/6090/4844 4208/6089/4844 4201/6106/4844
f 4207/6096/4845 4214/6090/4845 4211/6108/4845
f 4209/6092/4846 4213/6093/4846 4212/6110/4846
f 4202/6091/4683 4200/6088/4683 4204/6094/4683
f 4201/6113/4695 4205/6237/4695 4212/6114/4695
f 4206/6112/5018 4204/6094/5018 4213/6093/5018
f 4224/6115/5019 4218/6119/5019 4216/6116/5019
f 4225/6118/4754 4222/6139/4754 4218/6119/4754
f 4223/6123/4851 4216/6116/4851 4220/6122/4851
f 4227/6124/4753 4215/6238/4753 4219/6125/4753
f 4215/6127/4852 4223/6123/4852 4226/6121/4852
f 4219/6129/4853 4226/6121/4853 4229/6120/4853
f 4221/6131/4854 4225/6118/4854 4224/6115/4854
f 4217/6133/4855 4224/6115/4855 4230/6117/4855
f 4227/6135/4856 4230/6117/4856 4223/6123/4856
f 4228/6137/4857 4229/6120/4857 4225/6118/4857
f 4220/6122/4741 4216/6116/4741 4218/6119/4741
f 4217/6140/4753 4227/6124/4753 4228/6126/4753
f 4229/6120/5020 4220/6122/5020 4222/6139/5020
f 4232/6142/4860 4234/6143/4860 4233/6143/4860
f 4234/6143/4861 4238/6144/4861 4237/6144/4861
f 4236/6145/4862 4232/6142/4862 4231/6142/4862
f 4237/6144/4863 4235/6145/4863 4231/6142/4863
f 4238/6144/4864 4234/6143/4864 4232/6142/4864
f 4238/6144/4865 4242/6146/4865 4241/6146/4865
f 4235/6145/4866 4239/6147/4867 4240/6147/4867
f 4237/6144/4863 4241/6146/4863 4239/6147/4863
f 4251/6148/4860 4252/6148/4860 4254/6149/4860
f 4243/6150/4868 4247/6151/4868 4248/6151/4868
f 4242/6146/4869 4240/6147/4869 4239/6147/4869
f 4246/6152/4865 4245/6152/4865 4243/6150/4865
f 4247/6151/4867 4249/6153/4866 4250/6153/4867
f 4246/6152/4869 4250/6153/4869 4249/6153/4869
f 4246/6152/4870 4244/6150/4864 4248/6151/4870
f 4245/6152/4871 4249/6153/4871 4247/6151/4871
f 4252/6148/4864 4256/6155/4864 4258/6154/4864
f 4258/6154/4869 4256/6155/4869 4255/6155/4869
f 4254/6149/4865 4258/6154/4865 4257/6154/4865
f 4251/6148/4867 4255/6155/4867 4256/6155/4867
f 4253/6149/4863 4257/6154/4863 4255/6155/4863
f 4259/6156/4860 4260/6156/4860 4262/6157/4860
f 4260/6156/4864 4264/6159/4864 4266/6158/4864
f 4266/6158/4869 4264/6159/4869 4263/6159/4869
f 4262/6157/4865 4266/6158/4865 4265/6158/4865
f 4259/6156/4867 4263/6159/4866 4264/6159/4867
f 4261/6157/4863 4265/6158/4863 4263/6159/4863
f 4267/6160/4860 4268/6160/4860 4270/6161/4860
f 4268/6160/4870 4272/6163/4864 4274/6162/4864
f 4274/6162/4869 4272/6163/4869 4271/6163/4869
f 4270/6161/4865 4274/6162/4872 4273/6162/4865
f 4267/6160/4867 4271/6163/4867 4272/6163/4867
f 4269/6161/4863 4273/6162/4871 4271/6163/4871
f 4277/6164/4873 4278/6164/4873 4276/6165/4873
f 4281/6166/4874 4282/6166/4874 4278/6164/4874
f 4236/6145/4864 4240/6147/4864 4242/6146/4864
f 4275/6165/4875 4276/6165/4875 4280/6167/4875
f 4275/6165/4876 4279/6167/4876 4281/6166/4876
f 4282/6166/4877 4280/6167/4877 4276/6165/4877
f 4285/6168/4878 4286/6168/4878 4282/6166/4878
f 4284/6169/4879 4283/6169/4879 4279/6167/4879
f 4283/6169/4876 4285/6168/4876 4281/6166/4876
f 4298/6170/4873 4296/6171/4873 4295/6171/4873
f 4292/6172/4880 4291/6172/4880 4287/6173/4880
f 4283/6169/4881 4284/6169/4881 4286/6168/4881
f 4287/6173/4878 4289/6174/4878 4290/6174/4878
f 4294/6175/4879 4293/6175/4879 4291/6172/4879
f 4293/6175/4881 4294/6175/4881 4290/6174/4881
f 4290/6174/4877 4294/6175/4877 4292/6172/4877
f 4291/6172/4876 4293/6175/4876 4289/6174/4876
f 4302/6176/4877 4300/6177/4877 4296/6171/4877
f 4299/6177/4881 4300/6177/4881 4302/6176/4881
f 4301/6176/4878 4302/6176/4878 4298/6170/4878
f 4300/6177/4879 4299/6177/4879 4295/6171/4879
f 4299/6177/4876 4301/6176/4876 4297/6170/4876
f 4306/6178/4873 4304/6179/4873 4303/6179/4873
f 4310/6180/4877 4308/6181/4877 4304/6179/4877
f 4307/6181/4881 4308/6181/4881 4310/6180/4881
f 4309/6180/4878 4310/6180/4878 4306/6178/4878
f 4308/6181/4879 4307/6181/4879 4303/6179/4879
f 4307/6181/4876 4309/6180/4876 4305/6178/4876
f 4314/6182/4873 4312/6183/4873 4311/6183/4873
f 4318/6184/4877 4316/6185/4877 4312/6183/4877
f 4315/6185/4881 4316/6185/4881 4318/6184/4881
f 4317/6184/4878 4318/6184/4878 4314/6182/4878
f 4316/6185/4879 4315/6185/4879 4311/6183/4879
f 4315/6185/4876 4317/6184/4876 4313/6182/4876
f 4286/6168/4877 4284/6169/4877 4280/6167/4877
f 4324/5659/4882 4328/5681/4882 4190/5660/4882
f 3929/5647/4883 4326/5670/4883 4327/6084/4883
f 4327/6084/4883 4320/5685/4883 3916/5635/4883
f 4325/6186/4884 4322/5669/4884 3928/6187/4884
f 4323/6189/4885 4321/6239/4885 3922/6190/4885
f 4190/5660/4882 4328/5681/4882 4319/5664/4882
f 4320/5685/5021 4323/6189/5021 3917/6191/5021
f 4326/5670/4888 4332/5679/5022 4335/6193/4889
f 4323/6194/4890 4330/5686/4890 4331/6195/4890
f 4336/6197/4891 4331/6195/5023 4330/5686/4892
f 4335/6193/4893 4332/5679/5024 4329/5683/4894
f 3907/6198/4895 4333/6206/5025 4334/6199/4896
f 4197/5633/4899 4339/6208/4907 4337/6202/4900
f 4198/5619/4902 3914/5618/5026 4338/6203/4903
f 4197/5633/4899 3909/5632/5027 4334/6207/4906
f 4198/5619/4902 4340/6204/4904 4333/6206/4908
f 3913/6209/4910 3911/6240/5028 4337/6210/4911
f 4337/6210/4915 4339/6213/4919 4340/6204/4916
f 4334/6199/4918 4333/6206/5029 4340/6204/4916
