# Blender 4.4.3
# www.blender.org
o peyote_single
v 0.000000 0.087268 -0.092388
v -0.000000 -0.063637 -0.038268
v 0.019134 0.121388 -0.033141
v 0.035355 0.109711 -0.061237
v 0.046194 0.087268 -0.080010
v 0.050000 0.049000 -0.086603
v 0.046194 0.018835 -0.080010
v 0.035355 -0.000631 -0.061237
v 0.019134 -0.063637 -0.033141
v 0.000000 0.119000 0.000000
v 0.033141 0.121388 -0.019134
v 0.061237 0.109711 -0.035355
v 0.080010 0.087268 -0.046194
v 0.086603 0.049000 -0.050000
v 0.080010 0.018835 -0.046194
v 0.061237 -0.000631 -0.035355
v 0.033141 -0.063637 -0.019134
v 0.038268 0.121388 0.000000
v 0.070711 0.109711 0.000000
v 0.092388 0.087268 0.000000
v 0.100000 0.049000 0.000000
v 0.092388 0.018835 0.000000
v 0.070711 -0.000631 0.000000
v 0.038268 -0.063637 0.000000
v 0.033141 0.121388 0.019134
v 0.061237 0.109711 0.035355
v 0.080010 0.087268 0.046194
v 0.086603 0.049000 0.050000
v 0.080010 0.018835 0.046194
v 0.061237 -0.000631 0.035355
v 0.033141 -0.063637 0.019134
v 0.019134 0.121388 0.033141
v 0.035355 0.109711 0.061237
v 0.046194 0.087268 0.080010
v 0.050000 0.049000 0.086603
v 0.046194 0.018835 0.080010
v 0.035355 -0.000631 0.061237
v 0.019134 -0.063637 0.033141
v -0.000000 0.121388 0.038268
v -0.000000 0.109711 0.070711
v -0.000000 0.087268 0.092388
v -0.000000 0.049000 0.100000
v -0.000000 0.018835 0.092388
v -0.000000 -0.000631 0.070711
v -0.000000 -0.063637 0.038268
v -0.019134 0.121388 0.033141
v -0.035355 0.109711 0.061237
v -0.046194 0.087268 0.080010
v -0.050000 0.049000 0.086603
v -0.046194 0.018835 0.080010
v -0.035355 -0.000631 0.061237
v -0.019134 -0.063637 0.033141
v -0.000000 -0.188204 0.000000
v -0.033141 0.121388 0.019134
v -0.061237 0.109711 0.035355
v -0.080010 0.087268 0.046194
v -0.086603 0.049000 0.050000
v -0.080010 0.018835 0.046194
v -0.061237 -0.000631 0.035355
v -0.033141 -0.063637 0.019134
v -0.038268 0.121388 -0.000000
v -0.070711 0.109711 -0.000000
v -0.092388 0.087268 -0.000000
v -0.100000 0.049000 -0.000000
v -0.092388 0.018835 -0.000000
v -0.070711 -0.000631 -0.000000
v -0.038268 -0.063637 -0.000000
v -0.033141 0.121388 -0.019134
v -0.061237 0.109711 -0.035355
v -0.080010 0.087268 -0.046194
v -0.086603 0.049000 -0.050000
v -0.080010 0.018835 -0.046194
v -0.061237 -0.000631 -0.035355
v -0.033141 -0.063637 -0.019134
v -0.019134 0.121388 -0.033141
v -0.035355 0.109711 -0.061237
v -0.046194 0.087268 -0.080010
v -0.050000 0.049000 -0.086603
v -0.046194 0.018835 -0.080010
v -0.035355 -0.000631 -0.061237
v -0.019134 -0.063637 -0.033141
v 0.000000 0.121388 -0.038268
v 0.000000 0.109711 -0.070711
v 0.000000 0.049000 -0.100000
v 0.000000 0.018835 -0.092388
v 0.000000 -0.000631 -0.070711
v 0.000000 0.129388 -0.032000
v -0.007715 0.120588 -0.018625
v -0.022627 0.129388 -0.022627
v -0.018625 0.120588 -0.007715
v -0.032000 0.129388 0.000000
v -0.018625 0.120588 0.007715
v -0.022627 0.129388 0.022627
v -0.007715 0.120588 0.018625
v 0.000000 0.129388 0.032000
v 0.007715 0.120588 0.018625
v 0.022627 0.129388 0.022627
v 0.018625 0.120588 0.007715
v 0.032000 0.129388 0.000000
v 0.018625 0.120588 -0.007715
v 0.022627 0.129388 -0.022627
v 0.007715 0.120588 -0.018625
v 0.000000 0.115004 0.000000
v -0.014080 0.124024 0.000000
v 0.014080 0.124024 0.000000
v 0.000000 0.124024 0.014080
v 0.000000 0.124024 -0.014080
v 0.005388 0.119624 -0.013008
v -0.005388 0.119624 0.013008
v 0.009956 0.124024 -0.009956
v -0.009956 0.124024 0.009956
v 0.013008 0.119624 -0.005388
v -0.013008 0.119624 0.005388
v 0.013008 0.119624 0.005388
v -0.013008 0.119624 -0.005388
v 0.009956 0.124024 0.009956
v -0.009956 0.124024 -0.009956
v 0.005388 0.119624 0.013008
v -0.005388 0.119624 -0.013008
vn -0.0000 0.9848 -0.1738
vn -0.0000 1.0000 -0.0000
vn 0.0869 0.9848 -0.1506
vn -0.0000 -1.0000 -0.0000
vn -0.0000 -0.3824 -0.9240
vn 0.4620 -0.3824 -0.8002
vn -0.0000 -0.6259 -0.7799
vn -0.0000 -0.4966 -0.8680
vn 0.4340 -0.4966 -0.7517
vn 0.3900 -0.6259 -0.6754
vn -0.0000 -0.0245 -0.9997
vn -0.0000 0.4456 -0.8952
vn 0.4476 0.4456 -0.7753
vn 0.4998 -0.0245 -0.8658
vn -0.0000 0.8226 -0.5686
vn 0.2843 0.8226 -0.4924
vn 0.7753 0.4456 -0.4476
vn 0.8658 -0.0245 -0.4998
vn 0.1506 0.9848 -0.0869
vn 0.4924 0.8226 -0.2843
vn 0.6754 -0.6259 -0.3900
vn 0.8002 -0.3824 -0.4620
vn 0.7517 -0.4966 -0.4340
vn 0.7799 -0.6259 -0.0000
vn 0.9240 -0.3824 -0.0000
vn 0.9997 -0.0245 -0.0000
vn 0.8680 -0.4966 -0.0000
vn 0.5686 0.8226 -0.0000
vn 0.8952 0.4456 -0.0000
vn 0.1738 0.9848 -0.0000
vn 0.4924 0.8226 0.2843
vn 0.7753 0.4456 0.4476
vn 0.1506 0.9848 0.0869
vn 0.8002 -0.3824 0.4620
vn 0.7517 -0.4966 0.4340
vn 0.6754 -0.6259 0.3900
vn 0.8658 -0.0245 0.4998
vn 0.4620 -0.3824 0.8002
vn 0.4340 -0.4966 0.7517
vn 0.3900 -0.6259 0.6754
vn 0.4476 0.4456 0.7753
vn 0.4998 -0.0245 0.8658
vn 0.0869 0.9848 0.1506
vn 0.2843 0.8226 0.4924
vn -0.0000 0.9848 0.1738
vn -0.0000 0.8226 0.5686
vn -0.0000 -0.6259 0.7799
vn -0.0000 -0.3824 0.9240
vn -0.0000 -0.0245 0.9997
vn -0.0000 -0.4966 0.8680
vn -0.0000 0.4456 0.8952
vn -0.3900 -0.6259 0.6754
vn -0.4620 -0.3824 0.8002
vn -0.4998 -0.0245 0.8658
vn -0.4340 -0.4966 0.7517
vn -0.2843 0.8226 0.4924
vn -0.4476 0.4456 0.7753
vn -0.0869 0.9848 0.1506
vn -0.1506 0.9848 0.0869
vn -0.8002 -0.3824 0.4620
vn -0.7517 -0.4966 0.4340
vn -0.6754 -0.6259 0.3900
vn -0.7753 0.4456 0.4476
vn -0.8658 -0.0245 0.4998
vn -0.4924 0.8226 0.2843
vn -0.8680 -0.4966 -0.0000
vn -0.7799 -0.6259 -0.0000
vn -0.8952 0.4456 -0.0000
vn -0.9997 -0.0245 -0.0000
vn -0.1738 0.9848 -0.0000
vn -0.5686 0.8226 -0.0000
vn -0.9240 -0.3824 -0.0000
vn -0.6754 -0.6259 -0.3900
vn -0.8002 -0.3824 -0.4620
vn -0.8658 -0.0245 -0.4998
vn -0.7517 -0.4966 -0.4340
vn -0.4924 0.8226 -0.2843
vn -0.7753 0.4456 -0.4476
vn -0.1506 0.9848 -0.0869
vn -0.4998 -0.0245 -0.8658
vn -0.4340 -0.4966 -0.7517
vn -0.2843 0.8226 -0.4924
vn -0.4476 0.4456 -0.7753
vn -0.0869 0.9848 -0.1506
vn -0.4620 -0.3824 -0.8002
vn -0.3900 -0.6259 -0.6754
vn 0.2693 -0.8107 -0.5198
vn 0.4666 -0.7283 0.5019
vn 0.5198 -0.8107 0.2693
vn -0.4666 -0.7283 0.5019
vn -0.5019 -0.7283 -0.4666
vn -0.5580 -0.8107 -0.1771
vn 0.6848 -0.7283 0.0250
vn 0.1771 -0.8107 0.5580
vn -0.0250 -0.7283 -0.6848
vn -0.4666 -0.7283 -0.5019
vn -0.1771 -0.8107 0.5580
vn 0.0250 -0.7283 -0.6848
vn 0.5580 -0.8107 -0.1771
vn 0.5019 -0.7283 -0.4666
vn -0.5019 -0.7283 0.4666
vn -0.6848 -0.7283 0.0250
vn -0.5580 -0.8107 0.1771
vn -0.5198 -0.8107 0.2693
vn 0.5198 -0.8107 -0.2693
vn 0.6848 -0.7283 -0.0250
vn 0.1771 -0.8107 -0.5580
vn -0.0250 -0.7283 0.6848
vn -0.2693 -0.8107 -0.5198
vn -0.1771 -0.8107 -0.5580
vn 0.0250 -0.7283 0.6848
vn 0.5580 -0.8107 0.1771
vn -0.6848 -0.7283 -0.0250
vn -0.5198 -0.8107 -0.2693
vn -0.2693 -0.8107 0.5198
vn 0.5019 -0.7283 0.4666
vn 0.2693 -0.8107 0.5198
vn 0.4666 -0.7283 -0.5019
vt 0.433410 0.434056
vt 0.499859 0.500288
vt 0.411557 0.476079
vt 0.291048 0.288790
vt 0.171334 0.181237
vt 0.197131 0.158249
vt 0.016214 0.339618
vt 0.091033 0.310962
vt 0.095865 0.434281
vt 0.023426 0.439845
vt 0.182745 0.295164
vt 0.307679 0.306801
vt 0.265230 0.435041
vt 0.172026 0.432493
vt 0.370275 0.370420
vt 0.334383 0.454456
vt 0.079603 0.099573
vt 0.126196 0.057895
vt 0.263336 0.563185
vt 0.170361 0.564757
vt 0.411455 0.525008
vt 0.333423 0.547627
vt 0.181213 0.027798
vt 0.227269 0.141559
vt 0.094588 0.559298
vt 0.021534 0.550919
vt 0.242093 0.011152
vt 0.260128 0.132013
vt 0.179612 0.699777
vt 0.087825 0.684799
vt 0.369022 0.630643
vt 0.303614 0.693309
vt 0.433001 0.566732
vt 0.010716 0.654661
vt 0.454254 0.665365
vt 0.437142 0.734768
vt 0.475795 0.588250
vt 0.291192 0.288765
vt 0.132126 0.274876
vt 0.137991 0.241231
vt 0.341835 0.985255
vt 0.312355 0.910938
vt 0.434209 0.903713
vt 0.441144 0.976271
vt 0.297471 0.819953
vt 0.430179 0.827163
vt 0.010460 0.270383
vt 0.020209 0.208262
vt 0.151380 0.209469
vt 0.559164 0.904748
vt 0.551567 0.977744
vt 0.563285 0.736033
vt 0.564119 0.829030
vt 0.524495 0.588651
vt 0.547599 0.666028
vt 0.043819 0.150499
vt 0.566696 0.566764
vt 0.629941 0.630664
vt 0.079872 0.099527
vt 0.171488 0.181378
vt 0.699240 0.819517
vt 0.684759 0.910837
vt 0.692513 0.695976
vt 0.655306 0.987926
vt 0.126589 0.057933
vt 0.197273 0.158418
vt 0.909207 0.688758
vt 0.818370 0.702988
vt 0.826265 0.570414
vt 0.902960 0.566738
vt 0.664767 0.545574
vt 0.733991 0.562885
vt 0.588168 0.524014
vt 0.983692 0.659949
vt 0.975484 0.560521
vt 0.587995 0.475484
vt 0.227376 0.141623
vt 0.904555 0.441016
vt 0.977387 0.450196
vt 0.735815 0.436592
vt 0.828599 0.437382
vt 0.665741 0.452267
vt 0.181524 0.028030
vt 0.912062 0.318467
vt 0.989128 0.347888
vt 0.695886 0.306546
vt 0.821391 0.299771
vt 0.566152 0.433445
vt 0.629785 0.370585
vt 0.242297 0.011466
vt 0.260201 0.132102
vt 0.131856 0.274789
vt 0.010536 0.269973
vt 0.020224 0.208342
vt 0.137839 0.241075
vt 0.687750 0.088320
vt 0.699883 0.180718
vt 0.569279 0.172561
vt 0.562812 0.096579
vt 0.546755 0.334190
vt 0.562014 0.265163
vt 0.523794 0.411899
vt 0.656521 0.014212
vt 0.556071 0.024168
vt 0.434607 0.172040
vt 0.438450 0.096473
vt 0.453028 0.334455
vt 0.436266 0.264922
vt 0.475029 0.411943
vt 0.151226 0.209333
vt 0.445498 0.023363
vt 0.043683 0.150583
vt 0.312867 0.091688
vt 0.341600 0.014232
vt 0.299485 0.183150
vt 0.537860 0.502109
vt 0.569938 0.502109
vt 0.564511 0.474831
vt 0.534876 0.487106
vt 0.534876 0.517113
vt 0.498655 0.502109
vt 0.498655 0.462904
vt 0.498655 0.430827
vt 0.471376 0.436253
vt 0.483652 0.465888
vt 0.462434 0.517113
vt 0.459450 0.502109
vt 0.498655 0.541315
vt 0.513658 0.538330
vt 0.448251 0.451705
vt 0.470933 0.474387
vt 0.526377 0.529832
vt 0.432799 0.474831
vt 0.462434 0.487106
vt 0.549059 0.451705
vt 0.526377 0.474387
vt 0.470933 0.529832
vt 0.525934 0.436253
vt 0.513658 0.465888
vt 0.483652 0.538330
vt 0.448251 0.552514
vt 0.471376 0.567966
vt 0.498655 0.573392
vt 0.432799 0.529388
vt 0.427373 0.502109
vt 0.549059 0.552514
vt 0.564511 0.529388
vt 0.525934 0.567966
s 1
f 82/1/1 10/2/2 3/3/3
f 53/4/4 2/5/5 9/6/6
f 86/7/7 85/8/8 7/9/9 8/10/10
f 84/11/11 1/12/12 5/13/13 6/14/14
f 83/15/15 82/1/1 3/3/3 4/16/16
f 2/5/5 86/17/7 8/18/10 9/6/6
f 85/8/8 84/11/11 6/14/14 7/9/9
f 1/12/12 83/15/15 4/16/16 5/13/13
f 6/14/14 5/13/13 13/19/17 14/20/18
f 4/16/16 3/3/3 11/21/19 12/22/20
f 9/6/6 8/18/10 16/23/21 17/24/22
f 7/9/9 6/14/14 14/20/18 15/25/23
f 5/13/13 4/16/16 12/22/20 13/19/17
f 3/3/3 10/2/2 11/21/19
f 53/4/4 9/6/6 17/24/22
f 8/10/10 7/9/9 15/25/23 16/26/21
f 17/24/22 16/23/21 23/27/24 24/28/25
f 15/25/23 14/20/18 21/29/26 22/30/27
f 13/19/17 12/22/20 19/31/28 20/32/29
f 11/21/19 10/2/2 18/33/30
f 53/4/4 17/24/22 24/28/25
f 16/26/21 15/25/23 22/30/27 23/34/24
f 14/20/18 13/19/17 20/32/29 21/29/26
f 12/22/20 11/21/19 18/33/30 19/31/28
f 20/32/29 19/31/28 26/35/31 27/36/32
f 18/33/30 10/2/2 25/37/33
f 53/38/4 24/39/25 31/40/34
f 23/41/24 22/42/27 29/43/35 30/44/36
f 21/45/26 20/32/29 27/36/32 28/46/37
f 19/31/28 18/33/30 25/37/33 26/35/31
f 24/39/25 23/47/24 30/48/36 31/40/34
f 22/42/27 21/45/26 28/46/37 29/43/35
f 53/38/4 31/40/34 38/49/38
f 30/44/36 29/43/35 36/50/39 37/51/40
f 28/46/37 27/36/32 34/52/41 35/53/42
f 26/35/31 25/37/33 32/54/43 33/55/44
f 31/40/34 30/48/36 37/56/40 38/49/38
f 29/43/35 28/46/37 35/53/42 36/50/39
f 27/36/32 26/35/31 33/55/44 34/52/41
f 25/37/33 10/2/2 32/54/43
f 33/55/44 32/54/43 39/57/45 40/58/46
f 38/49/38 37/56/40 44/59/47 45/60/48
f 36/50/39 35/53/42 42/61/49 43/62/50
f 34/52/41 33/55/44 40/58/46 41/63/51
f 32/54/43 10/2/2 39/57/45
f 53/38/4 38/49/38 45/60/48
f 37/51/40 36/50/39 43/62/50 44/64/47
f 35/53/42 34/52/41 41/63/51 42/61/49
f 45/60/48 44/59/47 51/65/52 52/66/53
f 43/67/50 42/68/49 49/69/54 50/70/55
f 41/63/51 40/58/46 47/71/56 48/72/57
f 39/57/45 10/2/2 46/73/58
f 53/38/4 45/60/48 52/66/53
f 44/74/47 43/67/50 50/70/55 51/75/52
f 42/68/49 41/63/51 48/72/57 49/69/54
f 40/58/46 39/57/45 46/73/58 47/71/56
f 46/73/58 10/2/2 54/76/59
f 53/38/4 52/66/53 60/77/60
f 51/75/52 50/70/55 58/78/61 59/79/62
f 49/69/54 48/72/57 56/80/63 57/81/64
f 47/71/56 46/73/58 54/76/59 55/82/65
f 52/66/53 51/65/52 59/83/62 60/77/60
f 50/70/55 49/69/54 57/81/64 58/78/61
f 48/72/57 47/71/56 55/82/65 56/80/63
f 59/79/62 58/78/61 65/84/66 66/85/67
f 57/81/64 56/80/63 63/86/68 64/87/69
f 55/82/65 54/76/59 61/88/70 62/89/71
f 60/77/60 59/83/62 66/90/67 67/91/72
f 58/78/61 57/81/64 64/87/69 65/84/66
f 56/80/63 55/82/65 62/89/71 63/86/68
f 54/76/59 10/2/2 61/88/70
f 53/38/4 60/77/60 67/91/72
f 67/92/72 66/93/67 73/94/73 74/95/74
f 65/96/66 64/97/69 71/98/75 72/99/76
f 63/86/68 62/89/71 69/100/77 70/101/78
f 61/88/70 10/2/2 68/102/79
f 53/4/4 67/92/72 74/95/74
f 66/103/67 65/96/66 72/99/76 73/104/73
f 64/97/69 63/86/68 70/101/78 71/98/75
f 62/89/71 61/88/70 68/102/79 69/100/77
f 72/99/76 71/98/75 78/105/80 79/106/81
f 70/101/78 69/100/77 76/107/82 77/108/83
f 68/102/79 10/2/2 75/109/84
f 53/4/4 74/95/74 81/110/85
f 73/104/73 72/99/76 79/106/81 80/111/86
f 71/98/75 70/101/78 77/108/83 78/105/80
f 69/100/77 68/102/79 75/109/84 76/107/82
f 74/95/74 73/94/73 80/112/86 81/110/85
f 53/4/4 81/110/85 2/5/5
f 80/111/86 79/106/81 85/113/8 86/114/7
f 78/105/80 77/108/83 1/12/12 84/115/11
f 76/107/82 75/109/84 82/1/1 83/15/15
f 81/110/85 80/112/86 86/17/7 2/5/5
f 79/106/81 78/105/80 84/115/11 85/113/8
f 77/108/83 76/107/82 83/15/15 1/12/12
f 75/109/84 10/2/2 82/1/1
s 0
f 105/116/87 99/117/87 98/118/87 114/119/87
f 112/120/88 105/116/88 103/121/88
f 106/122/89 95/123/89 94/124/89 109/125/89
f 115/126/90 103/121/90 104/127/90
f 107/128/91 108/129/91 103/121/91
f 109/125/92 94/124/92 93/130/92 111/131/92
f 108/129/93 110/132/93 103/121/93
f 111/131/94 93/130/94 92/133/94 113/134/94
f 110/132/95 112/120/95 103/121/95
f 104/127/96 103/121/96 113/134/96
f 114/119/97 98/118/97 97/135/97 116/136/97
f 117/137/98 103/121/98 115/126/98
f 116/136/99 97/135/99 96/138/99 118/139/99
f 119/140/100 107/128/100 103/121/100
f 106/122/101 103/121/101 118/139/101
f 117/137/102 119/140/102 103/121/102
f 89/141/103 88/142/103 119/140/103 117/137/103
f 95/123/104 106/122/104 118/139/104 96/138/104
f 88/142/105 87/143/105 107/128/105 119/140/105
f 103/121/106 116/136/106 118/139/106
f 89/141/107 117/137/107 115/126/107 90/144/107
f 103/121/108 114/119/108 116/136/108
f 91/145/109 104/127/109 113/134/109 92/133/109
f 101/146/110 100/147/110 112/120/110 110/132/110
f 103/121/111 111/131/111 113/134/111
f 102/148/112 101/146/112 110/132/112 108/129/112
f 103/121/113 109/125/113 111/131/113
f 87/143/114 102/148/114 108/129/114 107/128/114
f 90/144/115 115/126/115 104/127/115 91/145/115
f 103/121/116 106/122/116 109/125/116
f 100/147/117 99/117/117 105/116/117 112/120/117
f 103/121/118 105/116/118 114/119/118
o peyote_group
v -0.008203 0.049682 0.087951
v -0.015217 -0.039677 0.094617
v 0.011429 0.059682 0.118009
v 0.016120 0.056248 0.100247
v 0.018004 0.045971 0.086479
v 0.016073 0.025791 0.077703
v 0.012164 0.008653 0.077602
v 0.006703 -0.003922 0.085933
v -0.004362 -0.041214 0.094008
v 0.004517 0.054919 0.136865
v 0.020487 0.057217 0.122535
v 0.032857 0.051694 0.108609
v 0.039872 0.040021 0.097405
v 0.039742 0.019351 0.089529
v 0.034032 0.002703 0.088528
v 0.023440 -0.008476 0.094296
v 0.004696 -0.043679 0.098533
v 0.025321 0.054486 0.130983
v 0.041788 0.046647 0.124220
v 0.051541 0.033426 0.117802
v 0.052373 0.012213 0.111606
v 0.045701 -0.003892 0.108924
v 0.032371 -0.013523 0.109906
v 0.009530 -0.046410 0.106982
v 0.024634 0.052219 0.141091
v 0.040520 0.042459 0.142896
v 0.049884 0.027954 0.142203
v 0.050579 0.006290 0.138018
v 0.044044 -0.009364 0.133326
v 0.031103 -0.017712 0.128582
v 0.008843 -0.048677 0.117089
v 0.018612 0.051025 0.150149
v 0.029392 0.040252 0.159633
v 0.035346 0.025070 0.164071
v 0.034843 0.003169 0.161688
v 0.029505 -0.012247 0.155194
v 0.019975 -0.019919 0.145319
v 0.002821 -0.049871 0.126147
v 0.008868 0.051223 0.155730
v 0.011387 0.040618 0.169946
v 0.011821 0.025548 0.177546
v 0.009380 0.003686 0.176273
v 0.005981 -0.011769 0.168669
v 0.001970 -0.019553 0.155633
v -0.006923 -0.049673 0.131729
v -0.001987 0.052760 0.156340
v -0.008671 0.043458 0.171073
v -0.014386 0.029260 0.179018
v -0.018987 0.007703 0.177866
v -0.020227 -0.008058 0.170141
v -0.018088 -0.016712 0.156759
v -0.017778 -0.048136 0.132338
v -0.021317 -0.112844 0.087724
v -0.011045 0.055225 0.151814
v -0.025408 0.048012 0.162710
v -0.036254 0.035210 0.168092
v -0.042656 0.014143 0.166040
v -0.042095 -0.002108 0.159214
v -0.034825 -0.012158 0.148397
v -0.026836 -0.045671 0.127813
v -0.015879 0.057956 0.143366
v -0.034339 0.053059 0.147100
v -0.047923 0.041804 0.147695
v -0.055287 0.021281 0.143963
v -0.053764 0.004487 0.138818
v -0.043756 -0.007111 0.132786
v -0.031670 -0.042940 0.119364
v -0.015192 0.060223 0.133258
v -0.033071 0.057248 0.128424
v -0.046266 0.047277 0.123294
v -0.053493 0.027204 0.117551
v -0.052107 0.009959 0.114417
v -0.042488 -0.002923 0.114110
v -0.030984 -0.040673 0.109257
v -0.009170 0.061417 0.124200
v -0.021944 0.059455 0.111687
v -0.031728 0.050160 0.101426
v -0.037757 0.030325 0.093881
v -0.037568 0.012842 0.092549
v -0.031361 -0.000716 0.097373
v -0.024961 -0.039479 0.100199
v 0.000574 0.061219 0.118619
v -0.003939 0.059089 0.101373
v -0.012294 0.029808 0.079296
v -0.014044 0.012364 0.079074
v -0.013356 -0.001082 0.087060
v 0.001936 0.064763 0.122696
v -0.001519 0.058567 0.129288
v -0.009229 0.064565 0.130901
v -0.006209 0.057637 0.136343
v -0.011822 0.062034 0.143389
v -0.004537 0.055622 0.143825
v -0.004324 0.058654 0.152845
v 0.002518 0.053702 0.147350
v 0.008872 0.056404 0.153729
v 0.010824 0.053002 0.144854
v 0.020036 0.056602 0.145523
v 0.015515 0.053932 0.137798
v 0.022629 0.059132 0.133035
v 0.013843 0.055948 0.130317
v 0.015132 0.062513 0.123580
v 0.006787 0.057867 0.126792
v 0.004176 0.052740 0.136347
v -0.002633 0.058297 0.139795
v 0.012525 0.057020 0.135239
v 0.006472 0.055820 0.144344
v 0.003420 0.059498 0.130689
v 0.006061 0.056714 0.129767
v 0.003080 0.053804 0.144125
v 0.009226 0.058507 0.131078
v 0.000666 0.056810 0.143955
v 0.010989 0.055373 0.132229
v -0.001848 0.055145 0.141663
v 0.012157 0.053966 0.137454
v -0.003016 0.056553 0.136438
v 0.011384 0.055907 0.140733
v -0.001492 0.059410 0.134300
v 0.008881 0.053316 0.142382
v 0.000260 0.057203 0.131510
v -0.142796 0.057810 0.173189
v -0.117383 -0.057994 0.128177
v -0.145184 0.088248 0.129417
v -0.163100 0.076021 0.142878
v -0.173890 0.056229 0.151049
v -0.175229 0.025153 0.152209
v -0.168372 0.001897 0.147199
v -0.154202 -0.011582 0.136670
v -0.130263 -0.058649 0.119006
v -0.122748 0.089839 0.112629
v -0.152104 0.088527 0.115784
v -0.175886 0.076537 0.117688
v -0.190596 0.056902 0.118137
v -0.193311 0.025882 0.116584
v -0.185077 0.002571 0.114286
v -0.166988 -0.011066 0.111480
v -0.137183 -0.058370 0.105374
v -0.151209 0.089665 0.101342
v -0.174233 0.078641 0.091002
v -0.188436 0.059651 0.083270
v -0.190973 0.028857 0.078845
v -0.182917 0.005319 0.079419
v -0.165334 -0.008963 0.084794
v -0.136288 -0.057231 0.090931
v -0.142740 0.091358 0.089960
v -0.158584 0.081769 0.069971
v -0.167989 0.063738 0.055791
v -0.168842 0.033281 0.049102
v -0.162471 0.009406 0.051941
v -0.149685 -0.005835 0.063763
v -0.127819 -0.055538 0.079549
v -0.128965 0.093152 0.084688
v -0.133131 0.085083 0.060230
v -0.134734 0.068068 0.043064
v -0.132847 0.037968 0.035326
v -0.129216 0.013737 0.039214
v -0.124233 -0.002520 0.054022
v -0.114044 -0.053745 0.074278
v -0.113576 0.094566 0.086939
v -0.104696 0.087695 0.064389
v -0.097582 0.071482 0.048498
v -0.092633 0.041662 0.041208
v -0.092063 0.017150 0.044648
v -0.095798 0.000092 0.058181
v -0.098655 -0.052331 0.076528
v -0.100697 0.095221 0.096109
v -0.080897 0.088906 0.081334
v -0.066487 0.073063 0.070637
v -0.058977 0.043374 0.065172
v -0.060969 0.018732 0.066787
v -0.071999 0.001303 0.075125
v -0.085775 -0.051676 0.085699
v -0.086303 -0.154183 0.089322
v -0.093777 0.094942 0.109742
v -0.068112 0.088390 0.106524
v -0.049782 0.072390 0.103550
v -0.040895 0.042645 0.100796
v -0.044263 0.018058 0.099700
v -0.059213 0.000787 0.100316
v -0.078856 -0.051955 0.099332
v -0.094672 0.093803 0.124184
v -0.069765 0.086287 0.133210
v -0.051942 0.069641 0.138417
v -0.043233 0.039670 0.138535
v -0.046423 0.015310 0.134566
v -0.060866 -0.001317 0.127001
v -0.079750 -0.053093 0.113774
v -0.103141 0.092111 0.135566
v -0.085414 0.083159 0.154241
v -0.072389 0.065554 0.165895
v -0.065364 0.035246 0.168278
v -0.066870 0.011223 0.162045
v -0.076516 -0.004445 0.148033
v -0.088220 -0.054786 0.125156
v -0.116916 0.090317 0.140838
v -0.110866 0.079844 0.163982
v -0.105643 0.061224 0.178623
v -0.101359 0.030559 0.182054
v -0.100125 0.006892 0.174772
v -0.101968 -0.007759 0.157774
v -0.101994 -0.056580 0.130428
v -0.132304 0.088903 0.138587
v -0.139301 0.077232 0.159823
v -0.141572 0.026865 0.176172
v -0.137277 0.003479 0.169338
v -0.130403 -0.010371 0.153615
v -0.131416 0.095718 0.134807
v -0.121734 0.090138 0.127589
v -0.112407 0.097635 0.135236
v -0.111005 0.091535 0.123483
v -0.099947 0.099816 0.122764
v -0.107230 0.092677 0.113071
v -0.101334 0.100983 0.104697
v -0.112619 0.092894 0.102452
v -0.115755 0.100453 0.091619
v -0.124017 0.092060 0.097847
v -0.134764 0.098537 0.091190
v -0.134747 0.090663 0.101953
v -0.147224 0.096356 0.103663
v -0.138522 0.089521 0.112365
v -0.145837 0.095188 0.121729
v -0.133132 0.089304 0.122984
v -0.122426 0.086666 0.112404
v -0.112752 0.094589 0.117114
v -0.133554 0.093066 0.108709
v -0.119708 0.094869 0.103410
v -0.126598 0.092786 0.122413
v -0.129962 0.089081 0.119834
v -0.115635 0.091588 0.105494
v -0.132944 0.092553 0.116659
v -0.113362 0.095103 0.109164
v -0.133726 0.089232 0.112418
v -0.111871 0.091436 0.112910
v -0.131089 0.090030 0.105145
v -0.114507 0.090639 0.120182
v -0.128071 0.094026 0.103221
v -0.118235 0.093629 0.122601
v -0.123595 0.091005 0.102277
v -0.122001 0.089663 0.123050
v -0.145184 0.088248 0.129417
v -0.163100 0.076021 0.142878
v -0.122748 0.089839 0.112629
v -0.152104 0.088527 0.115784
v -0.175886 0.076537 0.117688
v -0.151209 0.089665 0.101342
v -0.174233 0.078641 0.091002
v -0.142740 0.091358 0.089960
v -0.158584 0.081769 0.069971
v -0.128965 0.093152 0.084688
v -0.133131 0.085083 0.060230
v -0.113576 0.094566 0.086939
v -0.104696 0.087695 0.064389
v -0.100697 0.095221 0.096109
v -0.080897 0.088906 0.081334
v -0.093777 0.094942 0.109742
v -0.068112 0.088390 0.106524
v -0.094672 0.093803 0.124184
v -0.103141 0.092111 0.135566
v -0.085414 0.083159 0.154241
v -0.116916 0.090317 0.140838
v -0.110866 0.079844 0.163982
v -0.132304 0.088903 0.138587
v -0.139301 0.077232 0.159823
v -0.131711 0.045016 -0.082870
v -0.135953 -0.056797 -0.038566
v -0.130673 0.072521 -0.042377
v -0.115521 0.062704 -0.058025
v -0.105690 0.045938 -0.067648
v -0.102846 0.018868 -0.069300
v -0.107059 -0.001767 -0.063759
v -0.117729 -0.014215 -0.051754
v -0.125175 -0.056415 -0.032260
v -0.148870 0.072835 -0.023001
v -0.124758 0.073434 -0.030916
v -0.104591 0.064390 -0.036848
v -0.091409 0.048141 -0.039980
v -0.087388 0.021252 -0.039352
v -0.092779 0.000436 -0.036091
v -0.106799 -0.012529 -0.030578
v -0.119259 -0.055502 -0.020800
v -0.125291 0.074632 -0.017371
v -0.105576 0.066603 -0.011820
v -0.092695 0.051033 -0.007279
v -0.088780 0.024383 -0.003957
v -0.094065 0.003328 -0.003390
v -0.107784 -0.010316 -0.005549
v -0.119792 -0.054304 -0.007255
v -0.132129 0.075794 -0.005371
v -0.118211 0.068752 0.010354
v -0.109204 0.053841 0.021693
v -0.106649 0.027421 0.027401
v -0.110573 0.006135 0.025582
v -0.120418 -0.008167 0.016624
v -0.126630 -0.053141 0.004746
v -0.143440 0.076610 0.001869
v -0.139110 0.070259 0.023732
v -0.136510 0.055810 0.039172
v -0.136205 0.029553 0.046320
v -0.137880 0.008105 0.043061
v -0.141318 -0.006660 0.030002
v -0.137941 -0.052326 0.011986
v -0.156193 0.076861 0.002409
v -0.162675 0.070722 0.024729
v -0.167299 0.056415 0.040475
v -0.169531 0.030207 0.047731
v -0.168668 0.008710 0.044364
v -0.164883 -0.006197 0.030999
v -0.150694 -0.052075 0.012525
v -0.166971 0.076478 -0.003896
v -0.182590 0.070016 0.013078
v -0.193320 0.055492 0.025253
v -0.197696 0.029209 0.031254
v -0.194689 0.007787 0.029141
v -0.184798 -0.006903 0.019349
v -0.161472 -0.052457 0.006220
v -0.127414 -0.141182 -0.006737
v -0.172886 0.075566 -0.015357
v -0.193520 0.068330 -0.008098
v -0.207601 0.053289 -0.002416
v -0.213153 0.026825 0.001306
v -0.208970 0.005584 0.001473
v -0.195728 -0.008589 -0.001828
v -0.167388 -0.053370 -0.005240
v -0.172354 0.074368 -0.028902
v -0.192536 0.066116 -0.033126
v -0.206314 0.050397 -0.035117
v -0.211761 0.023694 -0.034089
v -0.207684 0.002692 -0.031228
v -0.194744 -0.010803 -0.026856
v -0.166855 -0.054568 -0.018786
v -0.165516 0.073205 -0.040903
v -0.179901 0.063968 -0.055300
v -0.189806 0.047590 -0.064088
v -0.193893 0.020655 -0.065447
v -0.191176 -0.000115 -0.060199
v -0.182109 -0.012951 -0.049030
v -0.160017 -0.055731 -0.030786
v -0.154205 0.072389 -0.048143
v -0.159001 0.062460 -0.068678
v -0.162499 0.045620 -0.081567
v -0.164336 0.018523 -0.084366
v -0.163869 -0.002085 -0.077678
v -0.161209 -0.014459 -0.062407
v -0.148706 -0.056546 -0.038026
v -0.141452 0.072139 -0.048682
v -0.135437 0.061997 -0.069675
v -0.131010 0.017869 -0.085777
v -0.133080 -0.002689 -0.078981
v -0.137645 -0.014921 -0.063405
v -0.142499 0.078103 -0.044952
v -0.149995 0.072767 -0.036687
v -0.158218 0.078603 -0.042105
v -0.158805 0.073402 -0.031047
v -0.168339 0.079966 -0.028412
v -0.161777 0.074354 -0.020747
v -0.166934 0.081395 -0.011896
v -0.157169 0.075065 -0.011820
v -0.154825 0.082051 -0.002230
v -0.147682 0.075118 -0.009496
v -0.139107 0.081550 -0.005078
v -0.138871 0.074482 -0.015135
v -0.128985 0.080187 -0.018770
v -0.135899 0.073530 -0.025435
v -0.130390 0.078759 -0.035287
v -0.140507 0.072820 -0.034362
v -0.148950 0.070050 -0.022774
v -0.157427 0.076289 -0.025408
v -0.140112 0.076386 -0.021165
v -0.151481 0.077206 -0.013888
v -0.146058 0.075469 -0.032685
v -0.143039 0.072487 -0.030908
v -0.154676 0.074054 -0.015165
v -0.140730 0.075758 -0.028433
v -0.156809 0.076918 -0.018140
v -0.139821 0.072983 -0.024673
v -0.157894 0.073558 -0.021399
v -0.141896 0.073648 -0.017480
v -0.155818 0.072893 -0.028593
v -0.144565 0.076986 -0.015140
v -0.152974 0.075689 -0.031433
v -0.148050 0.074092 -0.013541
v -0.149665 0.072449 -0.032532
v -0.131711 0.045016 -0.082870
v -0.130673 0.072521 -0.042377
v -0.115521 0.062704 -0.058025
v -0.105690 0.045938 -0.067648
v -0.102846 0.018868 -0.069300
v -0.107059 -0.001767 -0.063759
v -0.117729 -0.014215 -0.051754
v -0.148870 0.072835 -0.023001
v -0.124758 0.073434 -0.030916
v -0.104591 0.064390 -0.036848
v -0.091409 0.048141 -0.039980
v -0.087388 0.021252 -0.039352
v -0.092779 0.000436 -0.036091
v -0.106799 -0.012529 -0.030578
v -0.125291 0.074632 -0.017371
v -0.105576 0.066603 -0.011820
v -0.092695 0.051033 -0.007279
v -0.088780 0.024383 -0.003957
v -0.094065 0.003328 -0.003390
v -0.107784 -0.010316 -0.005549
v -0.132129 0.075794 -0.005371
v -0.118211 0.068752 0.010354
v -0.109204 0.053841 0.021693
v -0.106649 0.027421 0.027401
v -0.110573 0.006135 0.025582
v -0.120418 -0.008167 0.016624
v -0.143440 0.076610 0.001869
v -0.139110 0.070259 0.023732
v -0.136510 0.055810 0.039172
v -0.136205 0.029553 0.046320
v -0.137880 0.008105 0.043061
v -0.141318 -0.006660 0.030002
v -0.156193 0.076861 0.002409
v -0.162675 0.070722 0.024729
v -0.167299 0.056415 0.040475
v -0.169531 0.030207 0.047731
v -0.168668 0.008710 0.044364
v -0.164883 -0.006197 0.030999
v -0.166971 0.076478 -0.003896
v -0.182590 0.070016 0.013078
v -0.193320 0.055492 0.025253
v -0.197696 0.029209 0.031254
v -0.194689 0.007787 0.029141
v -0.184798 -0.006903 0.019349
v -0.172886 0.075566 -0.015357
v -0.193520 0.068330 -0.008098
v -0.207601 0.053289 -0.002416
v -0.213153 0.026825 0.001306
v -0.208970 0.005584 0.001473
v -0.195728 -0.008589 -0.001828
v -0.172354 0.074368 -0.028902
v -0.192536 0.066116 -0.033126
v -0.206314 0.050397 -0.035117
v -0.211761 0.023694 -0.034089
v -0.207684 0.002692 -0.031228
v -0.194744 -0.010803 -0.026856
v -0.165516 0.073205 -0.040903
v -0.179901 0.063968 -0.055300
v -0.189806 0.047590 -0.064088
v -0.193893 0.020655 -0.065447
v -0.191176 -0.000115 -0.060199
v -0.182109 -0.012951 -0.049030
v -0.154205 0.072389 -0.048143
v -0.159001 0.062460 -0.068678
v -0.162499 0.045620 -0.081567
v -0.164336 0.018523 -0.084366
v -0.163869 -0.002085 -0.077678
v -0.161209 -0.014459 -0.062407
v -0.141452 0.072139 -0.048682
v -0.135437 0.061997 -0.069675
v -0.131010 0.017869 -0.085777
v -0.133080 -0.002689 -0.078981
v -0.137645 -0.014921 -0.063405
v 0.157845 0.049377 0.088806
v 0.107490 -0.053751 0.075282
v 0.126859 0.071042 0.120085
v 0.146461 0.060547 0.121646
v 0.158752 0.043475 0.120944
v 0.161394 0.016599 0.117076
v 0.154983 -0.003549 0.112787
v 0.140383 -0.015274 0.108494
v 0.107866 -0.056195 0.088595
v 0.102847 0.072315 0.116317
v 0.120836 0.069378 0.132463
v 0.135332 0.057473 0.144519
v 0.144211 0.039459 0.150829
v 0.145655 0.012252 0.149423
v 0.140442 -0.007566 0.142672
v 0.129254 -0.018348 0.131367
v 0.101843 -0.057859 0.100973
v 0.110028 0.068941 0.140592
v 0.115361 0.056666 0.159538
v 0.118119 0.038404 0.170453
v 0.117413 0.011110 0.170663
v 0.114349 -0.008621 0.162296
v 0.109284 -0.019155 0.146386
v 0.091035 -0.058296 0.109102
v 0.097331 0.069848 0.142292
v 0.091901 0.058341 0.162680
v 0.087466 0.040593 0.174557
v 0.084235 0.013480 0.175106
v 0.083697 -0.006431 0.166400
v 0.085823 -0.017480 0.149527
v 0.078338 -0.057389 0.110802
v 0.086148 0.071856 0.137108
v 0.071236 0.062051 0.153102
v 0.060466 0.045440 0.162043
v 0.055010 0.018726 0.161561
v 0.056697 -0.001584 0.153886
v 0.065159 -0.013770 0.139949
v 0.067154 -0.055382 0.105618
v 0.079474 0.074426 0.126430
v 0.058904 0.066800 0.133370
v 0.044354 0.051645 0.136263
v 0.037571 0.025443 0.133656
v 0.040585 0.004621 0.128106
v 0.052827 -0.009021 0.120218
v 0.060481 -0.052811 0.094940
v 0.079098 0.076871 0.113118
v 0.058210 0.071317 0.108773
v 0.043447 0.057547 0.104124
v 0.036589 0.031831 0.098870
v 0.039678 0.010523 0.095967
v 0.052133 -0.004504 0.095620
v 0.060105 -0.050367 0.081627
v 0.059136 -0.139041 0.061211
v 0.085121 0.078534 0.100739
v 0.069339 0.074391 0.085900
v 0.057988 0.061563 0.074239
v 0.052328 0.036178 0.066523
v 0.054219 0.014539 0.066082
v 0.063262 -0.001430 0.072747
v 0.066128 -0.048703 0.069249
v 0.095929 0.078971 0.092611
v 0.089310 0.075199 0.070880
v 0.084080 0.062618 0.054616
v 0.080570 0.037320 0.045282
v 0.080311 0.015594 0.046459
v 0.083232 -0.000622 0.057728
v 0.076936 -0.048266 0.061120
v 0.108626 0.078064 0.090910
v 0.112770 0.073523 0.067739
v 0.114733 0.060429 0.050511
v 0.113749 0.034950 0.040840
v 0.110964 0.013405 0.042354
v 0.106693 -0.002298 0.054587
v 0.089633 -0.049173 0.059420
v 0.119810 0.076057 0.096094
v 0.133435 0.069814 0.077317
v 0.141733 0.055582 0.063026
v 0.142973 0.029704 0.054385
v 0.137964 0.008558 0.054869
v 0.127358 -0.006007 0.064165
v 0.100816 -0.051180 0.064604
v 0.126483 0.073486 0.106773
v 0.145766 0.065064 0.097048
v 0.160412 0.022987 0.082290
v 0.154076 0.002352 0.080649
v 0.139689 -0.010757 0.083896
v 0.123074 0.079060 0.109336
v 0.112953 0.074189 0.106886
v 0.113149 0.082141 0.097558
v 0.104242 0.075753 0.102848
v 0.097524 0.083647 0.097494
v 0.094765 0.075942 0.106811
v 0.085353 0.082696 0.109181
v 0.090073 0.074646 0.116453
v 0.083765 0.079846 0.125773
v 0.092916 0.072624 0.126126
v 0.093690 0.076766 0.137552
v 0.101627 0.071060 0.130164
v 0.109314 0.075260 0.137616
v 0.111104 0.070871 0.126201
v 0.121485 0.076210 0.125929
v 0.115796 0.072167 0.116559
v 0.102627 0.069570 0.115840
v 0.100530 0.077613 0.108089
v 0.105718 0.073923 0.125742
v 0.094476 0.075941 0.120532
v 0.111772 0.075595 0.113299
v 0.111864 0.071879 0.116428
v 0.093899 0.073610 0.116354
v 0.111073 0.074341 0.120600
v 0.095175 0.077195 0.113231
v 0.108587 0.070973 0.123162
v 0.097176 0.074515 0.109620
v 0.101968 0.071106 0.125930
v 0.103795 0.074383 0.106852
v 0.098843 0.074585 0.125714
v 0.107405 0.076950 0.108117
v 0.095884 0.072198 0.123110
v 0.109879 0.073291 0.109672
v 0.157845 0.049377 0.088806
v 0.126859 0.071042 0.120085
v 0.146461 0.060547 0.121646
v 0.158752 0.043475 0.120944
v 0.161394 0.016599 0.117076
v 0.154983 -0.003549 0.112787
v 0.140383 -0.015274 0.108494
v 0.102847 0.072315 0.116317
v 0.120836 0.069378 0.132463
v 0.135332 0.057473 0.144519
v 0.144211 0.039459 0.150829
v 0.145655 0.012252 0.149423
v 0.140442 -0.007566 0.142672
v 0.129254 -0.018348 0.131367
v 0.110028 0.068941 0.140592
v 0.115361 0.056666 0.159538
v 0.118119 0.038404 0.170453
v 0.117413 0.011110 0.170663
v 0.114349 -0.008621 0.162296
v 0.109284 -0.019155 0.146386
v 0.097331 0.069848 0.142292
v 0.091901 0.058341 0.162680
v 0.087466 0.040593 0.174557
v 0.084235 0.013480 0.175106
v 0.083697 -0.006431 0.166400
v 0.085823 -0.017480 0.149527
v 0.086148 0.071856 0.137108
v 0.071236 0.062051 0.153102
v 0.060466 0.045440 0.162043
v 0.055010 0.018726 0.161561
v 0.056697 -0.001584 0.153886
v 0.065159 -0.013770 0.139949
v 0.079474 0.074426 0.126430
v 0.058904 0.066800 0.133370
v 0.044354 0.051645 0.136263
v 0.037571 0.025443 0.133656
v 0.040585 0.004621 0.128106
v 0.052827 -0.009021 0.120218
v 0.079098 0.076871 0.113118
v 0.058210 0.071317 0.108773
v 0.043447 0.057547 0.104124
v 0.036589 0.031831 0.098870
v 0.039678 0.010523 0.095967
v 0.052133 -0.004504 0.095620
v 0.085121 0.078534 0.100739
v 0.069339 0.074391 0.085900
v 0.057988 0.061563 0.074239
v 0.052328 0.036178 0.066523
v 0.054219 0.014539 0.066082
v 0.063262 -0.001430 0.072747
v 0.095929 0.078971 0.092611
v 0.089310 0.075199 0.070880
v 0.084080 0.062618 0.054616
v 0.080570 0.037320 0.045282
v 0.080311 0.015594 0.046459
v 0.083232 -0.000622 0.057728
v 0.108626 0.078064 0.090910
v 0.112770 0.073523 0.067739
v 0.114733 0.060429 0.050511
v 0.113749 0.034950 0.040840
v 0.110964 0.013405 0.042354
v 0.106693 -0.002298 0.054587
v 0.119810 0.076057 0.096094
v 0.133435 0.069814 0.077317
v 0.141733 0.055582 0.063026
v 0.142973 0.029704 0.054385
v 0.137964 0.008558 0.054869
v 0.127358 -0.006007 0.064165
v 0.126483 0.073486 0.106773
v 0.145766 0.065064 0.097048
v 0.160412 0.022987 0.082290
v 0.154076 0.002352 0.080649
v 0.139689 -0.010757 0.083896
v -0.089863 0.074118 -0.220167
v -0.062288 -0.053157 -0.151268
v -0.081935 0.122441 -0.173706
v -0.063306 0.109083 -0.196984
v -0.047921 0.082773 -0.211208
v -0.036419 0.037450 -0.213441
v -0.034186 0.001510 -0.204988
v -0.041161 -0.021945 -0.186956
v -0.044915 -0.049572 -0.147557
v -0.100666 0.119005 -0.144778
v -0.069709 0.125865 -0.162302
v -0.040716 0.115411 -0.175913
v -0.018405 0.091040 -0.183676
v -0.004471 0.046398 -0.183641
v -0.004670 0.009777 -0.177457
v -0.018571 -0.015618 -0.165884
v -0.032689 -0.046147 -0.136153
v -0.065907 0.128211 -0.146261
v -0.033689 0.119745 -0.146272
v -0.009224 0.096704 -0.144949
v 0.005466 0.052528 -0.141723
v 0.004510 0.015440 -0.138730
v -0.011544 -0.011283 -0.136244
v -0.028886 -0.043801 -0.120112
v -0.071546 0.128850 -0.129881
v -0.044110 0.120926 -0.116006
v -0.022839 0.098247 -0.105404
v -0.009271 0.054198 -0.098919
v -0.009105 0.016983 -0.099184
v -0.021965 -0.010103 -0.105977
v -0.034526 -0.043162 -0.103732
v -0.085117 0.127611 -0.117550
v -0.069185 0.118636 -0.093222
v -0.055601 0.095255 -0.075636
v -0.044733 0.050960 -0.066699
v -0.041867 0.013991 -0.069416
v -0.047040 -0.012392 -0.083194
v -0.048096 -0.044402 -0.091402
v -0.102982 0.124826 -0.112574
v -0.102196 0.113489 -0.084027
v -0.098732 0.088530 -0.063622
v -0.091417 0.043681 -0.053695
v -0.084998 0.007267 -0.057402
v -0.080051 -0.017539 -0.073998
v -0.065962 -0.047187 -0.086425
v -0.120356 0.121240 -0.116285
v -0.134298 0.106865 -0.090884
v -0.140675 0.079875 -0.072581
v -0.136816 0.034313 -0.063392
v -0.126941 -0.001389 -0.066361
v -0.112152 -0.024163 -0.080855
v -0.083335 -0.050772 -0.090136
v -0.035697 -0.168582 -0.082449
v -0.132582 0.117816 -0.127689
v -0.156888 0.100538 -0.111956
v -0.170191 0.071608 -0.100112
v -0.168764 0.025365 -0.093192
v -0.156457 -0.009656 -0.093893
v -0.134743 -0.030491 -0.101927
v -0.095561 -0.054196 -0.101540
v -0.136384 0.115470 -0.143730
v -0.163914 0.096203 -0.141596
v -0.179372 0.065945 -0.138839
v -0.178701 0.019234 -0.135110
v -0.165637 -0.015319 -0.132620
v -0.141769 -0.034825 -0.131567
v -0.099364 -0.056542 -0.117581
v -0.130745 0.114831 -0.160110
v -0.153494 0.095022 -0.171863
v -0.165757 0.064402 -0.178385
v -0.163964 0.017565 -0.177913
v -0.152022 -0.016862 -0.172165
v -0.131349 -0.036006 -0.161834
v -0.093724 -0.057181 -0.133961
v -0.117174 0.116070 -0.172441
v -0.128419 0.097312 -0.194646
v -0.132994 0.067394 -0.208153
v -0.128502 0.020803 -0.210134
v -0.119260 -0.013870 -0.201933
v -0.106274 -0.033716 -0.184618
v -0.080153 -0.055942 -0.146292
v -0.099309 0.118856 -0.177417
v -0.095408 0.102459 -0.203841
v -0.081818 0.028081 -0.223138
v -0.076129 -0.007146 -0.213947
v -0.073263 -0.028570 -0.193813
v -0.101215 0.128844 -0.172833
v -0.107195 0.118154 -0.160447
v -0.122501 0.125809 -0.164145
v -0.117765 0.117188 -0.150843
v -0.132218 0.126013 -0.144664
v -0.118506 0.118392 -0.137771
v -0.124673 0.129339 -0.125804
v -0.108983 0.121059 -0.128888
v -0.104287 0.133836 -0.118612
v -0.094775 0.123628 -0.129398
v -0.083001 0.136872 -0.127300
v -0.084204 0.124593 -0.139002
v -0.073284 0.136667 -0.146781
v -0.083464 0.123389 -0.152075
v -0.080829 0.133342 -0.165641
v -0.092987 0.120722 -0.160958
v -0.099864 0.114260 -0.144415
v -0.114640 0.122627 -0.144769
v -0.088709 0.127315 -0.145701
v -0.102350 0.126070 -0.133306
v -0.100999 0.123873 -0.157164
v -0.095206 0.119629 -0.156034
v -0.106378 0.119864 -0.133636
v -0.092029 0.125852 -0.153999
v -0.111320 0.124091 -0.136471
v -0.088555 0.121492 -0.149830
v -0.113029 0.118001 -0.139840
v -0.089072 0.122332 -0.140700
v -0.112511 0.117161 -0.148970
v -0.092985 0.127405 -0.137129
v -0.110365 0.122537 -0.153341
v -0.096454 0.121658 -0.133993
v -0.105129 0.117835 -0.155678
v -0.089863 0.074118 -0.220167
v -0.081935 0.122441 -0.173706
v -0.063306 0.109083 -0.196984
v -0.047921 0.082773 -0.211208
v -0.036419 0.037450 -0.213441
v -0.034186 0.001510 -0.204988
v -0.041161 -0.021945 -0.186956
v -0.100666 0.119005 -0.144778
v -0.069709 0.125865 -0.162302
v -0.040716 0.115411 -0.175913
v -0.018405 0.091040 -0.183676
v -0.004471 0.046398 -0.183641
v -0.004670 0.009777 -0.177457
v -0.018571 -0.015618 -0.165884
v -0.065907 0.128211 -0.146261
v -0.033689 0.119745 -0.146272
v -0.009224 0.096704 -0.144949
v 0.005466 0.052528 -0.141723
v 0.004510 0.015440 -0.138730
v -0.011544 -0.011283 -0.136244
v -0.071546 0.128850 -0.129881
v -0.044110 0.120926 -0.116006
v -0.022839 0.098247 -0.105404
v -0.009271 0.054198 -0.098919
v -0.009105 0.016983 -0.099184
v -0.021965 -0.010103 -0.105977
v -0.085117 0.127611 -0.117550
v -0.069185 0.118636 -0.093222
v -0.055601 0.095255 -0.075636
v -0.044733 0.050960 -0.066699
v -0.041867 0.013991 -0.069416
v -0.047040 -0.012392 -0.083194
v -0.102982 0.124826 -0.112574
v -0.102196 0.113489 -0.084027
v -0.098732 0.088530 -0.063622
v -0.091417 0.043681 -0.053695
v -0.084998 0.007267 -0.057402
v -0.080051 -0.017539 -0.073998
v -0.120356 0.121240 -0.116285
v -0.134298 0.106865 -0.090884
v -0.140675 0.079875 -0.072581
v -0.136816 0.034313 -0.063392
v -0.126941 -0.001389 -0.066361
v -0.112152 -0.024163 -0.080855
v -0.132582 0.117816 -0.127689
v -0.156888 0.100538 -0.111956
v -0.170191 0.071608 -0.100112
v -0.168764 0.025365 -0.093192
v -0.156457 -0.009656 -0.093893
v -0.134743 -0.030491 -0.101927
v -0.136384 0.115470 -0.143730
v -0.163914 0.096203 -0.141596
v -0.179372 0.065945 -0.138839
v -0.178701 0.019234 -0.135110
v -0.165637 -0.015319 -0.132620
v -0.141769 -0.034825 -0.131567
v -0.130745 0.114831 -0.160110
v -0.153494 0.095022 -0.171863
v -0.165757 0.064402 -0.178385
v -0.163964 0.017565 -0.177913
v -0.152022 -0.016862 -0.172165
v -0.131349 -0.036006 -0.161834
v -0.117174 0.116070 -0.172441
v -0.128419 0.097312 -0.194646
v -0.132994 0.067394 -0.208153
v -0.128502 0.020803 -0.210134
v -0.119260 -0.013870 -0.201933
v -0.106274 -0.033716 -0.184618
v -0.099309 0.118856 -0.177417
v -0.095408 0.102459 -0.203841
v -0.081818 0.028081 -0.223138
v -0.076129 -0.007146 -0.213947
v -0.073263 -0.028570 -0.193813
v 0.152833 0.059059 -0.080207
v 0.113748 -0.061253 -0.049352
v 0.174400 0.077237 -0.031084
v 0.183140 0.067095 -0.053189
v 0.186000 0.049042 -0.069004
v 0.180822 0.019296 -0.076725
v 0.172076 -0.003670 -0.073887
v 0.160689 -0.017897 -0.061062
v 0.127486 -0.065402 -0.044711
v 0.160803 0.076751 -0.006162
v 0.184625 0.073451 -0.019720
v 0.202033 0.060099 -0.032191
v 0.210686 0.039901 -0.041568
v 0.207542 0.009402 -0.047030
v 0.196762 -0.012811 -0.046451
v 0.179582 -0.024893 -0.040064
v 0.137711 -0.069189 -0.033347
v 0.188597 0.071042 -0.004677
v 0.209373 0.055648 -0.004396
v 0.220276 0.034085 -0.005253
v 0.217921 0.003107 -0.007722
v 0.206352 -0.018627 -0.010135
v 0.186922 -0.029344 -0.012269
v 0.141684 -0.071598 -0.018305
v 0.185252 0.070655 0.010013
v 0.203191 0.054934 0.022748
v 0.212199 0.033152 0.030213
v 0.209180 0.002097 0.030666
v 0.198276 -0.019560 0.025330
v 0.180741 -0.030058 0.014875
v 0.138338 -0.071984 -0.003614
v 0.175486 0.072395 0.020415
v 0.185146 0.058148 0.041968
v 0.188622 0.037352 0.055325
v 0.183659 0.006643 0.057847
v 0.174698 -0.015360 0.050442
v 0.162695 -0.026844 0.034095
v 0.128572 -0.070244 0.006787
v 0.161915 0.075795 0.023741
v 0.160071 0.064431 0.048114
v 0.155860 0.045560 0.063355
v 0.148198 0.015528 0.066539
v 0.141936 -0.007152 0.058472
v 0.137620 -0.020562 0.040241
v 0.115001 -0.066844 0.010114
v 0.148177 0.079944 0.019100
v 0.134685 0.072097 0.039539
v 0.122692 0.055577 0.052151
v 0.112298 0.026369 0.054412
v 0.108768 0.002865 0.047269
v 0.112235 -0.012895 0.031666
v 0.101263 -0.062696 0.005473
v 0.079762 -0.160120 -0.028933
v 0.137952 0.083730 0.007736
v 0.115792 0.079093 0.018541
v 0.098006 0.064718 0.024716
v 0.085578 0.036264 0.024716
v 0.084082 0.012006 0.019833
v 0.093341 -0.005899 0.010668
v 0.091038 -0.058909 -0.005891
v 0.133979 0.086140 -0.007306
v 0.108452 0.083545 -0.009254
v 0.088417 0.070534 -0.011600
v 0.075198 0.042559 -0.014592
v 0.074493 0.017822 -0.016483
v 0.086001 -0.001448 -0.017127
v 0.087066 -0.056500 -0.020934
v 0.137325 0.086526 -0.021996
v 0.114633 0.084259 -0.036398
v 0.096493 0.071467 -0.047065
v 0.083940 0.043569 -0.052979
v 0.082569 0.018755 -0.051948
v 0.092183 -0.000734 -0.044271
v 0.090411 -0.056114 -0.035624
v 0.147091 0.084786 -0.032398
v 0.132679 0.081044 -0.055618
v 0.120071 0.067267 -0.072177
v 0.109461 0.039022 -0.080160
v 0.106147 0.014555 -0.077060
v 0.110228 -0.003948 -0.063491
v 0.100177 -0.057853 -0.046026
v 0.160662 0.081386 -0.035724
v 0.157754 0.074762 -0.061764
v 0.144922 0.030138 -0.088852
v 0.138909 0.006347 -0.085090
v 0.135303 -0.010230 -0.069637
v 0.162392 0.087090 -0.030283
v 0.155315 0.080857 -0.020785
v 0.146398 0.090869 -0.023779
v 0.147708 0.082212 -0.012683
v 0.140080 0.091065 -0.006520
v 0.147961 0.081085 -0.000694
v 0.147139 0.087563 0.011382
v 0.155925 0.078136 0.008157
v 0.163440 0.082415 0.019442
v 0.166936 0.075092 0.008687
v 0.179434 0.078636 0.012937
v 0.174543 0.073737 0.000585
v 0.185752 0.078440 -0.004322
v 0.174291 0.074864 -0.011403
v 0.178693 0.081942 -0.022224
v 0.166326 0.077813 -0.020255
v 0.159990 0.073674 -0.006447
v 0.151777 0.083399 -0.006287
v 0.171873 0.077844 -0.005320
v 0.162055 0.079593 0.005136
v 0.161594 0.081650 -0.016743
v 0.164562 0.077120 -0.016039
v 0.157298 0.077345 0.003804
v 0.168767 0.079385 -0.013197
v 0.154883 0.081858 0.001590
v 0.170124 0.075060 -0.009857
v 0.151735 0.079405 -0.002378
v 0.170301 0.074273 -0.001484
v 0.151558 0.080192 -0.010751
v 0.169093 0.077930 0.002274
v 0.154557 0.083313 -0.013881
v 0.164988 0.075219 0.004174
v 0.156871 0.079245 -0.016409
v 0.152833 0.059059 -0.080207
v 0.174400 0.077237 -0.031084
v 0.183140 0.067095 -0.053189
v 0.186000 0.049042 -0.069004
v 0.180822 0.019296 -0.076725
v 0.172076 -0.003670 -0.073887
v 0.160689 -0.017897 -0.061062
v 0.160803 0.076751 -0.006162
v 0.184625 0.073451 -0.019720
v 0.202033 0.060099 -0.032191
v 0.210686 0.039901 -0.041568
v 0.207542 0.009402 -0.047030
v 0.196762 -0.012811 -0.046451
v 0.179582 -0.024893 -0.040064
v 0.188597 0.071042 -0.004677
v 0.209373 0.055648 -0.004396
v 0.220276 0.034085 -0.005253
v 0.217921 0.003107 -0.007722
v 0.206352 -0.018627 -0.010135
v 0.186922 -0.029344 -0.012269
v 0.185252 0.070655 0.010013
v 0.203191 0.054934 0.022748
v 0.212199 0.033152 0.030213
v 0.209180 0.002097 0.030666
v 0.198276 -0.019560 0.025330
v 0.180741 -0.030058 0.014875
v 0.175486 0.072395 0.020415
v 0.185146 0.058148 0.041968
v 0.188622 0.037352 0.055325
v 0.183659 0.006643 0.057847
v 0.174698 -0.015360 0.050442
v 0.162695 -0.026844 0.034095
v 0.161915 0.075795 0.023741
v 0.160071 0.064431 0.048114
v 0.155860 0.045560 0.063355
v 0.148198 0.015528 0.066539
v 0.141936 -0.007152 0.058472
v 0.137620 -0.020562 0.040241
v 0.148177 0.079944 0.019100
v 0.134685 0.072097 0.039539
v 0.122692 0.055577 0.052151
v 0.112298 0.026369 0.054412
v 0.108768 0.002865 0.047269
v 0.112235 -0.012895 0.031666
v 0.137952 0.083730 0.007736
v 0.115792 0.079093 0.018541
v 0.098006 0.064718 0.024716
v 0.085578 0.036264 0.024716
v 0.084082 0.012006 0.019833
v 0.093341 -0.005899 0.010668
v 0.133979 0.086140 -0.007306
v 0.108452 0.083545 -0.009254
v 0.088417 0.070534 -0.011600
v 0.075198 0.042559 -0.014592
v 0.074493 0.017822 -0.016483
v 0.086001 -0.001448 -0.017127
v 0.137325 0.086526 -0.021996
v 0.114633 0.084259 -0.036398
v 0.096493 0.071467 -0.047065
v 0.083940 0.043569 -0.052979
v 0.082569 0.018755 -0.051948
v 0.092183 -0.000734 -0.044271
v 0.147091 0.084786 -0.032398
v 0.132679 0.081044 -0.055618
v 0.120071 0.067267 -0.072177
v 0.109461 0.039022 -0.080160
v 0.106147 0.014555 -0.077060
v 0.110228 -0.003948 -0.063491
v 0.160662 0.081386 -0.035724
v 0.157754 0.074762 -0.061764
v 0.144922 0.030138 -0.088852
v 0.138909 0.006347 -0.085090
v 0.135303 -0.010230 -0.069637
v -0.035934 0.033440 0.226120
v -0.052173 -0.028146 0.201627
v -0.059717 0.044882 0.205154
v -0.059149 0.041209 0.220384
v -0.058627 0.032947 0.231134
v -0.058148 0.017988 0.236100
v -0.057961 0.005794 0.233817
v -0.058075 -0.002572 0.224709
v -0.061572 -0.028350 0.203704
v -0.060230 0.042800 0.187822
v -0.069260 0.044374 0.202562
v -0.076782 0.040271 0.215595
v -0.081666 0.031721 0.224877
v -0.083085 0.016661 0.229327
v -0.081000 0.004567 0.227559
v -0.075708 -0.003511 0.219920
v -0.071115 -0.028858 0.201112
v -0.076390 0.043698 0.195996
v -0.089956 0.039022 0.203462
v -0.098878 0.030089 0.209024
v -0.101716 0.014895 0.212168
v -0.098212 0.002936 0.211706
v -0.088882 -0.004759 0.207787
v -0.078245 -0.029534 0.194546
v -0.079195 0.043036 0.187214
v -0.095141 0.037799 0.187235
v -0.105652 0.028491 0.187824
v -0.109048 0.013165 0.189221
v -0.104986 0.001337 0.190506
v -0.094066 -0.005983 0.191560
v -0.081051 -0.030196 0.185764
v -0.076926 0.042564 0.178571
v -0.090946 0.036927 0.171264
v -0.100172 0.027352 0.166956
v -0.103116 0.011933 0.166634
v -0.099506 0.000199 0.169638
v -0.089872 -0.006854 0.175589
v -0.078781 -0.030667 0.177121
v -0.070188 0.042410 0.172381
v -0.078497 0.036642 0.159827
v -0.083907 0.026980 0.152013
v -0.085511 0.011529 0.150460
v -0.083241 -0.000174 0.154695
v -0.077423 -0.007139 0.164152
v -0.072043 -0.030822 0.170931
v -0.060789 0.042614 0.170304
v -0.061129 0.037019 0.155989
v -0.061214 0.027473 0.146998
v -0.060948 0.012063 0.145032
v -0.060548 0.000319 0.149681
v -0.060055 -0.006762 0.160314
v -0.062644 -0.030618 0.168854
v -0.059001 -0.078397 0.170895
v -0.051246 0.043122 0.172896
v -0.043496 0.037958 0.160778
v -0.038175 0.028699 0.153256
v -0.036011 0.013390 0.151805
v -0.037509 0.001546 0.155938
v -0.042422 -0.005823 0.165103
v -0.053101 -0.030110 0.171446
v -0.044116 0.043798 0.179462
v -0.030322 0.039207 0.172912
v -0.020963 0.030330 0.169108
v -0.017380 0.015156 0.168964
v -0.020297 0.003177 0.171791
v -0.029248 -0.004575 0.177236
v -0.045971 -0.029434 0.178012
v -0.041310 0.044460 0.188244
v -0.025138 0.040430 0.189138
v -0.014189 0.031929 0.190309
v -0.010049 0.016886 0.191911
v -0.013523 0.004776 0.192991
v -0.024063 -0.003351 0.193463
v -0.043165 -0.028772 0.186794
v -0.043580 0.044931 0.196887
v -0.029332 0.041302 0.205109
v -0.019669 0.033067 0.211176
v -0.015980 0.018119 0.214498
v -0.019003 0.005914 0.213859
v -0.028258 -0.002480 0.209434
v -0.045435 -0.028300 0.195437
v -0.050317 0.045086 0.203077
v -0.041781 0.041587 0.216546
v -0.033586 0.018522 0.230672
v -0.035268 0.006287 0.228802
v -0.040707 -0.002195 0.220871
v -0.052023 0.048041 0.200249
v -0.052156 0.044092 0.193564
v -0.044915 0.047743 0.191602
v -0.050388 0.043724 0.186831
v -0.046837 0.046964 0.180503
v -0.054394 0.043185 0.180643
v -0.056664 0.046160 0.173452
v -0.061827 0.042789 0.178624
v -0.068639 0.045803 0.174581
v -0.068334 0.042769 0.181957
v -0.075747 0.046101 0.183228
v -0.070102 0.043136 0.188690
v -0.073824 0.046880 0.194328
v -0.066096 0.043676 0.194878
v -0.063997 0.047684 0.201378
v -0.058663 0.044072 0.196897
v -0.060191 0.041215 0.187979
v -0.054341 0.044812 0.184584
v -0.066216 0.044776 0.190667
v -0.063934 0.044302 0.181979
v -0.056623 0.045286 0.193273
v -0.059130 0.043496 0.194179
v -0.061341 0.042600 0.181417
v -0.061892 0.045129 0.193769
v -0.058665 0.044459 0.181482
v -0.064322 0.043220 0.192769
v -0.056149 0.042877 0.182827
v -0.067120 0.042843 0.188447
v -0.053351 0.043253 0.187149
v -0.067062 0.044433 0.185783
v -0.053495 0.045155 0.189468
v -0.065885 0.042586 0.183745
v -0.054586 0.043510 0.191851
v -0.035934 0.033440 0.226120
v -0.059717 0.044882 0.205154
v -0.059149 0.041209 0.220384
v -0.058627 0.032947 0.231134
v -0.058148 0.017988 0.236100
v -0.057961 0.005794 0.233817
v -0.058075 -0.002572 0.224709
v -0.060230 0.042800 0.187822
v -0.069260 0.044374 0.202562
v -0.076782 0.040271 0.215595
v -0.081666 0.031721 0.224877
v -0.083085 0.016661 0.229327
v -0.081000 0.004567 0.227559
v -0.075708 -0.003511 0.219920
v -0.076390 0.043698 0.195996
v -0.089956 0.039022 0.203462
v -0.098878 0.030089 0.209024
v -0.101716 0.014895 0.212168
v -0.098212 0.002936 0.211706
v -0.088882 -0.004759 0.207787
v -0.079195 0.043036 0.187214
v -0.095141 0.037799 0.187235
v -0.105652 0.028491 0.187824
v -0.109048 0.013165 0.189221
v -0.104986 0.001337 0.190506
v -0.094066 -0.005983 0.191560
v -0.076926 0.042564 0.178571
v -0.090946 0.036927 0.171264
v -0.100172 0.027352 0.166956
v -0.103116 0.011933 0.166634
v -0.099506 0.000199 0.169638
v -0.089872 -0.006854 0.175589
v -0.070188 0.042410 0.172381
v -0.078497 0.036642 0.159827
v -0.083907 0.026980 0.152013
v -0.085511 0.011529 0.150460
v -0.083241 -0.000174 0.154695
v -0.077423 -0.007139 0.164152
v -0.060789 0.042614 0.170304
v -0.061129 0.037019 0.155989
v -0.061214 0.027473 0.146998
v -0.060948 0.012063 0.145032
v -0.060548 0.000319 0.149681
v -0.060055 -0.006762 0.160314
v -0.051246 0.043122 0.172896
v -0.043496 0.037958 0.160778
v -0.038175 0.028699 0.153256
v -0.036011 0.013390 0.151805
v -0.037509 0.001546 0.155938
v -0.042422 -0.005823 0.165103
v -0.044116 0.043798 0.179462
v -0.030322 0.039207 0.172912
v -0.020963 0.030330 0.169108
v -0.017380 0.015156 0.168964
v -0.020297 0.003177 0.171791
v -0.029248 -0.004575 0.177236
v -0.041310 0.044460 0.188244
v -0.025138 0.040430 0.189138
v -0.014189 0.031929 0.190309
v -0.010049 0.016886 0.191911
v -0.013523 0.004776 0.192991
v -0.024063 -0.003351 0.193463
v -0.043580 0.044931 0.196887
v -0.029332 0.041302 0.205109
v -0.019669 0.033067 0.211176
v -0.015980 0.018119 0.214498
v -0.019003 0.005914 0.213859
v -0.028258 -0.002480 0.209434
v -0.050317 0.045086 0.203077
v -0.041781 0.041587 0.216546
v -0.033586 0.018522 0.230672
v -0.035268 0.006287 0.228802
v -0.040707 -0.002195 0.220871
v -0.010891 0.033157 -0.127744
v 0.025401 -0.045325 -0.122559
v 0.018374 0.052973 -0.142658
v 0.002804 0.044558 -0.150614
v -0.006914 0.031090 -0.155242
v -0.008902 0.010076 -0.155437
v -0.003705 -0.005584 -0.152021
v 0.007977 -0.014574 -0.145421
v 0.027049 -0.046182 -0.133949
v 0.037498 0.054238 -0.132511
v 0.025116 0.052799 -0.151359
v 0.015261 0.044236 -0.166693
v 0.009362 0.030669 -0.176250
v 0.008716 0.009620 -0.178175
v 0.012571 -0.006005 -0.173029
v 0.020434 -0.014896 -0.161500
v 0.033791 -0.046356 -0.142651
v 0.035146 0.053353 -0.155041
v 0.033794 0.045260 -0.173495
v 0.033576 0.032007 -0.185137
v 0.034925 0.011068 -0.187795
v 0.036785 -0.004667 -0.181916
v 0.038967 -0.013872 -0.168302
v 0.043821 -0.045802 -0.146332
v 0.045776 0.054487 -0.152715
v 0.053436 0.047356 -0.169199
v 0.059240 0.034745 -0.179524
v 0.062703 0.014032 -0.181719
v 0.062449 -0.001928 -0.176303
v 0.058609 -0.011776 -0.164006
v 0.054451 -0.044668 -0.144007
v 0.054158 0.055897 -0.145006
v 0.068924 0.049962 -0.154955
v 0.079477 0.038150 -0.160913
v 0.084607 0.017718 -0.161575
v 0.082685 0.001476 -0.157692
v 0.074097 -0.009170 -0.149761
v 0.062833 -0.043257 -0.136298
v 0.058046 0.057206 -0.133980
v 0.076109 0.052380 -0.134580
v 0.088864 0.041309 -0.134292
v 0.094767 0.021137 -0.132760
v 0.092072 0.004636 -0.131071
v 0.081282 -0.006752 -0.129387
v 0.066721 -0.041949 -0.125272
v 0.056399 0.058062 -0.122589
v 0.073064 0.053962 -0.113533
v 0.084886 0.043376 -0.106793
v 0.090462 0.023374 -0.102996
v 0.088095 0.006703 -0.103573
v 0.078238 -0.005170 -0.108340
v 0.065074 -0.041092 -0.113881
v 0.051902 -0.110392 -0.118053
v 0.049657 0.058237 -0.113888
v 0.060607 0.054284 -0.097455
v 0.068610 0.043797 -0.085786
v 0.072845 0.023830 -0.080258
v 0.071818 0.007124 -0.082565
v 0.065780 -0.004848 -0.092262
v 0.058332 -0.040918 -0.105180
v 0.039627 0.057682 -0.110206
v 0.042074 0.053260 -0.090653
v 0.044396 0.042459 -0.076898
v 0.046636 0.022382 -0.070638
v 0.047604 0.005786 -0.073677
v 0.047248 -0.005872 -0.085460
v 0.048302 -0.041472 -0.101498
v 0.028997 0.056548 -0.112532
v 0.022432 0.051164 -0.094949
v 0.018732 0.039721 -0.082512
v 0.018858 0.019418 -0.076714
v 0.021941 0.003047 -0.079291
v 0.027606 -0.007968 -0.089756
v 0.037672 -0.042606 -0.103824
v 0.020615 0.055138 -0.120241
v 0.006944 0.048558 -0.109193
v -0.001504 0.036316 -0.101123
v -0.003046 0.015733 -0.096858
v 0.001704 -0.000358 -0.097902
v 0.012117 -0.010574 -0.104000
v 0.029290 -0.044017 -0.111532
v 0.016726 0.053829 -0.131267
v -0.000241 0.046140 -0.129568
v -0.013207 0.012313 -0.125673
v -0.007683 -0.003517 -0.124523
v 0.004933 -0.012992 -0.124375
v 0.019736 0.058393 -0.131866
v 0.027820 0.054704 -0.127407
v 0.026120 0.060086 -0.118943
v 0.034350 0.055802 -0.121402
v 0.038885 0.061615 -0.114255
v 0.042680 0.056483 -0.121949
v 0.050552 0.062083 -0.120547
v 0.047931 0.056347 -0.128727
v 0.054287 0.061217 -0.134134
v 0.047028 0.055474 -0.137765
v 0.047902 0.059523 -0.147057
v 0.040498 0.054376 -0.143770
v 0.035138 0.057995 -0.151745
v 0.032168 0.053695 -0.143223
v 0.023471 0.057526 -0.145453
v 0.026917 0.053831 -0.136445
v 0.037686 0.052097 -0.132323
v 0.038087 0.057727 -0.124500
v 0.036438 0.056134 -0.140995
v 0.044864 0.057552 -0.133247
v 0.029661 0.056309 -0.132249
v 0.030131 0.053694 -0.135236
v 0.044807 0.055451 -0.129845
v 0.031305 0.055928 -0.138227
v 0.043221 0.057933 -0.127268
v 0.033799 0.053599 -0.139970
v 0.041140 0.055546 -0.125111
v 0.039616 0.054074 -0.140351
v 0.035322 0.055071 -0.124730
v 0.042055 0.056807 -0.138933
v 0.032471 0.057054 -0.126563
v 0.044176 0.054842 -0.136158
v 0.030762 0.054303 -0.128923
v -0.010891 0.033157 -0.127744
v 0.018374 0.052973 -0.142658
v 0.002804 0.044558 -0.150614
v -0.006914 0.031090 -0.155242
v -0.008902 0.010076 -0.155437
v -0.003705 -0.005584 -0.152021
v 0.007977 -0.014574 -0.145421
v 0.037498 0.054238 -0.132511
v 0.025116 0.052799 -0.151359
v 0.015261 0.044236 -0.166693
v 0.009362 0.030669 -0.176250
v 0.008716 0.009620 -0.178175
v 0.012571 -0.006005 -0.173029
v 0.020434 -0.014896 -0.161500
v 0.035146 0.053353 -0.155041
v 0.033794 0.045260 -0.173495
v 0.033576 0.032007 -0.185137
v 0.034925 0.011068 -0.187795
v 0.036785 -0.004667 -0.181916
v 0.038967 -0.013872 -0.168302
v 0.045776 0.054487 -0.152715
v 0.053436 0.047356 -0.169199
v 0.059240 0.034745 -0.179524
v 0.062703 0.014032 -0.181719
v 0.062449 -0.001928 -0.176303
v 0.058609 -0.011776 -0.164006
v 0.054158 0.055897 -0.145006
v 0.068924 0.049962 -0.154955
v 0.079477 0.038150 -0.160913
v 0.084607 0.017718 -0.161575
v 0.082685 0.001476 -0.157692
v 0.074097 -0.009170 -0.149761
v 0.058046 0.057206 -0.133980
v 0.076109 0.052380 -0.134580
v 0.088864 0.041309 -0.134292
v 0.094767 0.021137 -0.132760
v 0.092072 0.004636 -0.131071
v 0.081282 -0.006752 -0.129387
v 0.056399 0.058062 -0.122589
v 0.073064 0.053962 -0.113533
v 0.084886 0.043376 -0.106793
v 0.090462 0.023374 -0.102996
v 0.088095 0.006703 -0.103573
v 0.078238 -0.005170 -0.108340
v 0.049657 0.058237 -0.113888
v 0.060607 0.054284 -0.097455
v 0.068610 0.043797 -0.085786
v 0.072845 0.023830 -0.080258
v 0.071818 0.007124 -0.082565
v 0.065780 -0.004848 -0.092262
v 0.039627 0.057682 -0.110206
v 0.042074 0.053260 -0.090653
v 0.044396 0.042459 -0.076898
v 0.046636 0.022382 -0.070638
v 0.047604 0.005786 -0.073677
v 0.047248 -0.005872 -0.085460
v 0.028997 0.056548 -0.112532
v 0.022432 0.051164 -0.094949
v 0.018732 0.039721 -0.082512
v 0.018858 0.019418 -0.076714
v 0.021941 0.003047 -0.079291
v 0.027606 -0.007968 -0.089756
v 0.020615 0.055138 -0.120241
v 0.006944 0.048558 -0.109193
v -0.001504 0.036316 -0.101123
v -0.003046 0.015733 -0.096858
v 0.001704 -0.000358 -0.097902
v 0.012117 -0.010574 -0.104000
v 0.016726 0.053829 -0.131267
v -0.000241 0.046140 -0.129568
v -0.013207 0.012313 -0.125673
v -0.007683 -0.003517 -0.124523
v 0.004933 -0.012992 -0.124375
v 0.100794 0.023331 -0.132665
v 0.083439 -0.063045 -0.088901
v 0.120336 0.044630 -0.122255
v 0.119401 0.034297 -0.130621
v 0.116367 0.018722 -0.133604
v 0.110301 -0.004745 -0.129237
v 0.105105 -0.021809 -0.121411
v 0.101243 -0.031055 -0.110963
v 0.089889 -0.064955 -0.089290
v 0.118780 0.047245 -0.109506
v 0.126475 0.043800 -0.119341
v 0.130743 0.032765 -0.125239
v 0.131187 0.016720 -0.126571
v 0.126342 -0.006912 -0.121625
v 0.119925 -0.023811 -0.114379
v 0.112586 -0.032587 -0.105580
v 0.096028 -0.065784 -0.086377
v 0.130657 0.044273 -0.113907
v 0.138471 0.033638 -0.115197
v 0.141283 0.017862 -0.113450
v 0.137270 -0.005676 -0.107423
v 0.130022 -0.022669 -0.101258
v 0.120314 -0.031713 -0.095538
v 0.100210 -0.065311 -0.080943
v 0.131762 0.045921 -0.107407
v 0.140513 0.036684 -0.103187
v 0.143951 0.021841 -0.097758
v 0.140158 -0.001369 -0.090438
v 0.132690 -0.018690 -0.085566
v 0.122355 -0.028668 -0.083528
v 0.101315 -0.063663 -0.074443
v 0.129494 0.048303 -0.101583
v 0.136322 0.041085 -0.092426
v 0.138475 0.027591 -0.083699
v 0.134230 0.004855 -0.075221
v 0.127214 -0.012940 -0.071507
v 0.118164 -0.024266 -0.072768
v 0.099047 -0.061281 -0.068619
v 0.124460 0.050781 -0.097997
v 0.127021 0.045663 -0.085799
v 0.126322 0.033573 -0.075040
v 0.121077 0.011329 -0.065848
v 0.115061 -0.006958 -0.062848
v 0.108863 -0.019689 -0.066140
v 0.094013 -0.058803 -0.065032
v 0.118010 0.052690 -0.097608
v 0.115102 0.049191 -0.085080
v 0.110750 0.038182 -0.074101
v 0.104221 0.016318 -0.064832
v 0.099489 -0.002349 -0.061909
v 0.096944 -0.016161 -0.065422
v 0.087562 -0.056894 -0.064644
v 0.068227 -0.134701 -0.054774
v 0.111871 0.053519 -0.100521
v 0.103759 0.050723 -0.090463
v 0.095930 0.040184 -0.081134
v 0.088180 0.018485 -0.072444
v 0.084669 -0.000347 -0.068942
v 0.085602 -0.014629 -0.070804
v 0.081424 -0.056065 -0.067557
v 0.107689 0.053046 -0.105956
v 0.096032 0.049849 -0.100505
v 0.085833 0.039042 -0.094254
v 0.077252 0.017250 -0.086646
v 0.074572 -0.001489 -0.082062
v 0.077874 -0.015502 -0.080846
v 0.077242 -0.056538 -0.072991
v 0.106584 0.051398 -0.112455
v 0.093990 0.046804 -0.112515
v 0.083166 0.035063 -0.109946
v 0.074364 0.012943 -0.103631
v 0.071904 -0.005468 -0.097754
v 0.075832 -0.018548 -0.092856
v 0.076137 -0.058186 -0.079491
v 0.108852 0.049016 -0.118279
v 0.098181 0.042402 -0.123275
v 0.088642 0.029312 -0.124006
v 0.080291 0.006718 -0.118848
v 0.077380 -0.011219 -0.111813
v 0.080024 -0.022949 -0.103617
v 0.078405 -0.060568 -0.085315
v 0.113886 0.046539 -0.121866
v 0.107482 0.037825 -0.129903
v 0.093445 0.000244 -0.128221
v 0.089533 -0.017200 -0.120473
v 0.089325 -0.027527 -0.110244
v 0.116068 0.051624 -0.121336
v 0.114153 0.048038 -0.114796
v 0.110573 0.054737 -0.116062
v 0.112386 0.049893 -0.110260
v 0.110886 0.057066 -0.108032
v 0.114518 0.050749 -0.105448
v 0.116825 0.057246 -0.101949
v 0.119299 0.050103 -0.103179
v 0.124910 0.055171 -0.101377
v 0.123930 0.048334 -0.104782
v 0.130406 0.052058 -0.106651
v 0.125696 0.046478 -0.109318
v 0.130092 0.049730 -0.114681
v 0.123565 0.045623 -0.114130
v 0.124153 0.049550 -0.120764
v 0.118783 0.046269 -0.116399
v 0.118122 0.044879 -0.108794
v 0.115381 0.051835 -0.108938
v 0.123832 0.048607 -0.111864
v 0.121552 0.051002 -0.106010
v 0.117661 0.049441 -0.114792
v 0.118702 0.046277 -0.114234
v 0.119063 0.048954 -0.105000
v 0.121219 0.048528 -0.114540
v 0.117994 0.051914 -0.106262
v 0.122042 0.045825 -0.112649
v 0.115723 0.049405 -0.106585
v 0.123531 0.046423 -0.109288
v 0.114235 0.048808 -0.109946
v 0.123970 0.049632 -0.108330
v 0.115243 0.050811 -0.112472
v 0.122297 0.047719 -0.106120
v 0.115469 0.047512 -0.113114
v 0.100794 0.023331 -0.132665
v 0.120336 0.044630 -0.122255
v 0.119401 0.034297 -0.130621
v 0.116367 0.018722 -0.133604
v 0.110301 -0.004745 -0.129237
v 0.105105 -0.021809 -0.121411
v 0.101243 -0.031055 -0.110963
v 0.118780 0.047245 -0.109506
v 0.126475 0.043800 -0.119341
v 0.130743 0.032765 -0.125239
v 0.131187 0.016720 -0.126571
v 0.126342 -0.006912 -0.121625
v 0.119925 -0.023811 -0.114379
v 0.112586 -0.032587 -0.105580
v 0.130657 0.044273 -0.113907
v 0.138471 0.033638 -0.115197
v 0.141283 0.017862 -0.113450
v 0.137270 -0.005676 -0.107423
v 0.130022 -0.022669 -0.101258
v 0.120314 -0.031713 -0.095538
v 0.131762 0.045921 -0.107407
v 0.140513 0.036684 -0.103187
v 0.143951 0.021841 -0.097758
v 0.140158 -0.001369 -0.090438
v 0.132690 -0.018690 -0.085566
v 0.122355 -0.028668 -0.083528
v 0.129494 0.048303 -0.101583
v 0.136322 0.041085 -0.092426
v 0.138475 0.027591 -0.083699
v 0.134230 0.004855 -0.075221
v 0.127214 -0.012940 -0.071507
v 0.118164 -0.024266 -0.072768
v 0.124460 0.050781 -0.097997
v 0.127021 0.045663 -0.085799
v 0.126322 0.033573 -0.075040
v 0.121077 0.011329 -0.065848
v 0.115061 -0.006958 -0.062848
v 0.108863 -0.019689 -0.066140
v 0.118010 0.052690 -0.097608
v 0.115102 0.049191 -0.085080
v 0.110750 0.038182 -0.074101
v 0.104221 0.016318 -0.064832
v 0.099489 -0.002349 -0.061909
v 0.096944 -0.016161 -0.065422
v 0.111871 0.053519 -0.100521
v 0.103759 0.050723 -0.090463
v 0.095930 0.040184 -0.081134
v 0.088180 0.018485 -0.072444
v 0.084669 -0.000347 -0.068942
v 0.085602 -0.014629 -0.070804
v 0.107689 0.053046 -0.105956
v 0.096032 0.049849 -0.100505
v 0.085833 0.039042 -0.094254
v 0.077252 0.017250 -0.086646
v 0.074572 -0.001489 -0.082062
v 0.077874 -0.015502 -0.080846
v 0.106584 0.051398 -0.112455
v 0.093990 0.046804 -0.112515
v 0.083166 0.035063 -0.109946
v 0.074364 0.012943 -0.103631
v 0.071904 -0.005468 -0.097754
v 0.075832 -0.018548 -0.092856
v 0.108852 0.049016 -0.118279
v 0.098181 0.042402 -0.123275
v 0.088642 0.029312 -0.124006
v 0.080291 0.006718 -0.118848
v 0.077380 -0.011219 -0.111813
v 0.080024 -0.022949 -0.103617
v 0.113886 0.046539 -0.121866
v 0.107482 0.037825 -0.129903
v 0.093445 0.000244 -0.128221
v 0.089533 -0.017200 -0.120473
v 0.089325 -0.027527 -0.110244
vn 0.0969 0.9941 0.0487
vn 0.1490 0.9627 0.2260
vn 0.1848 0.9817 0.0469
vn -0.1409 -0.9304 -0.3385
vn -0.2912 -0.0349 -0.9560
vn 0.1757 -0.1150 -0.9777
vn -0.2954 -0.3550 -0.8870
vn -0.2949 -0.2207 -0.9297
vn 0.1340 -0.2957 -0.9458
vn 0.0929 -0.4304 -0.8978
vn -0.2570 0.2393 -0.9363
vn -0.1682 0.6392 -0.7504
vn 0.2759 0.5844 -0.7631
vn 0.2325 0.1670 -0.9581
vn -0.0350 0.9256 -0.3770
vn 0.2539 0.8904 -0.3778
vn 0.6913 0.4794 -0.5406
vn 0.6942 0.0370 -0.7188
vn 0.2689 0.9586 0.0934
vn 0.5200 0.8237 -0.2262
vn 0.4505 -0.5527 -0.7011
vn 0.6094 -0.2686 -0.7460
vn 0.5334 -0.4213 -0.7335
vn 0.6605 -0.6741 -0.3308
vn 0.8471 -0.4380 -0.3009
vn 0.9608 -0.1157 -0.2518
vn 0.7658 -0.5549 -0.3249
vn 0.6759 0.7355 0.0470
vn 0.9317 0.3428 -0.1202
vn 0.3189 0.9303 0.1810
vn 0.6690 0.6547 0.3520
vn 0.9098 0.2227 0.3502
vn 0.3161 0.9071 0.2779
vn 0.8079 -0.5595 0.1852
vn 0.7482 -0.6492 0.1367
vn 0.6519 -0.7530 0.0892
vn 0.9328 -0.2351 0.2730
vn 0.5541 -0.6163 0.5596
vn 0.5188 -0.6886 0.5067
vn 0.4495 -0.7835 0.4290
vn 0.6691 0.1589 0.7259
vn 0.6642 -0.2910 0.6886
vn 0.2695 0.8957 0.3536
vn 0.5185 0.6096 0.5996
vn 0.1960 0.8972 0.3958
vn 0.2740 0.6140 0.7402
vn 0.1195 -0.7763 0.6189
vn 0.1741 -0.6181 0.7665
vn 0.2502 -0.2827 0.9260
vn 0.1546 -0.6808 0.7160
vn 0.2935 0.1659 0.9414
vn -0.2727 -0.7334 0.6227
vn -0.2702 -0.5667 0.7784
vn -0.2395 -0.2120 0.9475
vn -0.2769 -0.6281 0.7272
vn -0.0128 0.6670 0.7449
vn -0.1480 0.2423 0.9588
vn 0.1082 0.9111 0.3978
vn 0.0243 0.9359 0.3515
vn -0.6913 -0.4546 0.5617
vn -0.6800 -0.5266 0.5101
vn -0.6359 -0.6484 0.4185
vn -0.5599 0.3709 0.7409
vn -0.7014 -0.0838 0.7078
vn -0.2760 0.7532 0.5971
vn -0.9134 -0.3941 0.1018
vn -0.8473 -0.5289 0.0485
vn -0.7993 0.5085 0.3203
vn -0.9681 0.0689 0.2408
vn -0.0255 0.9642 0.2638
vn -0.4311 0.8423 0.3237
vn -0.9449 -0.2944 0.1431
vn -0.8344 -0.4140 -0.3638
vn -0.9312 -0.1387 -0.3371
vn -0.9399 0.1900 -0.2836
vn -0.8930 -0.2767 -0.3548
vn -0.4264 0.9044 0.0148
vn -0.7801 0.6062 -0.1549
vn -0.0227 0.9858 0.1667
vn -0.6710 0.2476 -0.6989
vn -0.6599 -0.2139 -0.7202
vn -0.2788 0.9308 -0.2365
vn -0.5430 0.6471 -0.5351
vn 0.0236 0.9956 0.0908
vn -0.6844 -0.0441 -0.7278
vn -0.6266 -0.3492 -0.6968
vn -0.0067 -0.6420 -0.7666
vn 0.4680 -0.8537 0.2283
vn 0.4529 -0.8910 -0.0320
vn -0.4122 -0.7884 0.4566
vn -0.7038 -0.5007 -0.5040
vn -0.7067 -0.6699 -0.2275
vn 0.5619 -0.7694 -0.3037
vn 0.2019 -0.9208 0.3337
vn -0.3122 -0.4771 -0.8216
vn -0.6781 -0.4924 -0.5456
vn -0.1303 -0.8979 0.4206
vn -0.2663 -0.4824 -0.8345
vn 0.3713 -0.7819 -0.5007
vn 0.2438 -0.6063 -0.7569
vn -0.4575 -0.7778 0.4309
vn -0.7659 -0.6424 0.0273
vn -0.6128 -0.7787 0.1342
vn -0.5482 -0.8071 0.2192
vn 0.3074 -0.7504 -0.5852
vn 0.5488 -0.7565 -0.3556
vn -0.1045 -0.6190 -0.7784
vn 0.0590 -0.8529 0.5187
vn -0.5123 -0.5840 -0.6297
vn -0.4355 -0.5806 -0.6879
vn 0.1051 -0.8559 0.5063
vn 0.4667 -0.8741 -0.1350
vn -0.7787 -0.6269 -0.0240
vn -0.6917 -0.6431 -0.3285
vn -0.2293 -0.8843 0.4068
vn 0.4930 -0.8500 0.1858
vn 0.2782 -0.9203 0.2750
vn 0.1992 -0.5910 -0.7817
vn -0.1691 0.9551 0.2433
vn -0.1017 0.9922 0.0719
vn -0.2377 0.9519 0.1935
vn 0.2046 -0.9709 -0.1245
vn -0.3022 -0.4788 0.8243
vn -0.6483 -0.5096 0.5656
vn -0.2366 -0.6656 0.7078
vn -0.2747 -0.5551 0.7851
vn -0.6158 -0.5755 0.5381
vn -0.5451 -0.6857 0.4824
vn -0.3616 -0.1250 0.9239
vn -0.3731 0.3206 0.8706
vn -0.7246 0.3061 0.6174
vn -0.7500 -0.1449 0.6453
vn -0.3010 0.7305 0.6131
vn -0.5287 0.7218 0.4467
vn -0.9218 0.3282 0.2061
vn -0.9721 -0.1362 0.1912
vn -0.2758 0.9548 0.1106
vn -0.6497 0.7395 0.1762
vn -0.7091 -0.6958 0.1142
vn -0.8438 -0.5144 0.1528
vn -0.8038 -0.5792 0.1358
vn -0.6650 -0.6766 -0.3163
vn -0.8110 -0.4753 -0.3410
vn -0.9314 -0.0943 -0.3516
vn -0.7622 -0.5513 -0.3392
vn -0.6180 0.7737 -0.1395
vn -0.8824 0.3769 -0.2815
vn -0.2663 0.9638 0.0101
vn -0.4283 0.8091 -0.4023
vn -0.5876 0.4323 -0.6840
vn -0.2054 0.9759 -0.0739
vn -0.5231 -0.3878 -0.7590
vn -0.4764 -0.4909 -0.7294
vn -0.4079 -0.6194 -0.6708
vn -0.6027 -0.0290 -0.7975
vn -0.0805 -0.2837 -0.9555
vn -0.0543 -0.4218 -0.9051
vn -0.0288 -0.5484 -0.8357
vn -0.1497 0.4767 -0.8663
vn -0.1163 0.0353 -0.9926
vn -0.1170 0.9868 -0.1123
vn -0.1471 0.8361 -0.5285
vn -0.0305 0.9943 -0.1023
vn 0.1389 0.8553 -0.4991
vn 0.3553 -0.4983 -0.7909
vn 0.3732 -0.2059 -0.9046
vn 0.3661 0.0804 -0.9271
vn 0.3693 -0.3727 -0.8513
vn 0.2887 0.5079 -0.8116
vn 0.6643 -0.4875 -0.5666
vn 0.7452 -0.1773 -0.6429
vn 0.7546 0.0999 -0.6485
vn 0.7107 -0.3588 -0.6051
vn 0.3664 0.8692 -0.3321
vn 0.6399 0.5287 -0.5577
vn 0.0381 0.9979 -0.0524
vn 0.0760 0.9966 0.0308
vn 0.9566 -0.2045 -0.2078
vn 0.9014 -0.3812 -0.2051
vn 0.8324 -0.5161 -0.2018
vn 0.8344 0.5320 -0.1441
vn 0.9768 0.0893 -0.1945
vn 0.4852 0.8724 -0.0597
vn 0.8625 -0.4292 0.2683
vn 0.7922 -0.5668 0.2261
vn 0.7925 0.5028 0.3451
vn 0.9363 0.0459 0.3481
vn 0.0663 0.9891 0.1315
vn 0.4514 0.8544 0.2574
vn 0.9098 -0.2769 0.3091
vn 0.5345 -0.6129 0.5819
vn 0.5903 -0.3613 0.7218
vn 0.6076 -0.0190 0.7940
vn 0.5763 -0.4828 0.6594
vn 0.2620 0.8134 0.5194
vn 0.4980 0.4408 0.7468
vn 0.0053 0.9765 0.2153
vn 0.1210 -0.0813 0.9893
vn 0.1514 -0.5252 0.8374
vn -0.0169 0.7651 0.6437
vn 0.0628 0.3705 0.9267
vn -0.0828 0.9638 0.2534
vn 0.1362 -0.4299 0.8925
vn 0.1511 -0.6433 0.7505
vn -0.3685 -0.8534 0.3686
vn -0.1560 -0.6831 -0.7135
vn -0.2940 -0.8066 -0.5128
vn 0.6896 -0.6099 -0.3905
vn 0.3490 -0.7277 0.5904
vn 0.5330 -0.7845 0.3170
vn -0.5575 -0.7677 -0.3159
vn 0.1384 -0.7293 -0.6701
vn -0.1718 -0.7600 0.6267
vn 0.3012 -0.7315 0.6118
vn 0.4571 -0.7008 -0.5476
vn -0.2162 -0.7627 0.6096
vn -0.5089 -0.8579 -0.0701
vn -0.5678 -0.7862 0.2439
vn 0.7103 -0.6136 -0.3450
vn 0.7248 -0.6702 0.1597
vn 0.6721 -0.7390 -0.0457
vn 0.6697 -0.7269 -0.1518
vn -0.5077 -0.8608 0.0368
vn -0.5772 -0.7726 -0.2644
vn -0.2990 -0.8487 0.4362
vn 0.3563 -0.6099 -0.7079
vn 0.1207 -0.8235 0.5543
vn 0.0212 -0.8295 0.5581
vn 0.3122 -0.6138 -0.7251
vn -0.3682 -0.8226 -0.4334
vn 0.7053 -0.6767 0.2112
vn 0.4584 -0.7951 0.3970
vn 0.5270 -0.7010 -0.4806
vn -0.2032 -0.6921 -0.6926
vn 0.0400 -0.7440 -0.6670
vn -0.5477 -0.7849 0.2900
vn -0.2284 0.8830 0.4101
vn -0.3718 0.8777 0.3023
vn -0.4378 0.8893 0.1320
vn -0.4123 0.9096 -0.0519
vn -0.3052 0.9301 -0.2044
vn -0.1407 0.9471 -0.2885
vn 0.0397 0.9601 -0.2769
vn 0.1830 0.9685 -0.1688
vn 0.0041 1.0000 0.0065
vn 0.2344 0.9671 -0.0992
vn -0.1597 0.9859 0.0498
vn -0.0672 0.9799 0.1880
vn 0.0357 0.9140 0.4042
vn -0.0492 0.9051 0.4224
vn 0.0567 0.9645 -0.2579
vn 0.0159 0.9960 -0.0874
vn 0.1475 0.9674 -0.2060
vn 0.1667 -0.9833 0.0735
vn 0.2233 -0.4144 -0.8823
vn 0.7012 -0.3161 -0.6391
vn 0.1682 -0.6771 -0.7164
vn 0.2011 -0.5672 -0.7986
vn 0.6221 -0.5551 -0.5521
vn 0.5780 -0.6350 -0.5125
vn 0.2415 -0.1103 -0.9641
vn 0.2240 0.3637 -0.9042
vn 0.6596 0.3718 -0.6532
vn 0.7238 -0.1003 -0.6827
vn 0.1497 0.7668 -0.6242
vn 0.4333 0.7733 -0.4629
vn 0.8918 0.3882 -0.2322
vn 0.9744 -0.0680 -0.2141
vn 0.1963 0.9731 -0.1210
vn 0.5916 0.7827 -0.1934
vn 0.8120 -0.5683 -0.1328
vn 0.9559 -0.2224 -0.1918
vn 0.8452 -0.5140 -0.1463
vn 0.8067 -0.5183 0.2838
vn 0.9420 -0.1757 0.2860
vn 0.9607 -0.0267 0.2762
vn 0.8378 -0.4674 0.2823
vn 0.5936 0.7989 0.0974
vn 0.8843 0.4150 0.2141
vn 0.1959 0.9801 -0.0328
vn 0.4519 0.8241 0.3416
vn 0.6684 0.4534 0.5896
vn 0.1535 0.9873 0.0406
vn 0.7034 -0.1886 0.6853
vn 0.6297 -0.4338 0.6444
vn 0.5921 -0.5081 0.6255
vn 0.7243 0.0136 0.6893
vn 0.2845 -0.2552 0.9241
vn 0.2551 -0.4180 0.8719
vn 0.2246 -0.5346 0.8147
vn 0.2800 0.4951 0.8225
vn 0.2993 0.0462 0.9530
vn 0.0754 0.9934 0.0861
vn 0.1950 0.8519 0.4861
vn -0.0252 0.9960 0.0863
vn -0.1225 0.8671 0.4828
vn -0.2031 -0.5752 0.7924
vn -0.2202 -0.3491 0.9109
vn -0.2423 0.0617 0.9682
vn -0.2182 -0.4165 0.8826
vn -0.2087 0.5189 0.8290
vn -0.5606 -0.6064 0.5639
vn -0.6386 -0.4294 0.6386
vn -0.7248 0.0520 0.6870
vn -0.6413 -0.4245 0.6391
vn -0.4042 0.8573 0.3188
vn -0.6422 0.5068 0.5751
vn -0.1155 0.9927 0.0337
vn -0.1634 0.9852 -0.0510
vn -0.8493 -0.4763 0.2276
vn -0.8679 -0.4399 0.2307
vn -0.7507 -0.6249 0.2145
vn -0.8712 0.4653 0.1566
vn -0.9756 0.0216 0.2183
vn -0.5595 0.8272 0.0516
vn -0.8615 -0.4654 -0.2031
vn -0.7520 -0.6409 -0.1542
vn -0.8626 0.4181 -0.2847
vn -0.9620 -0.0182 -0.2724
vn -0.1627 0.9769 -0.1384
vn -0.5604 0.7943 -0.2348
vn -0.8453 -0.4965 -0.1974
vn -0.5825 -0.6607 -0.4735
vn -0.6533 -0.4977 -0.5705
vn -0.7255 -0.0588 -0.6857
vn -0.6515 -0.5028 -0.5681
vn -0.4204 0.7721 -0.4766
vn -0.6486 0.3834 -0.6575
vn -0.1207 0.9700 -0.2112
vn -0.3002 -0.0932 -0.9493
vn -0.2735 -0.5438 -0.7934
vn -0.1664 0.7644 -0.6229
vn -0.2633 0.3662 -0.8925
vn -0.0434 0.9655 -0.2568
vn -0.2829 -0.4754 -0.8330
vn -0.2604 -0.6793 -0.6861
vn 0.3953 -0.8495 -0.3495
vn 0.3501 -0.6577 0.6670
vn 0.4557 -0.7548 0.4719
vn -0.6204 -0.6725 0.4036
vn -0.4201 -0.7390 -0.5267
vn -0.5464 -0.7948 -0.2642
vn 0.6705 -0.6864 0.2816
vn 0.0418 -0.7510 0.6590
vn 0.1251 -0.7835 -0.6086
vn -0.3767 -0.7445 -0.5512
vn -0.3343 -0.7589 0.5588
vn 0.1784 -0.7846 -0.5939
vn 0.6004 -0.7968 0.0678
vn 0.6189 -0.7511 -0.2301
vn -0.6472 -0.6732 0.3578
vn -0.7144 -0.6898 -0.1173
vn -0.6330 -0.7710 0.0699
vn -0.6181 -0.7675 0.1698
vn 0.5863 -0.8095 -0.0302
vn 0.6827 -0.6915 0.2361
vn 0.3081 -0.8555 -0.4162
vn -0.2009 -0.6648 0.7195
vn -0.1732 -0.8418 -0.5112
vn -0.0676 -0.8499 -0.5226
vn -0.1476 -0.6637 0.7333
vn 0.5143 -0.7606 0.3962
vn -0.7021 -0.6930 -0.1636
vn -0.4868 -0.8045 -0.3404
vn -0.4226 -0.7607 0.4927
vn 0.3928 -0.6583 0.6421
vn 0.1465 -0.7494 0.6457
vn 0.5927 -0.7569 -0.2754
vn 0.1442 -0.7984 -0.5847
vn 0.4788 -0.7865 -0.3901
vn 0.6609 -0.7467 -0.0752
vn 0.6607 -0.7051 0.2574
vn 0.4990 -0.6800 0.5372
vn 0.2035 -0.6748 0.7094
vn -0.1700 -0.6814 0.7119
vn -0.5066 -0.6877 0.5200
vn -0.6919 -0.6933 0.2015
vn -0.6926 -0.7083 -0.1365
vn -0.5292 -0.7381 -0.4186
vn -0.2307 -0.7753 -0.5880
vn 0.2667 0.9557 0.1246
vn 0.0936 0.9797 0.1772
vn 0.2721 0.9388 0.2114
vn -0.2586 -0.9320 -0.2539
vn 0.8098 -0.4703 -0.3509
vn 0.8056 -0.5879 0.0737
vn 0.6890 -0.6468 -0.3271
vn 0.7964 -0.4967 -0.3449
vn 0.8219 -0.5628 0.0875
vn 0.6899 -0.7226 0.0423
vn 0.9524 -0.0490 -0.3008
vn 0.8983 0.3961 -0.1901
vn 0.9193 0.3062 0.2473
vn 0.9729 -0.1347 0.1878
vn 0.6337 0.7732 -0.0258
vn 0.6539 0.7115 0.2571
vn 0.7321 0.2547 0.6318
vn 0.7654 -0.1920 0.6143
vn 0.2355 0.9287 0.2865
vn 0.5323 0.6780 0.5069
vn 0.5244 -0.7745 0.3538
vn 0.6189 -0.6525 0.4372
vn 0.6382 -0.6137 0.4649
vn 0.2224 -0.7959 0.5630
vn 0.2763 -0.6591 0.6994
vn 0.3641 -0.2114 0.9071
vn 0.2795 -0.6396 0.7161
vn 0.2935 0.6795 0.6724
vn 0.3699 0.2505 0.8947
vn 0.1629 0.9271 0.3376
vn -0.0167 0.7121 0.7019
vn -0.1084 0.2930 0.9500
vn 0.0649 0.9354 0.3475
vn -0.1921 -0.5824 0.7899
vn -0.1897 -0.6200 0.7613
vn -0.1740 -0.7677 0.6168
vn -0.1692 -0.1797 0.9691
vn -0.6656 -0.4073 0.6254
vn -0.6265 -0.5466 0.5556
vn -0.5696 -0.6724 0.4727
vn -0.5603 0.3674 0.7423
vn -0.6703 -0.0982 0.7356
vn -0.0291 0.9521 0.3045
vn -0.3101 0.7623 0.5680
vn -0.0844 0.9709 0.2242
vn -0.4892 0.8138 0.3137
vn -0.8349 -0.5285 0.1539
vn -0.9529 -0.1894 0.2369
vn -0.9563 0.0031 0.2924
vn -0.8782 -0.4457 0.1732
vn -0.8255 0.4475 0.3440
vn -0.8856 -0.3941 -0.2458
vn -0.9745 -0.0197 -0.2234
vn -0.9765 0.0904 -0.1957
vn -0.8994 -0.3576 -0.2514
vn -0.5132 0.8579 0.0244
vn -0.8506 0.5160 -0.1010
vn -0.0904 0.9865 0.1362
vn -0.0534 0.9967 0.0604
vn -0.7691 0.0571 -0.6366
vn -0.7176 -0.3075 -0.6249
vn -0.7159 -0.3223 -0.6194
vn -0.6616 0.5683 -0.4892
vn -0.7691 0.1477 -0.6219
vn -0.3899 0.8920 -0.2286
vn -0.3654 -0.3045 -0.8797
vn -0.3593 -0.3365 -0.8704
vn -0.2932 0.5946 -0.7487
vn -0.3682 0.1653 -0.9149
vn 0.0203 0.9998 0.0094
vn -0.1456 0.9087 -0.3912
vn -0.3779 0.0269 -0.9255
vn 0.0959 -0.4270 -0.8991
vn 0.1298 -0.1080 -0.9856
vn 0.1647 0.1320 -0.9775
vn 0.0990 -0.3467 -0.9327
vn 0.1689 0.8944 -0.4142
vn 0.1898 0.5743 -0.7963
vn 0.1191 0.9929 0.0006
vn 0.6660 0.0505 -0.7443
vn 0.5379 -0.4193 -0.7313
vn 0.4604 0.8435 -0.2768
vn 0.6397 0.4991 -0.5846
vn 0.2126 0.9761 0.0445
vn 0.5802 -0.2989 -0.7577
vn 0.4865 -0.5450 -0.6828
vn 0.5418 -0.8394 -0.0422
vn -0.3909 -0.7915 0.4699
vn -0.1421 -0.8889 0.4355
vn -0.7168 -0.5716 -0.3992
vn 0.2046 -0.6274 -0.7513
vn -0.1167 -0.6807 -0.7232
vn 0.1748 -0.8331 0.5248
vn -0.5632 -0.8035 0.1927
vn 0.6032 -0.7147 -0.3540
vn 0.2546 -0.6358 -0.7286
vn -0.6843 -0.7158 -0.1389
vn 0.6206 -0.7220 -0.3060
vn 0.3172 -0.8893 0.3295
vn 0.5773 -0.7913 0.2014
vn -0.6964 -0.5660 -0.4413
vn -0.3528 -0.5578 -0.7513
vn -0.4589 -0.6538 -0.6016
vn -0.5315 -0.6553 -0.5367
vn 0.3919 -0.8809 0.2653
vn 0.2238 -0.8317 0.5082
vn 0.5460 -0.8260 -0.1400
vn -0.7445 -0.6655 0.0527
vn 0.3427 -0.7552 -0.5588
vn 0.4164 -0.7718 -0.4805
vn -0.7284 -0.6779 0.0994
vn -0.0337 -0.8960 0.4427
vn -0.3052 -0.5615 -0.7691
vn -0.0096 -0.6949 -0.7190
vn -0.6790 -0.6959 -0.2339
vn -0.3413 -0.8000 0.4934
vn -0.4919 -0.8277 0.2702
vn 0.5981 -0.7855 0.1586
vn 0.5968 -0.7348 -0.3225
vn 0.6234 -0.7817 0.0149
vn 0.4811 -0.8211 0.3071
vn 0.1974 -0.8451 0.4968
vn -0.1740 -0.8338 0.5240
vn -0.5203 -0.7740 0.3608
vn -0.7237 -0.6870 0.0650
vn -0.7456 -0.6119 -0.2638
vn -0.6050 -0.5733 -0.5526
vn -0.3280 -0.5782 -0.7470
vn 0.0376 -0.6205 -0.7833
vn 0.3860 -0.6794 -0.6241
vn -0.1817 0.9284 -0.3242
vn -0.1804 0.9785 -0.1001
vn -0.0771 0.9513 -0.2984
vn 0.2216 -0.9352 0.2761
vn 0.1110 -0.7075 -0.6979
vn 0.4829 -0.6041 -0.6339
vn 0.1090 -0.7579 -0.6431
vn 0.0569 -0.4651 -0.8834
vn 0.4973 -0.3948 -0.7725
vn 0.4452 -0.6876 -0.5736
vn -0.0122 -0.0977 -0.9951
vn -0.0764 0.2638 -0.9616
vn 0.3649 0.3615 -0.8580
vn 0.4665 -0.0089 -0.8845
vn -0.1427 0.6532 -0.7436
vn 0.1697 0.7297 -0.6623
vn 0.7227 0.4636 -0.5127
vn 0.8550 0.0854 -0.5116
vn 0.0101 0.9771 -0.2124
vn 0.4194 0.8092 -0.4116
vn 0.7359 -0.5950 -0.3231
vn 0.8184 -0.4443 -0.3644
vn 0.8472 -0.3185 -0.4252
vn 0.8726 -0.4831 0.0723
vn 0.9649 -0.2468 0.0899
vn 0.9880 0.1508 0.0340
vn 0.9645 -0.2547 0.0702
vn 0.5136 0.8566 -0.0496
vn 0.8511 0.5250 -0.0059
vn 0.0425 0.9954 -0.0858
vn 0.4205 0.8571 0.2976
vn 0.7073 0.5249 0.4735
vn 0.0086 0.9994 0.0322
vn 0.8261 -0.0989 0.5548
vn 0.8166 -0.2275 0.5304
vn 0.7796 -0.3861 0.4930
vn 0.8242 0.1634 0.5422
vn 0.4924 -0.0676 0.8677
vn 0.4939 -0.2464 0.8339
vn 0.4850 -0.3682 0.7932
vn 0.3772 0.4822 0.7907
vn 0.4685 0.1293 0.8740
vn -0.0691 0.9917 0.1083
vn 0.1884 0.8253 0.5323
vn -0.1687 0.9764 0.1350
vn -0.1195 0.7802 0.6140
vn 0.0985 -0.4567 0.8841
vn 0.0759 -0.1574 0.9846
vn 0.0186 0.0625 0.9979
vn 0.0844 -0.3097 0.9471
vn -0.0484 0.4205 0.9060
vn -0.2635 -0.6093 0.7479
vn -0.3452 -0.3515 0.8702
vn -0.4595 -0.0279 0.8877
vn -0.3472 -0.4068 0.8450
vn -0.4408 0.7291 0.5236
vn -0.4981 0.3481 0.7942
vn -0.2751 0.9555 0.1067
vn -0.3616 0.9321 0.0181
vn -0.6357 -0.5809 0.5084
vn -0.6965 -0.5080 0.5068
vn -0.5040 -0.7489 0.4303
vn -0.8564 0.2697 0.4403
vn -0.8480 -0.1238 0.5154
vn -0.6909 0.6733 0.2633
vn -0.8226 -0.5685 0.0109
vn -0.5630 -0.8257 0.0342
vn -0.9765 0.2052 -0.0661
vn -0.9815 -0.1890 -0.0302
vn -0.3913 0.9139 -0.1084
vn -0.7761 0.6229 -0.0982
vn -0.6765 -0.7354 0.0386
vn -0.4430 -0.8382 -0.3181
vn -0.5086 -0.7856 -0.3523
vn -0.8182 -0.1998 -0.5391
vn -0.6832 -0.5680 -0.4589
vn -0.6746 0.5961 -0.4354
vn -0.8248 0.1789 -0.5364
vn -0.3557 0.9074 -0.2236
vn -0.4625 -0.1643 -0.8713
vn -0.3605 -0.5255 -0.7706
vn -0.4425 0.6054 -0.6616
vn -0.4946 0.1993 -0.8459
vn -0.2789 0.9131 -0.2974
vn -0.2286 -0.7679 -0.5984
vn -0.2011 -0.8096 -0.5515
vn 0.4211 -0.7055 -0.5700
vn 0.6032 -0.4506 0.6581
vn 0.7086 -0.5632 0.4251
vn -0.3848 -0.6519 0.6534
vn -0.4386 -0.7359 -0.5159
vn -0.5116 -0.8405 -0.1783
vn 0.8667 -0.4831 0.1243
vn 0.3280 -0.5831 0.7432
vn 0.0656 -0.6618 -0.7468
vn -0.4001 -0.7299 -0.5542
vn -0.0538 -0.6645 0.7454
vn 0.1188 -0.6544 -0.7467
vn 0.7701 -0.6251 -0.1271
vn 0.6590 -0.5712 -0.4893
vn -0.4268 -0.6657 0.6121
vn -0.6508 -0.7565 0.0641
vn -0.5088 -0.8154 0.2761
vn -0.4601 -0.7950 0.3952
vn 0.7247 -0.6431 -0.2474
vn 0.8693 -0.4902 0.0635
vn 0.3132 -0.7216 -0.6174
vn 0.0980 -0.5212 0.8478
vn -0.1846 -0.7923 -0.5815
vn -0.0835 -0.7774 -0.6235
vn 0.1493 -0.5104 0.8469
vn 0.7569 -0.5714 0.3171
vn -0.6505 -0.7595 0.0018
vn -0.4664 -0.8352 -0.2913
vn -0.1581 -0.6937 0.7027
vn 0.6417 -0.4495 0.6214
vn 0.4265 -0.5702 0.7021
vn 0.6168 -0.5795 -0.5328
vn 0.0914 -0.6754 -0.7317
vn 0.4615 -0.6229 -0.6317
vn 0.7568 -0.5645 -0.3297
vn 0.8572 -0.5061 0.0949
vn 0.7360 -0.4713 0.4860
vn 0.4682 -0.4794 0.7423
vn 0.1276 -0.5338 0.8359
vn -0.2312 -0.6247 0.7458
vn -0.5232 -0.7207 0.4548
vn -0.6333 -0.7733 0.0292
vn -0.5230 -0.7662 -0.3733
vn -0.2569 -0.7253 -0.6386
vn 0.2721 0.9575 -0.0953
vn 0.2616 0.9614 0.0849
vn 0.3585 0.9309 -0.0703
vn -0.3325 -0.9388 -0.0899
vn -0.0430 -0.2758 -0.9603
vn 0.3849 -0.4392 -0.8118
vn -0.0990 -0.5312 -0.8415
vn -0.0742 -0.4034 -0.9120
vn 0.3473 -0.5130 -0.7850
vn 0.2703 -0.6454 -0.7145
vn 0.0527 0.0532 -0.9972
vn 0.1679 0.4876 -0.8568
vn 0.5924 0.3487 -0.7263
vn 0.5267 -0.0851 -0.8458
vn 0.2515 0.8250 -0.5060
vn 0.5286 0.7321 -0.4297
vn 0.8777 0.2378 -0.4161
vn 0.8426 -0.2002 -0.4999
vn 0.4151 0.9097 -0.0097
vn 0.7166 0.6581 -0.2309
vn 0.5065 -0.7407 -0.4414
vn 0.6593 -0.5690 -0.4916
vn 0.6301 -0.6091 -0.4816
vn 0.5819 -0.8087 -0.0863
vn 0.7531 -0.6537 -0.0741
vn 0.9608 -0.2747 -0.0379
vn 0.7295 -0.6800 -0.0736
vn 0.7823 0.6215 0.0426
vn 0.9840 0.1779 0.0026
vn 0.4352 0.8974 0.0725
vn 0.7026 0.6282 0.3342
vn 0.8722 0.1802 0.4548
vn 0.4109 0.8969 0.1633
vn 0.6383 -0.6704 0.3784
vn 0.6110 -0.7028 0.3643
vn 0.4764 -0.8294 0.2917
vn 0.8373 -0.2894 0.4639
vn 0.3042 -0.5866 0.7506
vn 0.2736 -0.6515 0.7076
vn 0.1917 -0.7761 0.6008
vn 0.5307 0.2456 0.8112
vn 0.4566 -0.2257 0.8605
vn 0.3395 0.9104 0.2365
vn 0.4788 0.6738 0.5627
vn 0.2424 0.9339 0.2630
vn 0.1741 0.7423 0.6470
vn -0.2016 -0.6467 0.7356
vn -0.1601 -0.4105 0.8977
vn -0.0651 -0.0992 0.9929
vn -0.1799 -0.5340 0.8262
vn 0.0598 0.3525 0.9339
vn -0.5824 -0.4872 0.6507
vn -0.5923 -0.2117 0.7775
vn -0.5385 0.0411 0.8416
vn -0.5922 -0.3983 0.7005
vn -0.1106 0.8144 0.5697
vn -0.3736 0.4660 0.8021
vn 0.1551 0.9588 0.2380
vn 0.0979 0.9793 0.1772
vn -0.8866 -0.0566 0.4591
vn -0.8697 -0.2900 0.3995
vn -0.8527 -0.3576 0.3807
vn -0.6641 0.5651 0.4896
vn -0.8541 0.1570 0.4959
vn -0.3029 0.8787 0.3690
vn -0.9726 -0.2324 -0.0075
vn -0.9551 -0.2961 -0.0097
vn -0.7670 0.6379 0.0698
vn -0.9725 0.2305 0.0340
vn 0.0780 0.9925 0.0945
vn -0.3657 0.9259 0.0946
vn -0.9996 0.0225 0.0188
vn -0.8434 -0.3185 -0.4327
vn -0.8856 0.0063 -0.4644
vn -0.8496 0.2433 -0.4680
vn -0.8632 -0.2358 -0.4465
vn -0.2786 0.9401 -0.1963
vn -0.6463 0.6610 -0.3813
vn 0.1032 0.9947 0.0036
vn -0.4694 0.1787 -0.8647
vn -0.5314 -0.2999 -0.7922
vn -0.0501 0.9048 -0.4228
vn -0.2993 0.6081 -0.7353
vn 0.1754 0.9821 -0.0693
vn -0.5280 -0.1074 -0.8424
vn -0.5201 -0.4109 -0.7488
vn 0.1041 -0.7938 -0.5992
vn 0.2626 -0.8642 0.4291
vn 0.3108 -0.9332 0.1805
vn -0.6785 -0.5804 0.4503
vn -0.6797 -0.5248 -0.5125
vn -0.7683 -0.6014 -0.2190
vn 0.5077 -0.8590 -0.0666
vn -0.0656 -0.8678 0.4926
vn -0.1669 -0.6349 -0.7543
vn -0.6418 -0.5329 -0.5514
vn -0.4263 -0.7549 0.4984
vn -0.1147 -0.6464 -0.7543
vn 0.3726 -0.8885 -0.2679
vn 0.3518 -0.7657 -0.5384
vn -0.7100 -0.5676 0.4167
vn -0.8700 -0.4930 -0.0034
vn -0.7769 -0.6153 0.1336
vn -0.7434 -0.6309 0.2220
vn 0.3396 -0.8702 -0.3569
vn 0.5095 -0.8526 -0.1157
vn 0.0125 -0.7709 -0.6368
vn -0.2603 -0.7324 0.6292
vn -0.4579 -0.6666 -0.5882
vn -0.3582 -0.6881 -0.6311
vn -0.2096 -0.7485 0.6291
vn 0.3548 -0.9311 0.0846
vn -0.8696 -0.4910 -0.0525
vn -0.7278 -0.6089 -0.3154
vn -0.5145 -0.7227 0.4615
vn 0.3016 -0.8697 0.3907
vn 0.0335 -0.8922 0.4504
vn 0.3194 -0.7553 -0.5724
vn -0.1411 -0.6585 -0.7393
vn 0.1934 -0.7378 -0.6468
vn 0.4158 -0.8099 -0.4136
vn 0.4888 -0.8670 -0.0965
vn 0.3868 -0.8892 0.2443
vn 0.1154 -0.8507 0.5129
vn -0.2415 -0.7535 0.6114
vn -0.5646 -0.6400 0.5211
vn -0.7812 -0.5526 0.2904
vn -0.8586 -0.5119 -0.0262
vn -0.7677 -0.5240 -0.3688
vn -0.5033 -0.5805 -0.6401
vn 0.0294 0.9972 0.0684
vn -0.0357 0.9973 -0.0639
vn -0.0411 0.9954 0.0866
vn 0.0602 -0.9619 -0.2668
vn 0.3633 -0.5953 0.7167
vn -0.0076 -0.5942 0.8043
vn 0.3237 -0.7074 0.6283
vn 0.4068 -0.4731 0.7815
vn -0.0039 -0.4637 0.8860
vn 0.0118 -0.6924 0.7214
vn 0.4642 0.0671 0.8832
vn 0.3796 0.5738 0.7257
vn -0.0393 0.5596 0.8278
vn -0.0241 0.0668 0.9975
vn 0.1978 0.8993 0.3900
vn -0.0456 0.8885 0.4567
vn -0.4373 0.5377 0.7209
vn -0.4866 0.0432 0.8726
vn -0.1072 0.9918 0.0689
vn -0.2791 0.8754 0.3947
vn -0.3027 -0.6864 0.6613
vn -0.3730 -0.5738 0.7291
vn -0.3968 -0.4826 0.7808
vn -0.5693 -0.6905 0.4461
vn -0.6960 -0.5330 0.4811
vn -0.8451 0.0006 0.5347
vn -0.6944 -0.5269 0.4901
vn -0.4547 0.8634 0.2184
vn -0.7443 0.5133 0.4274
vn -0.1581 0.9872 0.0190
vn -0.5249 0.8502 -0.0405
vn -0.8756 0.4829 -0.0116
vn -0.1796 0.9821 -0.0572
vn -0.8871 -0.4589 0.0502
vn -0.8127 -0.5794 0.0613
vn -0.7145 -0.6945 0.0848
vn -0.9982 -0.0528 0.0271
vn -0.8128 -0.3476 -0.4674
vn -0.6876 -0.6155 -0.3851
vn -0.6466 -0.6804 -0.3449
vn -0.7564 0.4471 -0.4775
vn -0.8550 -0.0999 -0.5089
vn -0.1584 0.9775 -0.1391
vn -0.4549 0.8334 -0.3138
vn -0.1007 0.9752 -0.1971
vn -0.2628 0.8178 -0.5120
vn -0.3494 -0.6517 -0.6732
vn -0.4597 -0.2397 -0.8551
vn -0.4618 -0.1240 -0.8783
vn -0.3623 -0.6222 -0.6940
vn -0.4203 0.4172 -0.8058
vn 0.0530 -0.6386 -0.7677
vn 0.0172 -0.1951 -0.9806
vn 0.0260 -0.1217 -0.9922
vn 0.0406 -0.6077 -0.7932
vn -0.0139 0.8126 -0.5827
vn 0.0062 0.4077 -0.9131
vn -0.0292 0.9759 -0.2163
vn 0.0382 0.9794 -0.1984
vn 0.4738 -0.2348 -0.8488
vn 0.4237 -0.5865 -0.6903
vn 0.4135 -0.6562 -0.6312
vn 0.4137 0.4273 -0.8039
vn 0.4877 -0.0979 -0.8675
vn 0.2261 0.8242 -0.5192
vn 0.7186 -0.5637 -0.4072
vn 0.6421 -0.6911 -0.3317
vn 0.7234 0.4730 -0.5029
vn 0.8460 -0.0571 -0.5302
vn 0.0895 0.9850 -0.1472
vn 0.4036 0.8505 -0.3373
vn 0.8018 -0.3453 -0.4877
vn 0.6952 -0.7176 0.0407
vn 0.8795 -0.4759 0.0085
vn 0.9997 -0.0058 -0.0230
vn 0.8443 -0.5357 0.0155
vn 0.4686 0.8803 -0.0737
vn 0.8475 0.5276 -0.0582
vn 0.1100 0.9915 -0.0699
vn 0.8573 0.0411 0.5132
vn 0.7297 -0.5019 0.4643
vn 0.3913 0.8987 0.1979
vn 0.7180 0.5658 0.4054
vn 0.0873 0.9961 0.0118
vn 0.6935 -0.5631 0.4495
vn 0.5743 -0.7210 0.3879
vn 0.0368 -0.8037 0.5938
vn -0.5450 -0.8294 -0.1230
vn -0.4744 -0.8750 0.0965
vn 0.1736 -0.8104 -0.5595
vn 0.6136 -0.7693 0.1781
vn 0.5185 -0.8517 -0.0762
vn -0.5128 -0.7736 0.3723
vn -0.3260 -0.8977 -0.2965
vn 0.3320 -0.7333 0.5933
vn 0.6018 -0.7663 0.2249
vn -0.0586 -0.8874 -0.4572
vn 0.2926 -0.7304 0.6171
vn -0.3188 -0.8259 0.4651
vn -0.1653 -0.7248 0.6689
vn 0.2136 -0.8081 -0.5489
vn 0.5325 -0.7907 -0.3021
vn 0.3689 -0.8632 -0.3447
vn 0.3038 -0.8667 -0.3956
vn -0.2523 -0.8173 0.5180
vn -0.4911 -0.7676 0.4119
vn 0.1220 -0.8051 0.5805
vn -0.2297 -0.8335 -0.5026
vn 0.4476 -0.8287 0.3361
vn 0.3928 -0.8224 0.4116
vn -0.2686 -0.8351 -0.4800
vn -0.4656 -0.8648 0.1883
vn 0.5546 -0.7892 -0.2638
vn 0.5301 -0.8478 0.0142
vn 0.0239 -0.8827 -0.4694
vn -0.5585 -0.8260 -0.0765
vn -0.3821 -0.8967 -0.2233
vn -0.1239 -0.7229 0.6798
vn 0.2984 -0.7469 0.5941
vn 0.0054 -0.7365 0.6764
vn -0.2747 -0.7495 0.6023
vn -0.4831 -0.7841 0.3895
vn -0.5603 -0.8247 0.0768
vn -0.4680 -0.8483 -0.2477
vn -0.2381 -0.8462 -0.4768
vn 0.0484 -0.8303 -0.5552
vn 0.3213 -0.8147 -0.4828
vn 0.5279 -0.8033 -0.2757
vn 0.6112 -0.7908 0.0321
vn 0.5273 -0.7703 0.3585
vn -0.2546 0.9648 -0.0666
vn -0.0868 0.9924 -0.0872
vn -0.2404 0.9595 -0.1467
vn 0.0868 -0.9924 0.0872
vn -0.8824 -0.4521 0.1304
vn -0.8077 -0.4977 -0.3160
vn -0.7185 -0.6819 0.1368
vn -0.8157 -0.5629 0.1334
vn -0.7440 -0.6037 -0.2864
vn -0.6487 -0.7234 -0.2363
vn -0.9892 -0.1022 0.1051
vn -0.9253 0.3754 0.0535
vn -0.8539 0.3534 -0.3821
vn -0.9127 -0.1393 -0.3841
vn -0.6319 0.7750 -0.0117
vn -0.5814 0.7632 -0.2819
vn -0.5563 0.3584 -0.7498
vn -0.5804 -0.1477 -0.8009
vn -0.1828 0.9592 -0.2156
vn -0.3911 0.7687 -0.5061
vn -0.3841 -0.7448 -0.5457
vn -0.4978 -0.5194 -0.6946
vn -0.4534 -0.6207 -0.6397
vn 0.0127 -0.7242 -0.6895
vn -0.0187 -0.4941 -0.8692
vn -0.0602 -0.1190 -0.9911
vn -0.0069 -0.5969 -0.8023
vn -0.1042 0.7854 -0.6102
vn -0.0951 0.3848 -0.9181
vn -0.0939 0.9642 -0.2480
vn 0.1872 0.8075 -0.5594
vn 0.3715 0.4234 -0.8263
vn -0.0049 0.9728 -0.2317
vn 0.4623 -0.4294 -0.7758
vn 0.4430 -0.5394 -0.7161
vn 0.4136 -0.6668 -0.6199
vn 0.4639 -0.0628 -0.8837
vn 0.8028 -0.3590 -0.4760
vn 0.7644 -0.4755 -0.4354
vn 0.7037 -0.6036 -0.3747
vn 0.7048 0.4674 -0.5337
vn 0.8340 -0.0005 -0.5518
vn 0.0574 0.9823 -0.1784
vn 0.3992 0.8333 -0.3824
vn 0.0835 0.9909 -0.1052
vn 0.4886 0.8624 -0.1321
vn 0.8273 -0.5611 -0.0276
vn 0.9490 -0.3089 -0.0635
vn 0.9935 0.0532 -0.1008
vn 0.9024 -0.4284 -0.0464
vn 0.8475 0.5143 -0.1316
vn 0.7600 -0.5488 0.3481
vn 0.8765 -0.2888 0.3851
vn 0.9171 0.0887 0.3886
vn 0.8325 -0.4077 0.3752
vn 0.4368 0.8891 0.1368
vn 0.7743 0.5560 0.3022
vn 0.0692 0.9973 -0.0252
vn 0.0115 0.9990 0.0436
vn 0.5693 -0.2977 0.7663
vn 0.5438 -0.4131 0.7305
vn 0.4984 -0.5617 0.6604
vn 0.4748 0.5731 0.6680
vn 0.5849 0.0953 0.8055
vn 0.2450 0.9004 0.3595
vn 0.0976 -0.4388 0.8933
vn 0.1019 -0.5852 0.8045
vn 0.0135 0.5484 0.8361
vn 0.0648 0.0665 0.9957
vn -0.0775 0.9941 0.0760
vn -0.0419 0.8851 0.4635
vn 0.0904 -0.3256 0.9412
vn -0.3019 -0.6107 0.7321
vn -0.3931 -0.3619 0.8453
vn -0.4594 0.0120 0.8881
vn -0.3542 -0.4756 0.8052
vn -0.3320 0.8475 0.4141
vn -0.4513 0.4895 0.7461
vn -0.1664 0.9842 0.0598
vn -0.8297 -0.0487 0.5561
vn -0.6775 -0.5175 0.5226
vn -0.5426 0.8054 0.2385
vn -0.7828 0.4241 0.4554
vn -0.2286 0.9735 0.0066
vn -0.7360 -0.4042 0.5430
vn -0.5948 -0.6418 0.4841
vn -0.4626 -0.8783 -0.1204
vn 0.5395 -0.7309 -0.4179
vn 0.3143 -0.8424 -0.4377
vn 0.6002 -0.6635 0.4467
vn -0.3756 -0.7257 0.5764
vn -0.0767 -0.7887 0.6099
vn 0.0539 -0.8100 -0.5839
vn 0.6119 -0.7767 -0.1495
vn -0.6122 -0.7745 0.1591
vn -0.4118 -0.7295 0.5461
vn 0.6353 -0.7524 0.1737
vn -0.6157 -0.7798 0.1137
vn -0.1380 -0.8921 -0.4303
vn -0.4373 -0.8267 -0.3540
vn 0.5678 -0.6651 0.4850
vn 0.1292 -0.6907 0.7115
vn 0.2831 -0.7668 0.5760
vn 0.3742 -0.7615 0.5293
vn -0.2293 -0.8945 -0.3838
vn 0.0025 -0.8152 -0.5792
vn -0.4935 -0.8692 -0.0313
vn 0.7425 -0.6697 0.0136
vn -0.4292 -0.8234 0.3711
vn -0.4711 -0.8328 0.2908
vn 0.7389 -0.6731 -0.0319
vn 0.2207 -0.8571 -0.4654
vn 0.0777 -0.6938 0.7160
vn -0.1710 -0.7953 0.5816
vn 0.6052 -0.7512 0.2635
vn 0.5038 -0.7387 -0.4478
vn 0.5703 -0.7887 -0.2296
vn -0.4701 -0.8241 -0.3160
vn -0.5958 -0.7912 0.1380
vn -0.5358 -0.8257 -0.1763
vn -0.3089 -0.8433 -0.4397
vn 0.0326 -0.8255 -0.5634
vn 0.3758 -0.7770 -0.5049
vn 0.6216 -0.7241 -0.2989
vn 0.7253 -0.6884 -0.0080
vn 0.6674 -0.6779 0.3083
vn 0.4430 -0.6885 0.5742
vn 0.1016 -0.7087 0.6982
vn -0.2439 -0.7310 0.6374
vn -0.4920 -0.7575 0.4291
vn 0.1378 0.8373 -0.5290
vn 0.2571 0.9254 -0.2784
vn 0.2821 0.7937 -0.5389
vn -0.2571 -0.9254 0.2784
vn -0.4274 -0.3655 -0.8269
vn 0.0603 -0.5072 -0.8597
vn -0.4516 -0.5272 -0.7198
vn -0.4436 -0.4565 -0.7713
vn 0.0294 -0.5937 -0.8042
vn 0.0065 -0.6583 -0.7527
vn -0.3846 -0.1805 -0.9052
vn -0.2934 0.0995 -0.9508
vn 0.1841 -0.0463 -0.9818
vn 0.1138 -0.3285 -0.9376
vn -0.1231 0.4717 -0.8731
vn 0.2560 0.3535 -0.8997
vn 0.6224 -0.1086 -0.7752
vn 0.5702 -0.3905 -0.7227
vn 0.4134 0.7754 -0.4774
vn 0.6056 0.3020 -0.7363
vn 0.4262 -0.7121 -0.5579
vn 0.5063 -0.5657 -0.6508
vn 0.4634 -0.6504 -0.6018
vn 0.7067 -0.6812 -0.1911
vn 0.8053 -0.5324 -0.2608
vn 0.8770 -0.3556 -0.3232
vn 0.7541 -0.6181 -0.2222
vn 0.8403 0.3302 -0.4300
vn 0.9173 -0.0741 -0.3912
vn 0.5013 0.7856 -0.3628
vn 0.9006 0.4312 -0.0547
vn 0.9955 0.0498 0.0805
vn 0.5243 0.8224 -0.2209
vn 0.8837 -0.4130 0.2204
vn 0.8291 -0.5023 0.2453
vn 0.7783 -0.5709 0.2614
vn 0.9583 -0.2305 0.1687
vn 0.7066 -0.2317 0.6686
vn 0.6568 -0.3269 0.6795
vn 0.6107 -0.4023 0.6821
vn 0.8225 0.2326 0.5191
vn 0.7780 -0.0427 0.6268
vn 0.4714 0.8775 -0.0878
vn 0.7616 0.5780 0.2930
vn 0.3546 0.9350 -0.0041
vn 0.4563 0.7275 0.5124
vn 0.2440 -0.2198 0.9445
vn 0.3153 -0.0379 0.9482
vn 0.3775 0.1547 0.9130
vn 0.2781 -0.1391 0.9504
vn 0.4381 0.4211 0.7942
vn -0.2112 -0.0784 0.9743
vn -0.1706 0.1101 0.9792
vn -0.1208 0.3031 0.9453
vn -0.1930 0.0052 0.9812
vn 0.0748 0.8373 0.5415
vn -0.0412 0.5605 0.8272
vn 0.2101 0.9777 0.0060
vn 0.0786 0.9954 -0.0552
vn -0.6154 0.1730 0.7690
vn -0.6255 0.0670 0.7773
vn -0.6289 -0.0173 0.7773
vn -0.4808 0.6181 0.6219
vn -0.5772 0.3654 0.7303
vn -0.2764 0.8828 0.3799
vn -0.9167 0.0328 0.3983
vn -0.9101 -0.0508 0.4113
vn -0.7753 0.5853 0.2374
vn -0.8840 0.3304 0.3308
vn -0.0092 0.9854 -0.1700
vn -0.5105 0.8568 0.0729
vn -0.9149 0.1381 0.3794
vn -0.9845 -0.1713 -0.0382
vn -0.9949 0.0126 -0.0999
vn -0.9655 0.2049 -0.1610
vn -0.9937 -0.0899 -0.0672
vn -0.5685 0.7641 -0.3049
vn -0.8517 0.4678 -0.2362
vn -0.0320 0.9495 -0.3121
vn -0.7852 0.0168 -0.6190
vn -0.8228 -0.2705 -0.4998
vn -0.4278 0.6235 -0.6544
vn -0.6773 0.2897 -0.6762
vn 0.0211 0.8951 -0.4454
vn -0.8191 -0.1734 -0.5468
vn -0.8190 -0.3475 -0.4565
vn -0.0910 -0.7958 -0.5987
vn 0.6452 -0.5614 0.5182
vn 0.6226 -0.7377 0.2611
vn -0.4118 -0.1436 0.8999
vn -0.9234 -0.3364 -0.1849
vn -0.9246 -0.3235 0.2012
vn 0.6535 -0.7470 -0.1223
vn 0.3549 -0.5123 0.7821
vn -0.4855 -0.5957 -0.6399
vn -0.9013 -0.3601 -0.2409
vn -0.0822 -0.3385 0.9374
vn -0.4279 -0.6171 -0.6603
vn 0.4337 -0.8478 -0.3051
vn 0.2162 -0.7690 -0.6015
vn -0.4675 -0.1354 0.8736
vn -0.8803 -0.1478 0.4507
vn -0.7362 -0.2407 0.6326
vn -0.6430 -0.2379 0.7280
vn 0.3405 -0.8506 -0.4006
vn 0.6291 -0.7565 -0.1787
vn -0.2240 -0.7633 -0.6059
vn 0.1722 -0.3033 0.9372
vn -0.7577 -0.5459 -0.3575
vn -0.6637 -0.5992 -0.4477
vn 0.2295 -0.3259 0.9171
vn 0.6196 -0.7743 0.1291
vn -0.9051 -0.1585 0.3947
vn -0.9287 -0.3641 0.0703
vn -0.2140 -0.3021 0.9290
vn 0.6677 -0.5840 0.4617
vn 0.4489 -0.5656 0.6918
vn 0.1602 -0.7620 -0.6275
vn -0.4571 -0.6212 -0.6365
vn -0.0272 -0.7436 -0.6681
vn 0.3660 -0.7935 -0.4862
vn 0.6282 -0.7648 -0.1429
vn 0.6947 -0.6620 0.2814
vn 0.5367 -0.5041 0.6766
vn 0.1922 -0.3324 0.9234
vn -0.2347 -0.1988 0.9515
vn -0.6257 -0.1409 0.7673
vn -0.8887 -0.1725 0.4249
vn -0.9581 -0.2863 0.0038
vn -0.8025 -0.4525 -0.3888
vt 0.433410 0.434056
vt 0.499859 0.500288
vt 0.411557 0.476079
vt 0.291048 0.288790
vt 0.171334 0.181237
vt 0.197131 0.158249
vt 0.016214 0.339618
vt 0.091033 0.310962
vt 0.095865 0.434281
vt 0.023426 0.439845
vt 0.182745 0.295164
vt 0.307679 0.306801
vt 0.265230 0.435041
vt 0.172026 0.432493
vt 0.370275 0.370420
vt 0.334383 0.454456
vt 0.079603 0.099573
vt 0.126196 0.057895
vt 0.263336 0.563185
vt 0.170361 0.564757
vt 0.411455 0.525008
vt 0.333423 0.547627
vt 0.181213 0.027798
vt 0.227269 0.141559
vt 0.094588 0.559298
vt 0.021534 0.550919
vt 0.242093 0.011152
vt 0.260128 0.132013
vt 0.179612 0.699777
vt 0.087825 0.684799
vt 0.369022 0.630643
vt 0.303614 0.693309
vt 0.433001 0.566732
vt 0.010716 0.654661
vt 0.454254 0.665365
vt 0.437142 0.734768
vt 0.475795 0.588250
vt 0.291192 0.288765
vt 0.132126 0.274876
vt 0.137991 0.241231
vt 0.341835 0.985255
vt 0.312355 0.910938
vt 0.434209 0.903713
vt 0.441144 0.976271
vt 0.297471 0.819953
vt 0.430179 0.827163
vt 0.010460 0.270383
vt 0.020209 0.208262
vt 0.151380 0.209469
vt 0.559164 0.904748
vt 0.551567 0.977744
vt 0.563285 0.736033
vt 0.564119 0.829030
vt 0.524495 0.588651
vt 0.547599 0.666028
vt 0.043819 0.150499
vt 0.566696 0.566764
vt 0.629941 0.630664
vt 0.079872 0.099527
vt 0.171488 0.181378
vt 0.699240 0.819517
vt 0.684759 0.910837
vt 0.692513 0.695976
vt 0.655306 0.987926
vt 0.126589 0.057933
vt 0.197273 0.158418
vt 0.909207 0.688758
vt 0.818370 0.702988
vt 0.826265 0.570414
vt 0.902960 0.566738
vt 0.664767 0.545574
vt 0.733991 0.562885
vt 0.588168 0.524014
vt 0.983692 0.659949
vt 0.975484 0.560521
vt 0.587995 0.475484
vt 0.227376 0.141623
vt 0.904555 0.441016
vt 0.977387 0.450196
vt 0.735815 0.436592
vt 0.828599 0.437382
vt 0.665741 0.452267
vt 0.181524 0.028030
vt 0.912062 0.318467
vt 0.989128 0.347888
vt 0.695886 0.306546
vt 0.821391 0.299771
vt 0.566152 0.433445
vt 0.629785 0.370585
vt 0.242297 0.011466
vt 0.260201 0.132102
vt 0.131856 0.274789
vt 0.010536 0.269973
vt 0.020224 0.208342
vt 0.137839 0.241075
vt 0.687750 0.088320
vt 0.699883 0.180718
vt 0.569279 0.172561
vt 0.562812 0.096579
vt 0.546755 0.334190
vt 0.562014 0.265163
vt 0.523794 0.411899
vt 0.656521 0.014212
vt 0.556071 0.024168
vt 0.434607 0.172040
vt 0.438450 0.096473
vt 0.453028 0.334455
vt 0.436266 0.264922
vt 0.475029 0.411943
vt 0.151226 0.209333
vt 0.445498 0.023363
vt 0.043683 0.150583
vt 0.312867 0.091688
vt 0.341600 0.014232
vt 0.299485 0.183150
vt 0.537860 0.502109
vt 0.569938 0.502109
vt 0.564511 0.474831
vt 0.534876 0.487106
vt 0.534876 0.517113
vt 0.498655 0.502109
vt 0.498655 0.462904
vt 0.498655 0.430827
vt 0.471376 0.436253
vt 0.483652 0.465888
vt 0.462434 0.517113
vt 0.459450 0.502109
vt 0.498655 0.541315
vt 0.513658 0.538330
vt 0.448251 0.451705
vt 0.470933 0.474387
vt 0.526377 0.529832
vt 0.432799 0.474831
vt 0.462434 0.487106
vt 0.549059 0.451705
vt 0.526377 0.474387
vt 0.470933 0.529832
vt 0.525934 0.436253
vt 0.513658 0.465888
vt 0.483652 0.538330
vt 0.448251 0.552514
vt 0.471376 0.567966
vt 0.498655 0.573392
vt 0.432799 0.529388
vt 0.427373 0.502109
vt 0.549059 0.552514
vt 0.564511 0.529388
vt 0.525934 0.567966
s 1
f 201/149/119 129/150/120 122/151/121
f 172/152/122 121/153/123 128/154/124
f 205/155/125 204/156/126 126/157/127 127/158/128
f 203/159/129 120/160/130 124/161/131 125/162/132
f 202/163/133 201/149/119 122/151/121 123/164/134
f 121/153/123 205/165/125 127/166/128 128/154/124
f 204/156/126 203/159/129 125/162/132 126/157/127
f 120/160/130 202/163/133 123/164/134 124/161/131
f 125/162/132 124/161/131 132/167/135 133/168/136
f 123/164/134 122/151/121 130/169/137 131/170/138
f 128/154/124 127/166/128 135/171/139 136/172/140
f 126/157/127 125/162/132 133/168/136 134/173/141
f 124/161/131 123/164/134 131/170/138 132/167/135
f 122/151/121 129/150/120 130/169/137
f 172/152/122 128/154/124 136/172/140
f 127/158/128 126/157/127 134/173/141 135/174/139
f 136/172/140 135/171/139 142/175/142 143/176/143
f 134/173/141 133/168/136 140/177/144 141/178/145
f 132/167/135 131/170/138 138/179/146 139/180/147
f 130/169/137 129/150/120 137/181/148
f 172/152/122 136/172/140 143/176/143
f 135/174/139 134/173/141 141/178/145 142/182/142
f 133/168/136 132/167/135 139/180/147 140/177/144
f 131/170/138 130/169/137 137/181/148 138/179/146
f 139/180/147 138/179/146 145/183/149 146/184/150
f 137/181/148 129/150/120 144/185/151
f 172/186/122 143/187/143 150/188/152
f 142/189/142 141/190/145 148/191/153 149/192/154
f 140/193/144 139/180/147 146/184/150 147/194/155
f 138/179/146 137/181/148 144/185/151 145/183/149
f 143/187/143 142/195/142 149/196/154 150/188/152
f 141/190/145 140/193/144 147/194/155 148/191/153
f 172/186/122 150/188/152 157/197/156
f 149/192/154 148/191/153 155/198/157 156/199/158
f 147/194/155 146/184/150 153/200/159 154/201/160
f 145/183/149 144/185/151 151/202/161 152/203/162
f 150/188/152 149/196/154 156/204/158 157/197/156
f 148/191/153 147/194/155 154/201/160 155/198/157
f 146/184/150 145/183/149 152/203/162 153/200/159
f 144/185/151 129/150/120 151/202/161
f 152/203/162 151/202/161 158/205/163 159/206/164
f 157/197/156 156/204/158 163/207/165 164/208/166
f 155/198/157 154/201/160 161/209/167 162/210/168
f 153/200/159 152/203/162 159/206/164 160/211/169
f 151/202/161 129/150/120 158/205/163
f 172/186/122 157/197/156 164/208/166
f 156/199/158 155/198/157 162/210/168 163/212/165
f 154/201/160 153/200/159 160/211/169 161/209/167
f 164/208/166 163/207/165 170/213/170 171/214/171
f 162/215/168 161/216/167 168/217/172 169/218/173
f 160/211/169 159/206/164 166/219/174 167/220/175
f 158/205/163 129/150/120 165/221/176
f 172/186/122 164/208/166 171/214/171
f 163/222/165 162/215/168 169/218/173 170/223/170
f 161/216/167 160/211/169 167/220/175 168/217/172
f 159/206/164 158/205/163 165/221/176 166/219/174
f 165/221/176 129/150/120 173/224/177
f 172/186/122 171/214/171 179/225/178
f 170/223/170 169/218/173 177/226/179 178/227/180
f 168/217/172 167/220/175 175/228/181 176/229/182
f 166/219/174 165/221/176 173/224/177 174/230/183
f 171/214/171 170/213/170 178/231/180 179/225/178
f 169/218/173 168/217/172 176/229/182 177/226/179
f 167/220/175 166/219/174 174/230/183 175/228/181
f 178/227/180 177/226/179 184/232/184 185/233/185
f 176/229/182 175/228/181 182/234/186 183/235/187
f 174/230/183 173/224/177 180/236/188 181/237/189
f 179/225/178 178/231/180 185/238/185 186/239/190
f 177/226/179 176/229/182 183/235/187 184/232/184
f 175/228/181 174/230/183 181/237/189 182/234/186
f 173/224/177 129/150/120 180/236/188
f 172/186/122 179/225/178 186/239/190
f 186/240/190 185/241/185 192/242/191 193/243/192
f 184/244/184 183/245/187 190/246/193 191/247/194
f 182/234/186 181/237/189 188/248/195 189/249/196
f 180/236/188 129/150/120 187/250/197
f 172/152/122 186/240/190 193/243/192
f 185/251/185 184/244/184 191/247/194 192/252/191
f 183/245/187 182/234/186 189/249/196 190/246/193
f 181/237/189 180/236/188 187/250/197 188/248/195
f 191/247/194 190/246/193 197/253/198 198/254/199
f 189/249/196 188/248/195 195/255/200 196/256/201
f 187/250/197 129/150/120 194/257/202
f 172/152/122 193/243/192 200/258/203
f 192/252/191 191/247/194 198/254/199 199/259/204
f 190/246/193 189/249/196 196/256/201 197/253/198
f 188/248/195 187/250/197 194/257/202 195/255/200
f 193/243/192 192/242/191 199/260/204 200/258/203
f 172/152/122 200/258/203 121/153/123
f 199/259/204 198/254/199 204/261/126 205/262/125
f 197/253/198 196/256/201 120/160/130 203/263/129
f 195/255/200 194/257/202 201/149/119 202/163/133
f 200/258/203 199/260/204 205/165/125 121/153/123
f 198/254/199 197/253/198 203/263/129 204/261/126
f 196/256/201 195/255/200 202/163/133 120/160/130
f 194/257/202 129/150/120 201/149/119
s 0
f 224/264/205 218/265/205 217/266/205 233/267/205
f 231/268/206 224/264/206 222/269/206
f 225/270/207 214/271/207 213/272/207 228/273/207
f 234/274/208 222/269/208 223/275/208
f 226/276/209 227/277/209 222/269/209
f 228/273/210 213/272/210 212/278/210 230/279/210
f 227/277/211 229/280/211 222/269/211
f 230/279/212 212/278/212 211/281/212 232/282/212
f 229/280/213 231/268/213 222/269/213
f 223/275/214 222/269/214 232/282/214
f 233/267/215 217/266/215 216/283/215 235/284/215
f 236/285/216 222/269/216 234/274/216
f 235/284/217 216/283/217 215/286/217 237/287/217
f 238/288/218 226/276/218 222/269/218
f 225/270/219 222/269/219 237/287/219
f 236/285/220 238/288/220 222/269/220
f 208/289/221 207/290/221 238/288/221 236/285/221
f 214/271/222 225/270/222 237/287/222 215/286/222
f 207/290/223 206/291/223 226/276/223 238/288/223
f 222/269/224 235/284/224 237/287/224
f 208/289/225 236/285/225 234/274/225 209/292/225
f 222/269/226 233/267/226 235/284/226
f 210/293/227 223/275/227 232/282/227 211/281/227
f 220/294/228 219/295/228 231/268/228 229/280/228
f 222/269/229 230/279/229 232/282/229
f 221/296/230 220/294/230 229/280/230 227/277/230
f 222/269/231 228/273/231 230/279/231
f 206/291/232 221/296/232 227/277/232 226/276/232
f 209/292/233 234/274/233 223/275/233 210/293/233
f 222/269/234 225/270/234 228/273/234
f 219/295/235 218/265/235 224/264/235 231/268/235
f 222/269/236 224/264/236 233/267/236
s 1
f 320/149/237 248/150/238 241/151/239
f 291/152/240 240/153/241 247/154/242
f 324/155/243 323/156/244 245/157/245 246/158/246
f 322/159/247 239/160/248 243/161/249 244/162/250
f 321/163/251 320/149/237 241/151/239 242/164/252
f 240/153/241 324/165/243 246/166/246 247/154/242
f 323/156/244 322/159/247 244/162/250 245/157/245
f 239/160/248 321/163/251 242/164/252 243/161/249
f 244/162/250 243/161/249 251/167/253 252/168/254
f 242/164/252 241/151/239 249/169/255 250/170/256
f 247/154/242 246/166/246 254/171/257 255/172/258
f 245/157/245 244/162/250 252/168/254 253/173/259
f 243/161/249 242/164/252 250/170/256 251/167/253
f 241/151/239 248/150/238 249/169/255
f 291/152/240 247/154/242 255/172/258
f 246/158/246 245/157/245 253/173/259 254/174/257
f 255/172/258 254/171/257 261/175/260 262/176/261
f 253/173/259 252/168/254 259/177/262 260/178/263
f 251/167/253 250/170/256 257/179/264 258/180/265
f 249/169/255 248/150/238 256/181/266
f 291/152/240 255/172/258 262/176/261
f 254/174/257 253/173/259 260/178/263 261/182/260
f 252/168/254 251/167/253 258/180/265 259/177/262
f 250/170/256 249/169/255 256/181/266 257/179/264
f 258/180/265 257/179/264 264/183/267 265/184/268
f 256/181/266 248/150/238 263/185/269
f 291/186/240 262/187/261 269/188/270
f 261/189/260 260/190/263 267/191/271 268/192/272
f 259/193/262 258/180/265 265/184/268 266/194/273
f 257/179/264 256/181/266 263/185/269 264/183/267
f 262/187/261 261/195/260 268/196/272 269/188/270
f 260/190/263 259/193/262 266/194/273 267/191/271
f 291/186/240 269/188/270 276/197/274
f 268/192/272 267/191/271 274/198/275 275/199/276
f 266/194/273 265/184/268 272/200/277 273/201/278
f 264/183/267 263/185/269 270/202/279 271/203/280
f 269/188/270 268/196/272 275/204/276 276/197/274
f 267/191/271 266/194/273 273/201/278 274/198/275
f 265/184/268 264/183/267 271/203/280 272/200/277
f 263/185/269 248/150/238 270/202/279
f 271/203/280 270/202/279 277/205/281 278/206/282
f 276/197/274 275/204/276 282/207/283 283/208/284
f 274/198/275 273/201/278 280/209/285 281/210/286
f 272/200/277 271/203/280 278/206/282 279/211/287
f 270/202/279 248/150/238 277/205/281
f 291/186/240 276/197/274 283/208/284
f 275/199/276 274/198/275 281/210/286 282/212/283
f 273/201/278 272/200/277 279/211/287 280/209/285
f 283/208/284 282/207/283 289/213/288 290/214/289
f 281/215/286 280/216/285 287/217/290 288/218/291
f 279/211/287 278/206/282 285/219/292 286/220/293
f 277/205/281 248/150/238 284/221/294
f 291/186/240 283/208/284 290/214/289
f 282/222/283 281/215/286 288/218/291 289/223/288
f 280/216/285 279/211/287 286/220/293 287/217/290
f 278/206/282 277/205/281 284/221/294 285/219/292
f 284/221/294 248/150/238 292/224/295
f 291/186/240 290/214/289 298/225/296
f 289/223/288 288/218/291 296/226/297 297/227/298
f 287/217/290 286/220/293 294/228/299 295/229/300
f 285/219/292 284/221/294 292/224/295 293/230/301
f 290/214/289 289/213/288 297/231/298 298/225/296
f 288/218/291 287/217/290 295/229/300 296/226/297
f 286/220/293 285/219/292 293/230/301 294/228/299
f 297/227/298 296/226/297 303/232/302 304/233/303
f 295/229/300 294/228/299 301/234/304 302/235/305
f 293/230/301 292/224/295 299/236/306 300/237/307
f 298/225/296 297/231/298 304/238/303 305/239/308
f 296/226/297 295/229/300 302/235/305 303/232/302
f 294/228/299 293/230/301 300/237/307 301/234/304
f 292/224/295 248/150/238 299/236/306
f 291/186/240 298/225/296 305/239/308
f 305/240/308 304/241/303 311/242/309 312/243/310
f 303/244/302 302/245/305 309/246/311 310/247/312
f 301/234/304 300/237/307 307/248/313 308/249/314
f 299/236/306 248/150/238 306/250/315
f 291/152/240 305/240/308 312/243/310
f 304/251/303 303/244/302 310/247/312 311/252/309
f 302/245/305 301/234/304 308/249/314 309/246/311
f 300/237/307 299/236/306 306/250/315 307/248/313
f 310/247/312 309/246/311 316/253/316 317/254/317
f 308/249/314 307/248/313 314/255/318 315/256/319
f 306/250/315 248/150/238 313/257/320
f 291/152/240 312/243/310 319/258/321
f 311/252/309 310/247/312 317/254/317 318/259/322
f 309/246/311 308/249/314 315/256/319 316/253/316
f 307/248/313 306/250/315 313/257/320 314/255/318
f 312/243/310 311/242/309 318/260/322 319/258/321
f 291/152/240 319/258/321 240/153/241
f 318/259/322 317/254/317 323/261/244 324/262/243
f 316/253/316 315/256/319 239/160/248 322/263/247
f 314/255/318 313/257/320 320/149/237 321/163/251
f 319/258/321 318/260/322 324/165/243 240/153/241
f 317/254/317 316/253/316 322/263/247 323/261/244
f 315/256/319 314/255/318 321/163/251 239/160/248
f 313/257/320 248/150/238 320/149/237
s 0
f 343/264/323 337/265/323 336/266/323 352/267/323
f 350/268/324 343/264/324 341/269/324
f 344/270/325 333/271/325 332/272/325 347/273/325
f 353/274/326 341/269/326 342/275/326
f 345/276/327 346/277/327 341/269/327
f 347/273/328 332/272/328 331/278/328 349/279/328
f 346/277/329 348/280/329 341/269/329
f 349/279/330 331/278/330 330/281/330 351/282/330
f 348/280/331 350/268/331 341/269/331
f 342/275/332 341/269/332 351/282/332
f 352/267/333 336/266/333 335/283/333 354/284/333
f 355/285/334 341/269/334 353/274/334
f 354/284/335 335/283/335 334/286/335 356/287/335
f 357/288/336 345/276/336 341/269/336
f 344/270/337 341/269/337 356/287/337
f 355/285/338 357/288/338 341/269/338
f 327/289/339 326/290/339 357/288/339 355/285/339
f 333/271/340 344/270/340 356/287/340 334/286/340
f 326/290/341 325/291/341 345/276/341 357/288/341
f 341/269/342 354/284/342 356/287/342
f 327/289/343 355/285/343 353/274/343 328/292/343
f 341/269/344 352/267/344 354/284/344
f 329/293/345 342/275/345 351/282/345 330/281/345
f 339/294/346 338/295/346 350/268/346 348/280/346
f 341/269/347 349/279/347 351/282/347
f 340/296/348 339/294/348 348/280/348 346/277/348
f 341/269/349 347/273/349 349/279/349
f 325/291/350 340/296/350 346/277/350 345/276/350
f 328/292/351 353/274/351 342/275/351 329/293/351
f 341/269/352 344/270/352 347/273/352
f 338/295/353 337/265/353 343/264/353 350/268/353
f 341/269/354 343/264/354 352/267/354
s 1
f 380/149/237 360/150/238 358/151/239
f 381/163/355 380/149/237 358/151/239 359/164/356
f 359/164/356 358/151/239 361/169/255 362/170/357
f 358/151/239 360/150/238 361/169/255
f 361/169/255 360/150/238 363/181/266
f 362/170/357 361/169/255 363/181/266 364/179/358
f 363/181/266 360/150/238 365/185/269
f 364/179/358 363/181/266 365/185/269 366/183/359
f 366/183/359 365/185/269 367/202/279 368/203/360
f 365/185/269 360/150/238 367/202/279
f 368/203/360 367/202/279 369/205/281 370/206/361
f 367/202/279 360/150/238 369/205/281
f 369/205/281 360/150/238 371/221/294
f 370/206/361 369/205/281 371/221/294 372/219/362
f 371/221/294 360/150/238 373/224/363
f 372/219/362 371/221/294 373/224/363 374/230/364
f 373/224/363 360/150/238 375/236/365
f 375/236/365 360/150/238 376/250/366
f 376/250/366 360/150/238 378/257/320
f 377/248/367 376/250/366 378/257/320 379/255/368
f 379/255/368 378/257/320 380/149/237 381/163/355
f 378/257/320 360/150/238 380/149/237
f 463/149/369 391/150/370 384/151/371
f 434/152/372 383/153/373 390/154/374
f 467/155/375 466/156/376 388/157/377 389/158/378
f 465/159/379 382/160/380 386/161/381 387/162/382
f 464/163/383 463/149/369 384/151/371 385/164/384
f 383/153/373 467/165/375 389/166/378 390/154/374
f 466/156/376 465/159/379 387/162/382 388/157/377
f 382/160/380 464/163/383 385/164/384 386/161/381
f 387/162/382 386/161/381 394/167/385 395/168/386
f 385/164/384 384/151/371 392/169/387 393/170/388
f 390/154/374 389/166/378 397/171/389 398/172/390
f 388/157/377 387/162/382 395/168/386 396/173/391
f 386/161/381 385/164/384 393/170/388 394/167/385
f 384/151/371 391/150/370 392/169/387
f 434/152/372 390/154/374 398/172/390
f 389/158/378 388/157/377 396/173/391 397/174/389
f 398/172/390 397/171/389 404/175/392 405/176/393
f 396/173/391 395/168/386 402/177/394 403/178/395
f 394/167/385 393/170/388 400/179/396 401/180/397
f 392/169/387 391/150/370 399/181/398
f 434/152/372 398/172/390 405/176/393
f 397/174/389 396/173/391 403/178/395 404/182/392
f 395/168/386 394/167/385 401/180/397 402/177/394
f 393/170/388 392/169/387 399/181/398 400/179/396
f 401/180/397 400/179/396 407/183/399 408/184/400
f 399/181/398 391/150/370 406/185/401
f 434/186/372 405/187/393 412/188/402
f 404/189/392 403/190/395 410/191/403 411/192/404
f 402/193/394 401/180/397 408/184/400 409/194/405
f 400/179/396 399/181/398 406/185/401 407/183/399
f 405/187/393 404/195/392 411/196/404 412/188/402
f 403/190/395 402/193/394 409/194/405 410/191/403
f 434/186/372 412/188/402 419/197/406
f 411/192/404 410/191/403 417/198/407 418/199/408
f 409/194/405 408/184/400 415/200/409 416/201/410
f 407/183/399 406/185/401 413/202/411 414/203/412
f 412/188/402 411/196/404 418/204/408 419/197/406
f 410/191/403 409/194/405 416/201/410 417/198/407
f 408/184/400 407/183/399 414/203/412 415/200/409
f 406/185/401 391/150/370 413/202/411
f 414/203/412 413/202/411 420/205/413 421/206/414
f 419/197/406 418/204/408 425/207/415 426/208/416
f 417/198/407 416/201/410 423/209/417 424/210/418
f 415/200/409 414/203/412 421/206/414 422/211/419
f 413/202/411 391/150/370 420/205/413
f 434/186/372 419/197/406 426/208/416
f 418/199/408 417/198/407 424/210/418 425/212/415
f 416/201/410 415/200/409 422/211/419 423/209/417
f 426/208/416 425/207/415 432/213/420 433/214/421
f 424/215/418 423/216/417 430/217/422 431/218/423
f 422/211/419 421/206/414 428/219/424 429/220/425
f 420/205/413 391/150/370 427/221/426
f 434/186/372 426/208/416 433/214/421
f 425/222/415 424/215/418 431/218/423 432/223/420
f 423/216/417 422/211/419 429/220/425 430/217/422
f 421/206/414 420/205/413 427/221/426 428/219/424
f 427/221/426 391/150/370 435/224/427
f 434/186/372 433/214/421 441/225/428
f 432/223/420 431/218/423 439/226/429 440/227/430
f 430/217/422 429/220/425 437/228/431 438/229/432
f 428/219/424 427/221/426 435/224/427 436/230/433
f 433/214/421 432/213/420 440/231/430 441/225/428
f 431/218/423 430/217/422 438/229/432 439/226/429
f 429/220/425 428/219/424 436/230/433 437/228/431
f 440/227/430 439/226/429 446/232/434 447/233/435
f 438/229/432 437/228/431 444/234/436 445/235/437
f 436/230/433 435/224/427 442/236/438 443/237/439
f 441/225/428 440/231/430 447/238/435 448/239/440
f 439/226/429 438/229/432 445/235/437 446/232/434
f 437/228/431 436/230/433 443/237/439 444/234/436
f 435/224/427 391/150/370 442/236/438
f 434/186/372 441/225/428 448/239/440
f 448/240/440 447/241/435 454/242/441 455/243/442
f 446/244/434 445/245/437 452/246/443 453/247/444
f 444/234/436 443/237/439 450/248/445 451/249/446
f 442/236/438 391/150/370 449/250/447
f 434/152/372 448/240/440 455/243/442
f 447/251/435 446/244/434 453/247/444 454/252/441
f 445/245/437 444/234/436 451/249/446 452/246/443
f 443/237/439 442/236/438 449/250/447 450/248/445
f 453/247/444 452/246/443 459/253/448 460/254/449
f 451/249/446 450/248/445 457/255/450 458/256/451
f 449/250/447 391/150/370 456/257/452
f 434/152/372 455/243/442 462/258/453
f 454/252/441 453/247/444 460/254/449 461/259/454
f 452/246/443 451/249/446 458/256/451 459/253/448
f 450/248/445 449/250/447 456/257/452 457/255/450
f 455/243/442 454/242/441 461/260/454 462/258/453
f 434/152/372 462/258/453 383/153/373
f 461/259/454 460/254/449 466/261/376 467/262/375
f 459/253/448 458/256/451 382/160/380 465/263/379
f 457/255/450 456/257/452 463/149/369 464/163/383
f 462/258/453 461/260/454 467/165/375 383/153/373
f 460/254/449 459/253/448 465/263/379 466/261/376
f 458/256/451 457/255/450 464/163/383 382/160/380
f 456/257/452 391/150/370 463/149/369
s 0
f 486/264/455 480/265/455 479/266/455 495/267/455
f 493/268/456 486/264/456 484/269/456
f 487/270/457 476/271/457 475/272/457 490/273/457
f 496/274/458 484/269/458 485/275/458
f 488/276/459 489/277/459 484/269/459
f 490/273/460 475/272/460 474/278/460 492/279/460
f 489/277/461 491/280/461 484/269/461
f 492/279/462 474/278/462 473/281/462 494/282/462
f 491/280/463 493/268/463 484/269/463
f 485/275/464 484/269/464 494/282/464
f 495/267/465 479/266/465 478/283/465 497/284/465
f 498/285/466 484/269/466 496/274/466
f 497/284/467 478/283/467 477/286/467 499/287/467
f 500/288/468 488/276/468 484/269/468
f 487/270/469 484/269/469 499/287/469
f 498/285/470 500/288/470 484/269/470
f 470/289/471 469/290/471 500/288/471 498/285/471
f 476/271/472 487/270/472 499/287/472 477/286/472
f 469/290/473 468/291/473 488/276/473 500/288/473
f 484/269/474 497/284/474 499/287/474
f 470/289/475 498/285/475 496/274/475 471/292/475
f 484/269/476 495/267/476 497/284/476
f 472/293/477 485/275/477 494/282/477 473/281/477
f 482/294/478 481/295/478 493/268/478 491/280/478
f 484/269/479 492/279/479 494/282/479
f 483/296/480 482/294/480 491/280/480 489/277/480
f 484/269/481 490/273/481 492/279/481
f 468/291/482 483/296/482 489/277/482 488/276/482
f 471/292/483 496/274/483 485/275/483 472/293/483
f 484/269/484 487/270/484 490/273/484
f 481/295/485 480/265/485 486/264/485 493/268/485
f 484/269/486 486/264/486 495/267/486
s 1
f 569/149/369 508/150/370 502/151/371
f 573/155/487 572/156/376 506/157/377 507/158/488
f 571/159/379 501/160/380 504/161/381 505/162/382
f 570/163/383 569/149/369 502/151/371 503/164/384
f 572/156/376 571/159/379 505/162/382 506/157/377
f 501/160/380 570/163/383 503/164/384 504/161/381
f 505/162/382 504/161/381 511/167/385 512/168/386
f 503/164/384 502/151/371 509/169/387 510/170/388
f 506/157/377 505/162/382 512/168/386 513/173/391
f 504/161/381 503/164/384 510/170/388 511/167/385
f 502/151/371 508/150/370 509/169/387
f 507/158/488 506/157/377 513/173/391 514/174/489
f 513/173/391 512/168/386 518/177/394 519/178/395
f 511/167/385 510/170/388 516/179/396 517/180/397
f 509/169/387 508/150/370 515/181/398
f 514/174/489 513/173/391 519/178/395 520/182/490
f 512/168/386 511/167/385 517/180/397 518/177/394
f 510/170/388 509/169/387 515/181/398 516/179/396
f 517/180/397 516/179/396 522/183/399 523/184/400
f 515/181/398 508/150/370 521/185/401
f 520/189/490 519/190/395 525/191/403 526/192/491
f 518/193/394 517/180/397 523/184/400 524/194/405
f 516/179/396 515/181/398 521/185/401 522/183/399
f 519/190/395 518/193/394 524/194/405 525/191/403
f 526/192/491 525/191/403 531/198/407 532/199/492
f 524/194/405 523/184/400 529/200/409 530/201/410
f 522/183/399 521/185/401 527/202/411 528/203/412
f 525/191/403 524/194/405 530/201/410 531/198/407
f 523/184/400 522/183/399 528/203/412 529/200/409
f 521/185/401 508/150/370 527/202/411
f 528/203/412 527/202/411 533/205/413 534/206/414
f 531/198/407 530/201/410 536/209/417 537/210/418
f 529/200/409 528/203/412 534/206/414 535/211/419
f 527/202/411 508/150/370 533/205/413
f 532/199/492 531/198/407 537/210/418 538/212/493
f 530/201/410 529/200/409 535/211/419 536/209/417
f 537/215/418 536/216/417 542/217/422 543/218/423
f 535/211/419 534/206/414 540/219/424 541/220/425
f 533/205/413 508/150/370 539/221/426
f 538/222/493 537/215/418 543/218/423 544/223/494
f 536/216/417 535/211/419 541/220/425 542/217/422
f 534/206/414 533/205/413 539/221/426 540/219/424
f 539/221/426 508/150/370 545/224/427
f 544/223/494 543/218/423 549/226/429 550/227/495
f 542/217/422 541/220/425 547/228/431 548/229/432
f 540/219/424 539/221/426 545/224/427 546/230/433
f 543/218/423 542/217/422 548/229/432 549/226/429
f 541/220/425 540/219/424 546/230/433 547/228/431
f 550/227/495 549/226/429 555/232/434 556/233/496
f 548/229/432 547/228/431 553/234/436 554/235/437
f 546/230/433 545/224/427 551/236/438 552/237/439
f 549/226/429 548/229/432 554/235/437 555/232/434
f 547/228/431 546/230/433 552/237/439 553/234/436
f 545/224/427 508/150/370 551/236/438
f 555/244/434 554/245/437 560/246/443 561/247/444
f 553/234/436 552/237/439 558/248/445 559/249/446
f 551/236/438 508/150/370 557/250/447
f 556/251/496 555/244/434 561/247/444 562/252/497
f 554/245/437 553/234/436 559/249/446 560/246/443
f 552/237/439 551/236/438 557/250/447 558/248/445
f 561/247/444 560/246/443 566/253/448 567/254/449
f 559/249/446 558/248/445 564/255/450 565/256/451
f 557/250/447 508/150/370 563/257/452
f 562/252/497 561/247/444 567/254/449 568/259/498
f 560/246/443 559/249/446 565/256/451 566/253/448
f 558/248/445 557/250/447 563/257/452 564/255/450
f 568/259/498 567/254/449 572/261/376 573/262/487
f 566/253/448 565/256/451 501/160/380 571/263/379
f 564/255/450 563/257/452 569/149/369 570/163/383
f 567/254/449 566/253/448 571/263/379 572/261/376
f 565/256/451 564/255/450 570/163/383 501/160/380
f 563/257/452 508/150/370 569/149/369
f 655/149/499 583/150/500 576/151/501
f 626/152/502 575/153/503 582/154/504
f 659/155/505 658/156/506 580/157/507 581/158/508
f 657/159/509 574/160/510 578/161/511 579/162/512
f 656/163/513 655/149/499 576/151/501 577/164/514
f 575/153/503 659/165/505 581/166/508 582/154/504
f 658/156/506 657/159/509 579/162/512 580/157/507
f 574/160/510 656/163/513 577/164/514 578/161/511
f 579/162/512 578/161/511 586/167/515 587/168/516
f 577/164/514 576/151/501 584/169/517 585/170/518
f 582/154/504 581/166/508 589/171/519 590/172/520
f 580/157/507 579/162/512 587/168/516 588/173/521
f 578/161/511 577/164/514 585/170/518 586/167/515
f 576/151/501 583/150/500 584/169/517
f 626/152/502 582/154/504 590/172/520
f 581/158/508 580/157/507 588/173/521 589/174/519
f 590/172/520 589/171/519 596/175/522 597/176/523
f 588/173/521 587/168/516 594/177/524 595/178/525
f 586/167/515 585/170/518 592/179/526 593/180/527
f 584/169/517 583/150/500 591/181/528
f 626/152/502 590/172/520 597/176/523
f 589/174/519 588/173/521 595/178/525 596/182/522
f 587/168/516 586/167/515 593/180/527 594/177/524
f 585/170/518 584/169/517 591/181/528 592/179/526
f 593/180/527 592/179/526 599/183/529 600/184/530
f 591/181/528 583/150/500 598/185/531
f 626/186/502 597/187/523 604/188/532
f 596/189/522 595/190/525 602/191/533 603/192/534
f 594/193/524 593/180/527 600/184/530 601/194/535
f 592/179/526 591/181/528 598/185/531 599/183/529
f 597/187/523 596/195/522 603/196/534 604/188/532
f 595/190/525 594/193/524 601/194/535 602/191/533
f 626/186/502 604/188/532 611/197/536
f 603/192/534 602/191/533 609/198/537 610/199/538
f 601/194/535 600/184/530 607/200/539 608/201/540
f 599/183/529 598/185/531 605/202/541 606/203/542
f 604/188/532 603/196/534 610/204/538 611/197/536
f 602/191/533 601/194/535 608/201/540 609/198/537
f 600/184/530 599/183/529 606/203/542 607/200/539
f 598/185/531 583/150/500 605/202/541
f 606/203/542 605/202/541 612/205/543 613/206/544
f 611/197/536 610/204/538 617/207/545 618/208/546
f 609/198/537 608/201/540 615/209/547 616/210/548
f 607/200/539 606/203/542 613/206/544 614/211/549
f 605/202/541 583/150/500 612/205/543
f 626/186/502 611/197/536 618/208/546
f 610/199/538 609/198/537 616/210/548 617/212/545
f 608/201/540 607/200/539 614/211/549 615/209/547
f 618/208/546 617/207/545 624/213/550 625/214/551
f 616/215/548 615/216/547 622/217/552 623/218/553
f 614/211/549 613/206/544 620/219/554 621/220/555
f 612/205/543 583/150/500 619/221/556
f 626/186/502 618/208/546 625/214/551
f 617/222/545 616/215/548 623/218/553 624/223/550
f 615/216/547 614/211/549 621/220/555 622/217/552
f 613/206/544 612/205/543 619/221/556 620/219/554
f 619/221/556 583/150/500 627/224/557
f 626/186/502 625/214/551 633/225/558
f 624/223/550 623/218/553 631/226/559 632/227/560
f 622/217/552 621/220/555 629/228/561 630/229/562
f 620/219/554 619/221/556 627/224/557 628/230/563
f 625/214/551 624/213/550 632/231/560 633/225/558
f 623/218/553 622/217/552 630/229/562 631/226/559
f 621/220/555 620/219/554 628/230/563 629/228/561
f 632/227/560 631/226/559 638/232/564 639/233/565
f 630/229/562 629/228/561 636/234/566 637/235/567
f 628/230/563 627/224/557 634/236/568 635/237/569
f 633/225/558 632/231/560 639/238/565 640/239/570
f 631/226/559 630/229/562 637/235/567 638/232/564
f 629/228/561 628/230/563 635/237/569 636/234/566
f 627/224/557 583/150/500 634/236/568
f 626/186/502 633/225/558 640/239/570
f 640/240/570 639/241/565 646/242/571 647/243/572
f 638/244/564 637/245/567 644/246/573 645/247/574
f 636/234/566 635/237/569 642/248/575 643/249/576
f 634/236/568 583/150/500 641/250/577
f 626/152/502 640/240/570 647/243/572
f 639/251/565 638/244/564 645/247/574 646/252/571
f 637/245/567 636/234/566 643/249/576 644/246/573
f 635/237/569 634/236/568 641/250/577 642/248/575
f 645/247/574 644/246/573 651/253/578 652/254/579
f 643/249/576 642/248/575 649/255/580 650/256/581
f 641/250/577 583/150/500 648/257/582
f 626/152/502 647/243/572 654/258/583
f 646/252/571 645/247/574 652/254/579 653/259/584
f 644/246/573 643/249/576 650/256/581 651/253/578
f 642/248/575 641/250/577 648/257/582 649/255/580
f 647/243/572 646/242/571 653/260/584 654/258/583
f 626/152/502 654/258/583 575/153/503
f 653/259/584 652/254/579 658/261/506 659/262/505
f 651/253/578 650/256/581 574/160/510 657/263/509
f 649/255/580 648/257/582 655/149/499 656/163/513
f 654/258/583 653/260/584 659/165/505 575/153/503
f 652/254/579 651/253/578 657/263/509 658/261/506
f 650/256/581 649/255/580 656/163/513 574/160/510
f 648/257/582 583/150/500 655/149/499
s 0
f 678/264/585 672/265/585 671/266/585 687/267/585
f 685/268/586 678/264/586 676/269/586
f 679/270/587 668/271/587 667/272/587 682/273/587
f 688/274/588 676/269/588 677/275/588
f 680/276/589 681/277/589 676/269/589
f 682/273/590 667/272/590 666/278/590 684/279/590
f 681/277/591 683/280/591 676/269/591
f 684/279/592 666/278/592 665/281/592 686/282/592
f 683/280/593 685/268/593 676/269/593
f 677/275/594 676/269/594 686/282/594
f 687/267/595 671/266/595 670/283/595 689/284/595
f 690/285/596 676/269/596 688/274/596
f 689/284/597 670/283/597 669/286/597 691/287/597
f 692/288/598 680/276/598 676/269/598
f 679/270/599 676/269/599 691/287/599
f 690/285/600 692/288/600 676/269/600
f 662/289/601 661/290/601 692/288/601 690/285/601
f 668/271/602 679/270/602 691/287/602 669/286/602
f 661/290/603 660/291/603 680/276/603 692/288/603
f 676/269/604 689/284/604 691/287/604
f 662/289/605 690/285/605 688/274/605 663/292/605
f 676/269/606 687/267/606 689/284/606
f 664/293/607 677/275/607 686/282/607 665/281/607
f 674/294/608 673/295/608 685/268/608 683/280/608
f 676/269/609 684/279/609 686/282/609
f 675/296/610 674/294/610 683/280/610 681/277/610
f 676/269/611 682/273/611 684/279/611
f 660/291/612 675/296/612 681/277/612 680/276/612
f 663/292/613 688/274/613 677/275/613 664/293/613
f 676/269/614 679/270/614 682/273/614
f 673/295/615 672/265/615 678/264/615 685/268/615
f 676/269/616 678/264/616 687/267/616
s 1
f 761/149/499 700/150/500 694/151/501
f 765/155/617 764/156/506 698/157/507 699/158/618
f 763/159/509 693/160/510 696/161/511 697/162/512
f 762/163/513 761/149/499 694/151/501 695/164/514
f 764/156/506 763/159/509 697/162/512 698/157/507
f 693/160/510 762/163/513 695/164/514 696/161/511
f 697/162/512 696/161/511 703/167/515 704/168/516
f 695/164/514 694/151/501 701/169/517 702/170/518
f 698/157/507 697/162/512 704/168/516 705/173/521
f 696/161/511 695/164/514 702/170/518 703/167/515
f 694/151/501 700/150/500 701/169/517
f 699/158/618 698/157/507 705/173/521 706/174/619
f 705/173/521 704/168/516 710/177/524 711/178/525
f 703/167/515 702/170/518 708/179/526 709/180/527
f 701/169/517 700/150/500 707/181/528
f 706/174/619 705/173/521 711/178/525 712/182/620
f 704/168/516 703/167/515 709/180/527 710/177/524
f 702/170/518 701/169/517 707/181/528 708/179/526
f 709/180/527 708/179/526 714/183/529 715/184/530
f 707/181/528 700/150/500 713/185/531
f 712/189/620 711/190/525 717/191/533 718/192/621
f 710/193/524 709/180/527 715/184/530 716/194/535
f 708/179/526 707/181/528 713/185/531 714/183/529
f 711/190/525 710/193/524 716/194/535 717/191/533
f 718/192/621 717/191/533 723/198/537 724/199/622
f 716/194/535 715/184/530 721/200/539 722/201/540
f 714/183/529 713/185/531 719/202/541 720/203/542
f 717/191/533 716/194/535 722/201/540 723/198/537
f 715/184/530 714/183/529 720/203/542 721/200/539
f 713/185/531 700/150/500 719/202/541
f 720/203/542 719/202/541 725/205/543 726/206/544
f 723/198/537 722/201/540 728/209/547 729/210/548
f 721/200/539 720/203/542 726/206/544 727/211/549
f 719/202/541 700/150/500 725/205/543
f 724/199/622 723/198/537 729/210/548 730/212/623
f 722/201/540 721/200/539 727/211/549 728/209/547
f 729/215/548 728/216/547 734/217/552 735/218/553
f 727/211/549 726/206/544 732/219/554 733/220/555
f 725/205/543 700/150/500 731/221/556
f 730/222/623 729/215/548 735/218/553 736/223/624
f 728/216/547 727/211/549 733/220/555 734/217/552
f 726/206/544 725/205/543 731/221/556 732/219/554
f 731/221/556 700/150/500 737/224/557
f 736/223/624 735/218/553 741/226/559 742/227/625
f 734/217/552 733/220/555 739/228/561 740/229/562
f 732/219/554 731/221/556 737/224/557 738/230/563
f 735/218/553 734/217/552 740/229/562 741/226/559
f 733/220/555 732/219/554 738/230/563 739/228/561
f 742/227/625 741/226/559 747/232/564 748/233/626
f 740/229/562 739/228/561 745/234/566 746/235/567
f 738/230/563 737/224/557 743/236/568 744/237/569
f 741/226/559 740/229/562 746/235/567 747/232/564
f 739/228/561 738/230/563 744/237/569 745/234/566
f 737/224/557 700/150/500 743/236/568
f 747/244/564 746/245/567 752/246/573 753/247/574
f 745/234/566 744/237/569 750/248/575 751/249/576
f 743/236/568 700/150/500 749/250/577
f 748/251/626 747/244/564 753/247/574 754/252/627
f 746/245/567 745/234/566 751/249/576 752/246/573
f 744/237/569 743/236/568 749/250/577 750/248/575
f 753/247/574 752/246/573 758/253/578 759/254/579
f 751/249/576 750/248/575 756/255/580 757/256/581
f 749/250/577 700/150/500 755/257/582
f 754/252/627 753/247/574 759/254/579 760/259/628
f 752/246/573 751/249/576 757/256/581 758/253/578
f 750/248/575 749/250/577 755/257/582 756/255/580
f 760/259/628 759/254/579 764/261/506 765/262/617
f 758/253/578 757/256/581 693/160/510 763/263/509
f 756/255/580 755/257/582 761/149/499 762/163/513
f 759/254/579 758/253/578 763/263/509 764/261/506
f 757/256/581 756/255/580 762/163/513 693/160/510
f 755/257/582 700/150/500 761/149/499
f 847/149/629 775/150/630 768/151/631
f 818/152/632 767/153/633 774/154/634
f 851/155/635 850/156/636 772/157/637 773/158/638
f 849/159/639 766/160/640 770/161/641 771/162/642
f 848/163/643 847/149/629 768/151/631 769/164/644
f 767/153/633 851/165/635 773/166/638 774/154/634
f 850/156/636 849/159/639 771/162/642 772/157/637
f 766/160/640 848/163/643 769/164/644 770/161/641
f 771/162/642 770/161/641 778/167/645 779/168/646
f 769/164/644 768/151/631 776/169/647 777/170/648
f 774/154/634 773/166/638 781/171/649 782/172/650
f 772/157/637 771/162/642 779/168/646 780/173/651
f 770/161/641 769/164/644 777/170/648 778/167/645
f 768/151/631 775/150/630 776/169/647
f 818/152/632 774/154/634 782/172/650
f 773/158/638 772/157/637 780/173/651 781/174/649
f 782/172/650 781/171/649 788/175/652 789/176/653
f 780/173/651 779/168/646 786/177/654 787/178/655
f 778/167/645 777/170/648 784/179/656 785/180/657
f 776/169/647 775/150/630 783/181/658
f 818/152/632 782/172/650 789/176/653
f 781/174/649 780/173/651 787/178/655 788/182/652
f 779/168/646 778/167/645 785/180/657 786/177/654
f 777/170/648 776/169/647 783/181/658 784/179/656
f 785/180/657 784/179/656 791/183/659 792/184/660
f 783/181/658 775/150/630 790/185/661
f 818/186/632 789/187/653 796/188/662
f 788/189/652 787/190/655 794/191/663 795/192/664
f 786/193/654 785/180/657 792/184/660 793/194/665
f 784/179/656 783/181/658 790/185/661 791/183/659
f 789/187/653 788/195/652 795/196/664 796/188/662
f 787/190/655 786/193/654 793/194/665 794/191/663
f 818/186/632 796/188/662 803/197/666
f 795/192/664 794/191/663 801/198/667 802/199/668
f 793/194/665 792/184/660 799/200/669 800/201/670
f 791/183/659 790/185/661 797/202/671 798/203/672
f 796/188/662 795/196/664 802/204/668 803/197/666
f 794/191/663 793/194/665 800/201/670 801/198/667
f 792/184/660 791/183/659 798/203/672 799/200/669
f 790/185/661 775/150/630 797/202/671
f 798/203/672 797/202/671 804/205/673 805/206/674
f 803/197/666 802/204/668 809/207/675 810/208/676
f 801/198/667 800/201/670 807/209/677 808/210/678
f 799/200/669 798/203/672 805/206/674 806/211/679
f 797/202/671 775/150/630 804/205/673
f 818/186/632 803/197/666 810/208/676
f 802/199/668 801/198/667 808/210/678 809/212/675
f 800/201/670 799/200/669 806/211/679 807/209/677
f 810/208/676 809/207/675 816/213/680 817/214/681
f 808/215/678 807/216/677 814/217/682 815/218/683
f 806/211/679 805/206/674 812/219/684 813/220/685
f 804/205/673 775/150/630 811/221/686
f 818/186/632 810/208/676 817/214/681
f 809/222/675 808/215/678 815/218/683 816/223/680
f 807/216/677 806/211/679 813/220/685 814/217/682
f 805/206/674 804/205/673 811/221/686 812/219/684
f 811/221/686 775/150/630 819/224/687
f 818/186/632 817/214/681 825/225/688
f 816/223/680 815/218/683 823/226/689 824/227/690
f 814/217/682 813/220/685 821/228/691 822/229/692
f 812/219/684 811/221/686 819/224/687 820/230/693
f 817/214/681 816/213/680 824/231/690 825/225/688
f 815/218/683 814/217/682 822/229/692 823/226/689
f 813/220/685 812/219/684 820/230/693 821/228/691
f 824/227/690 823/226/689 830/232/694 831/233/695
f 822/229/692 821/228/691 828/234/696 829/235/697
f 820/230/693 819/224/687 826/236/698 827/237/699
f 825/225/688 824/231/690 831/238/695 832/239/700
f 823/226/689 822/229/692 829/235/697 830/232/694
f 821/228/691 820/230/693 827/237/699 828/234/696
f 819/224/687 775/150/630 826/236/698
f 818/186/632 825/225/688 832/239/700
f 832/240/700 831/241/695 838/242/701 839/243/702
f 830/244/694 829/245/697 836/246/703 837/247/704
f 828/234/696 827/237/699 834/248/705 835/249/706
f 826/236/698 775/150/630 833/250/707
f 818/152/632 832/240/700 839/243/702
f 831/251/695 830/244/694 837/247/704 838/252/701
f 829/245/697 828/234/696 835/249/706 836/246/703
f 827/237/699 826/236/698 833/250/707 834/248/705
f 837/247/704 836/246/703 843/253/708 844/254/709
f 835/249/706 834/248/705 841/255/710 842/256/711
f 833/250/707 775/150/630 840/257/712
f 818/152/632 839/243/702 846/258/713
f 838/252/701 837/247/704 844/254/709 845/259/714
f 836/246/703 835/249/706 842/256/711 843/253/708
f 834/248/705 833/250/707 840/257/712 841/255/710
f 839/243/702 838/242/701 845/260/714 846/258/713
f 818/152/632 846/258/713 767/153/633
f 845/259/714 844/254/709 850/261/636 851/262/635
f 843/253/708 842/256/711 766/160/640 849/263/639
f 841/255/710 840/257/712 847/149/629 848/163/643
f 846/258/713 845/260/714 851/165/635 767/153/633
f 844/254/709 843/253/708 849/263/639 850/261/636
f 842/256/711 841/255/710 848/163/643 766/160/640
f 840/257/712 775/150/630 847/149/629
s 0
f 870/264/715 864/265/715 863/266/715 879/267/715
f 877/268/716 870/264/716 868/269/716
f 871/270/717 860/271/717 859/272/717 874/273/717
f 880/274/718 868/269/718 869/275/718
f 872/276/719 873/277/719 868/269/719
f 874/273/720 859/272/720 858/278/720 876/279/720
f 873/277/721 875/280/721 868/269/721
f 876/279/722 858/278/722 857/281/722 878/282/722
f 875/280/723 877/268/723 868/269/723
f 869/275/724 868/269/724 878/282/724
f 879/267/725 863/266/725 862/283/725 881/284/725
f 882/285/726 868/269/726 880/274/726
f 881/284/727 862/283/727 861/286/727 883/287/727
f 884/288/728 872/276/728 868/269/728
f 871/270/729 868/269/729 883/287/729
f 882/285/730 884/288/730 868/269/730
f 854/289/731 853/290/731 884/288/731 882/285/731
f 860/271/732 871/270/732 883/287/732 861/286/732
f 853/290/733 852/291/733 872/276/733 884/288/733
f 868/269/734 881/284/734 883/287/734
f 854/289/735 882/285/735 880/274/735 855/292/735
f 868/269/736 879/267/736 881/284/736
f 856/293/737 869/275/737 878/282/737 857/281/737
f 866/294/738 865/295/738 877/268/738 875/280/738
f 868/269/739 876/279/739 878/282/739
f 867/296/740 866/294/740 875/280/740 873/277/740
f 868/269/741 874/273/741 876/279/741
f 852/291/742 867/296/742 873/277/742 872/276/742
f 855/292/743 880/274/743 869/275/743 856/293/743
f 868/269/744 871/270/744 874/273/744
f 865/295/745 864/265/745 870/264/745 877/268/745
f 868/269/746 870/264/746 879/267/746
s 1
f 953/149/629 892/150/630 886/151/631
f 957/155/747 956/156/636 890/157/637 891/158/748
f 955/159/639 885/160/640 888/161/641 889/162/642
f 954/163/643 953/149/629 886/151/631 887/164/644
f 956/156/636 955/159/639 889/162/642 890/157/637
f 885/160/640 954/163/643 887/164/644 888/161/641
f 889/162/642 888/161/641 895/167/645 896/168/646
f 887/164/644 886/151/631 893/169/647 894/170/648
f 890/157/637 889/162/642 896/168/646 897/173/651
f 888/161/641 887/164/644 894/170/648 895/167/645
f 886/151/631 892/150/630 893/169/647
f 891/158/748 890/157/637 897/173/651 898/174/749
f 897/173/651 896/168/646 902/177/654 903/178/655
f 895/167/645 894/170/648 900/179/656 901/180/657
f 893/169/647 892/150/630 899/181/658
f 898/174/749 897/173/651 903/178/655 904/182/750
f 896/168/646 895/167/645 901/180/657 902/177/654
f 894/170/648 893/169/647 899/181/658 900/179/656
f 901/180/657 900/179/656 906/183/659 907/184/660
f 899/181/658 892/150/630 905/185/661
f 904/189/750 903/190/655 909/191/663 910/192/751
f 902/193/654 901/180/657 907/184/660 908/194/665
f 900/179/656 899/181/658 905/185/661 906/183/659
f 903/190/655 902/193/654 908/194/665 909/191/663
f 910/192/751 909/191/663 915/198/667 916/199/752
f 908/194/665 907/184/660 913/200/669 914/201/670
f 906/183/659 905/185/661 911/202/671 912/203/672
f 909/191/663 908/194/665 914/201/670 915/198/667
f 907/184/660 906/183/659 912/203/672 913/200/669
f 905/185/661 892/150/630 911/202/671
f 912/203/672 911/202/671 917/205/673 918/206/674
f 915/198/667 914/201/670 920/209/677 921/210/678
f 913/200/669 912/203/672 918/206/674 919/211/679
f 911/202/671 892/150/630 917/205/673
f 916/199/752 915/198/667 921/210/678 922/212/753
f 914/201/670 913/200/669 919/211/679 920/209/677
f 921/215/678 920/216/677 926/217/682 927/218/683
f 919/211/679 918/206/674 924/219/684 925/220/685
f 917/205/673 892/150/630 923/221/686
f 922/222/753 921/215/678 927/218/683 928/223/754
f 920/216/677 919/211/679 925/220/685 926/217/682
f 918/206/674 917/205/673 923/221/686 924/219/684
f 923/221/686 892/150/630 929/224/687
f 928/223/754 927/218/683 933/226/689 934/227/755
f 926/217/682 925/220/685 931/228/691 932/229/692
f 924/219/684 923/221/686 929/224/687 930/230/693
f 927/218/683 926/217/682 932/229/692 933/226/689
f 925/220/685 924/219/684 930/230/693 931/228/691
f 934/227/755 933/226/689 939/232/694 940/233/756
f 932/229/692 931/228/691 937/234/696 938/235/697
f 930/230/693 929/224/687 935/236/698 936/237/699
f 933/226/689 932/229/692 938/235/697 939/232/694
f 931/228/691 930/230/693 936/237/699 937/234/696
f 929/224/687 892/150/630 935/236/698
f 939/244/694 938/245/697 944/246/703 945/247/704
f 937/234/696 936/237/699 942/248/705 943/249/706
f 935/236/698 892/150/630 941/250/707
f 940/251/756 939/244/694 945/247/704 946/252/757
f 938/245/697 937/234/696 943/249/706 944/246/703
f 936/237/699 935/236/698 941/250/707 942/248/705
f 945/247/704 944/246/703 950/253/708 951/254/709
f 943/249/706 942/248/705 948/255/710 949/256/711
f 941/250/707 892/150/630 947/257/712
f 946/252/757 945/247/704 951/254/709 952/259/758
f 944/246/703 943/249/706 949/256/711 950/253/708
f 942/248/705 941/250/707 947/257/712 948/255/710
f 952/259/758 951/254/709 956/261/636 957/262/747
f 950/253/708 949/256/711 885/160/640 955/263/639
f 948/255/710 947/257/712 953/149/629 954/163/643
f 951/254/709 950/253/708 955/263/639 956/261/636
f 949/256/711 948/255/710 954/163/643 885/160/640
f 947/257/712 892/150/630 953/149/629
f 1039/149/759 967/150/760 960/151/761
f 1010/152/762 959/153/763 966/154/764
f 1043/155/765 1042/156/766 964/157/767 965/158/768
f 1041/159/769 958/160/770 962/161/771 963/162/772
f 1040/163/773 1039/149/759 960/151/761 961/164/774
f 959/153/763 1043/165/765 965/166/768 966/154/764
f 1042/156/766 1041/159/769 963/162/772 964/157/767
f 958/160/770 1040/163/773 961/164/774 962/161/771
f 963/162/772 962/161/771 970/167/775 971/168/776
f 961/164/774 960/151/761 968/169/777 969/170/778
f 966/154/764 965/166/768 973/171/779 974/172/780
f 964/157/767 963/162/772 971/168/776 972/173/781
f 962/161/771 961/164/774 969/170/778 970/167/775
f 960/151/761 967/150/760 968/169/777
f 1010/152/762 966/154/764 974/172/780
f 965/158/768 964/157/767 972/173/781 973/174/779
f 974/172/780 973/171/779 980/175/782 981/176/783
f 972/173/781 971/168/776 978/177/784 979/178/785
f 970/167/775 969/170/778 976/179/786 977/180/787
f 968/169/777 967/150/760 975/181/788
f 1010/152/762 974/172/780 981/176/783
f 973/174/779 972/173/781 979/178/785 980/182/782
f 971/168/776 970/167/775 977/180/787 978/177/784
f 969/170/778 968/169/777 975/181/788 976/179/786
f 977/180/787 976/179/786 983/183/789 984/184/790
f 975/181/788 967/150/760 982/185/791
f 1010/186/762 981/187/783 988/188/792
f 980/189/782 979/190/785 986/191/793 987/192/794
f 978/193/784 977/180/787 984/184/790 985/194/795
f 976/179/786 975/181/788 982/185/791 983/183/789
f 981/187/783 980/195/782 987/196/794 988/188/792
f 979/190/785 978/193/784 985/194/795 986/191/793
f 1010/186/762 988/188/792 995/197/796
f 987/192/794 986/191/793 993/198/797 994/199/798
f 985/194/795 984/184/790 991/200/799 992/201/800
f 983/183/789 982/185/791 989/202/801 990/203/802
f 988/188/792 987/196/794 994/204/798 995/197/796
f 986/191/793 985/194/795 992/201/800 993/198/797
f 984/184/790 983/183/789 990/203/802 991/200/799
f 982/185/791 967/150/760 989/202/801
f 990/203/802 989/202/801 996/205/803 997/206/804
f 995/197/796 994/204/798 1001/207/805 1002/208/806
f 993/198/797 992/201/800 999/209/807 1000/210/808
f 991/200/799 990/203/802 997/206/804 998/211/809
f 989/202/801 967/150/760 996/205/803
f 1010/186/762 995/197/796 1002/208/806
f 994/199/798 993/198/797 1000/210/808 1001/212/805
f 992/201/800 991/200/799 998/211/809 999/209/807
f 1002/208/806 1001/207/805 1008/213/810 1009/214/811
f 1000/215/808 999/216/807 1006/217/812 1007/218/813
f 998/211/809 997/206/804 1004/219/814 1005/220/815
f 996/205/803 967/150/760 1003/221/816
f 1010/186/762 1002/208/806 1009/214/811
f 1001/222/805 1000/215/808 1007/218/813 1008/223/810
f 999/216/807 998/211/809 1005/220/815 1006/217/812
f 997/206/804 996/205/803 1003/221/816 1004/219/814
f 1003/221/816 967/150/760 1011/224/817
f 1010/186/762 1009/214/811 1017/225/818
f 1008/223/810 1007/218/813 1015/226/819 1016/227/820
f 1006/217/812 1005/220/815 1013/228/821 1014/229/822
f 1004/219/814 1003/221/816 1011/224/817 1012/230/823
f 1009/214/811 1008/213/810 1016/231/820 1017/225/818
f 1007/218/813 1006/217/812 1014/229/822 1015/226/819
f 1005/220/815 1004/219/814 1012/230/823 1013/228/821
f 1016/227/820 1015/226/819 1022/232/824 1023/233/825
f 1014/229/822 1013/228/821 1020/234/826 1021/235/827
f 1012/230/823 1011/224/817 1018/236/828 1019/237/829
f 1017/225/818 1016/231/820 1023/238/825 1024/239/830
f 1015/226/819 1014/229/822 1021/235/827 1022/232/824
f 1013/228/821 1012/230/823 1019/237/829 1020/234/826
f 1011/224/817 967/150/760 1018/236/828
f 1010/186/762 1017/225/818 1024/239/830
f 1024/240/830 1023/241/825 1030/242/831 1031/243/832
f 1022/244/824 1021/245/827 1028/246/833 1029/247/834
f 1020/234/826 1019/237/829 1026/248/835 1027/249/836
f 1018/236/828 967/150/760 1025/250/837
f 1010/152/762 1024/240/830 1031/243/832
f 1023/251/825 1022/244/824 1029/247/834 1030/252/831
f 1021/245/827 1020/234/826 1027/249/836 1028/246/833
f 1019/237/829 1018/236/828 1025/250/837 1026/248/835
f 1029/247/834 1028/246/833 1035/253/838 1036/254/839
f 1027/249/836 1026/248/835 1033/255/840 1034/256/841
f 1025/250/837 967/150/760 1032/257/842
f 1010/152/762 1031/243/832 1038/258/843
f 1030/252/831 1029/247/834 1036/254/839 1037/259/844
f 1028/246/833 1027/249/836 1034/256/841 1035/253/838
f 1026/248/835 1025/250/837 1032/257/842 1033/255/840
f 1031/243/832 1030/242/831 1037/260/844 1038/258/843
f 1010/152/762 1038/258/843 959/153/763
f 1037/259/844 1036/254/839 1042/261/766 1043/262/765
f 1035/253/838 1034/256/841 958/160/770 1041/263/769
f 1033/255/840 1032/257/842 1039/149/759 1040/163/773
f 1038/258/843 1037/260/844 1043/165/765 959/153/763
f 1036/254/839 1035/253/838 1041/263/769 1042/261/766
f 1034/256/841 1033/255/840 1040/163/773 958/160/770
f 1032/257/842 967/150/760 1039/149/759
s 0
f 1062/264/845 1056/265/845 1055/266/845 1071/267/845
f 1069/268/846 1062/264/846 1060/269/846
f 1063/270/847 1052/271/847 1051/272/847 1066/273/847
f 1072/274/848 1060/269/848 1061/275/848
f 1064/276/849 1065/277/849 1060/269/849
f 1066/273/850 1051/272/850 1050/278/850 1068/279/850
f 1065/277/851 1067/280/851 1060/269/851
f 1068/279/852 1050/278/852 1049/281/852 1070/282/852
f 1067/280/853 1069/268/853 1060/269/853
f 1061/275/854 1060/269/854 1070/282/854
f 1071/267/855 1055/266/855 1054/283/855 1073/284/855
f 1074/285/856 1060/269/856 1072/274/856
f 1073/284/857 1054/283/857 1053/286/857 1075/287/857
f 1076/288/858 1064/276/858 1060/269/858
f 1063/270/859 1060/269/859 1075/287/859
f 1074/285/860 1076/288/860 1060/269/860
f 1046/289/861 1045/290/861 1076/288/861 1074/285/861
f 1052/271/862 1063/270/862 1075/287/862 1053/286/862
f 1045/290/863 1044/291/863 1064/276/863 1076/288/863
f 1060/269/864 1073/284/864 1075/287/864
f 1046/289/865 1074/285/865 1072/274/865 1047/292/865
f 1060/269/866 1071/267/866 1073/284/866
f 1048/293/867 1061/275/867 1070/282/867 1049/281/867
f 1058/294/868 1057/295/868 1069/268/868 1067/280/868
f 1060/269/869 1068/279/869 1070/282/869
f 1059/296/870 1058/294/870 1067/280/870 1065/277/870
f 1060/269/871 1066/273/871 1068/279/871
f 1044/291/872 1059/296/872 1065/277/872 1064/276/872
f 1047/292/873 1072/274/873 1061/275/873 1048/293/873
f 1060/269/874 1063/270/874 1066/273/874
f 1057/295/875 1056/265/875 1062/264/875 1069/268/875
f 1060/269/876 1062/264/876 1071/267/876
s 1
f 1145/149/759 1084/150/760 1078/151/761
f 1149/155/877 1148/156/766 1082/157/767 1083/158/878
f 1147/159/769 1077/160/770 1080/161/771 1081/162/772
f 1146/163/773 1145/149/759 1078/151/761 1079/164/774
f 1148/156/766 1147/159/769 1081/162/772 1082/157/767
f 1077/160/770 1146/163/773 1079/164/774 1080/161/771
f 1081/162/772 1080/161/771 1087/167/775 1088/168/776
f 1079/164/774 1078/151/761 1085/169/777 1086/170/778
f 1082/157/767 1081/162/772 1088/168/776 1089/173/781
f 1080/161/771 1079/164/774 1086/170/778 1087/167/775
f 1078/151/761 1084/150/760 1085/169/777
f 1083/158/878 1082/157/767 1089/173/781 1090/174/879
f 1089/173/781 1088/168/776 1094/177/784 1095/178/785
f 1087/167/775 1086/170/778 1092/179/786 1093/180/787
f 1085/169/777 1084/150/760 1091/181/788
f 1090/174/879 1089/173/781 1095/178/785 1096/182/880
f 1088/168/776 1087/167/775 1093/180/787 1094/177/784
f 1086/170/778 1085/169/777 1091/181/788 1092/179/786
f 1093/180/787 1092/179/786 1098/183/789 1099/184/790
f 1091/181/788 1084/150/760 1097/185/791
f 1096/189/880 1095/190/785 1101/191/793 1102/192/881
f 1094/193/784 1093/180/787 1099/184/790 1100/194/795
f 1092/179/786 1091/181/788 1097/185/791 1098/183/789
f 1095/190/785 1094/193/784 1100/194/795 1101/191/793
f 1102/192/881 1101/191/793 1107/198/797 1108/199/882
f 1100/194/795 1099/184/790 1105/200/799 1106/201/800
f 1098/183/789 1097/185/791 1103/202/801 1104/203/802
f 1101/191/793 1100/194/795 1106/201/800 1107/198/797
f 1099/184/790 1098/183/789 1104/203/802 1105/200/799
f 1097/185/791 1084/150/760 1103/202/801
f 1104/203/802 1103/202/801 1109/205/803 1110/206/804
f 1107/198/797 1106/201/800 1112/209/807 1113/210/808
f 1105/200/799 1104/203/802 1110/206/804 1111/211/809
f 1103/202/801 1084/150/760 1109/205/803
f 1108/199/882 1107/198/797 1113/210/808 1114/212/883
f 1106/201/800 1105/200/799 1111/211/809 1112/209/807
f 1113/215/808 1112/216/807 1118/217/812 1119/218/813
f 1111/211/809 1110/206/804 1116/219/814 1117/220/815
f 1109/205/803 1084/150/760 1115/221/816
f 1114/222/883 1113/215/808 1119/218/813 1120/223/884
f 1112/216/807 1111/211/809 1117/220/815 1118/217/812
f 1110/206/804 1109/205/803 1115/221/816 1116/219/814
f 1115/221/816 1084/150/760 1121/224/817
f 1120/223/884 1119/218/813 1125/226/819 1126/227/885
f 1118/217/812 1117/220/815 1123/228/821 1124/229/822
f 1116/219/814 1115/221/816 1121/224/817 1122/230/823
f 1119/218/813 1118/217/812 1124/229/822 1125/226/819
f 1117/220/815 1116/219/814 1122/230/823 1123/228/821
f 1126/227/885 1125/226/819 1131/232/824 1132/233/886
f 1124/229/822 1123/228/821 1129/234/826 1130/235/827
f 1122/230/823 1121/224/817 1127/236/828 1128/237/829
f 1125/226/819 1124/229/822 1130/235/827 1131/232/824
f 1123/228/821 1122/230/823 1128/237/829 1129/234/826
f 1121/224/817 1084/150/760 1127/236/828
f 1131/244/824 1130/245/827 1136/246/833 1137/247/834
f 1129/234/826 1128/237/829 1134/248/835 1135/249/836
f 1127/236/828 1084/150/760 1133/250/837
f 1132/251/886 1131/244/824 1137/247/834 1138/252/887
f 1130/245/827 1129/234/826 1135/249/836 1136/246/833
f 1128/237/829 1127/236/828 1133/250/837 1134/248/835
f 1137/247/834 1136/246/833 1142/253/838 1143/254/839
f 1135/249/836 1134/248/835 1140/255/840 1141/256/841
f 1133/250/837 1084/150/760 1139/257/842
f 1138/252/887 1137/247/834 1143/254/839 1144/259/888
f 1136/246/833 1135/249/836 1141/256/841 1142/253/838
f 1134/248/835 1133/250/837 1139/257/842 1140/255/840
f 1144/259/888 1143/254/839 1148/261/766 1149/262/877
f 1142/253/838 1141/256/841 1077/160/770 1147/263/769
f 1140/255/840 1139/257/842 1145/149/759 1146/163/773
f 1143/254/839 1142/253/838 1147/263/769 1148/261/766
f 1141/256/841 1140/255/840 1146/163/773 1077/160/770
f 1139/257/842 1084/150/760 1145/149/759
f 1231/149/889 1159/150/890 1152/151/891
f 1202/152/892 1151/153/893 1158/154/894
f 1235/155/895 1234/156/896 1156/157/897 1157/158/898
f 1233/159/899 1150/160/900 1154/161/901 1155/162/902
f 1232/163/903 1231/149/889 1152/151/891 1153/164/904
f 1151/153/893 1235/165/895 1157/166/898 1158/154/894
f 1234/156/896 1233/159/899 1155/162/902 1156/157/897
f 1150/160/900 1232/163/903 1153/164/904 1154/161/901
f 1155/162/902 1154/161/901 1162/167/905 1163/168/906
f 1153/164/904 1152/151/891 1160/169/907 1161/170/908
f 1158/154/894 1157/166/898 1165/171/909 1166/172/910
f 1156/157/897 1155/162/902 1163/168/906 1164/173/911
f 1154/161/901 1153/164/904 1161/170/908 1162/167/905
f 1152/151/891 1159/150/890 1160/169/907
f 1202/152/892 1158/154/894 1166/172/910
f 1157/158/898 1156/157/897 1164/173/911 1165/174/909
f 1166/172/910 1165/171/909 1172/175/912 1173/176/913
f 1164/173/911 1163/168/906 1170/177/914 1171/178/915
f 1162/167/905 1161/170/908 1168/179/916 1169/180/917
f 1160/169/907 1159/150/890 1167/181/918
f 1202/152/892 1166/172/910 1173/176/913
f 1165/174/909 1164/173/911 1171/178/915 1172/182/912
f 1163/168/906 1162/167/905 1169/180/917 1170/177/914
f 1161/170/908 1160/169/907 1167/181/918 1168/179/916
f 1169/180/917 1168/179/916 1175/183/919 1176/184/920
f 1167/181/918 1159/150/890 1174/185/921
f 1202/186/892 1173/187/913 1180/188/922
f 1172/189/912 1171/190/915 1178/191/923 1179/192/924
f 1170/193/914 1169/180/917 1176/184/920 1177/194/925
f 1168/179/916 1167/181/918 1174/185/921 1175/183/919
f 1173/187/913 1172/195/912 1179/196/924 1180/188/922
f 1171/190/915 1170/193/914 1177/194/925 1178/191/923
f 1202/186/892 1180/188/922 1187/197/926
f 1179/192/924 1178/191/923 1185/198/927 1186/199/928
f 1177/194/925 1176/184/920 1183/200/929 1184/201/930
f 1175/183/919 1174/185/921 1181/202/931 1182/203/932
f 1180/188/922 1179/196/924 1186/204/928 1187/197/926
f 1178/191/923 1177/194/925 1184/201/930 1185/198/927
f 1176/184/920 1175/183/919 1182/203/932 1183/200/929
f 1174/185/921 1159/150/890 1181/202/931
f 1182/203/932 1181/202/931 1188/205/933 1189/206/934
f 1187/197/926 1186/204/928 1193/207/935 1194/208/936
f 1185/198/927 1184/201/930 1191/209/937 1192/210/938
f 1183/200/929 1182/203/932 1189/206/934 1190/211/939
f 1181/202/931 1159/150/890 1188/205/933
f 1202/186/892 1187/197/926 1194/208/936
f 1186/199/928 1185/198/927 1192/210/938 1193/212/935
f 1184/201/930 1183/200/929 1190/211/939 1191/209/937
f 1194/208/936 1193/207/935 1200/213/940 1201/214/941
f 1192/215/938 1191/216/937 1198/217/942 1199/218/943
f 1190/211/939 1189/206/934 1196/219/944 1197/220/945
f 1188/205/933 1159/150/890 1195/221/946
f 1202/186/892 1194/208/936 1201/214/941
f 1193/222/935 1192/215/938 1199/218/943 1200/223/940
f 1191/216/937 1190/211/939 1197/220/945 1198/217/942
f 1189/206/934 1188/205/933 1195/221/946 1196/219/944
f 1195/221/946 1159/150/890 1203/224/947
f 1202/186/892 1201/214/941 1209/225/948
f 1200/223/940 1199/218/943 1207/226/949 1208/227/950
f 1198/217/942 1197/220/945 1205/228/951 1206/229/952
f 1196/219/944 1195/221/946 1203/224/947 1204/230/953
f 1201/214/941 1200/213/940 1208/231/950 1209/225/948
f 1199/218/943 1198/217/942 1206/229/952 1207/226/949
f 1197/220/945 1196/219/944 1204/230/953 1205/228/951
f 1208/227/950 1207/226/949 1214/232/954 1215/233/955
f 1206/229/952 1205/228/951 1212/234/956 1213/235/957
f 1204/230/953 1203/224/947 1210/236/958 1211/237/959
f 1209/225/948 1208/231/950 1215/238/955 1216/239/960
f 1207/226/949 1206/229/952 1213/235/957 1214/232/954
f 1205/228/951 1204/230/953 1211/237/959 1212/234/956
f 1203/224/947 1159/150/890 1210/236/958
f 1202/186/892 1209/225/948 1216/239/960
f 1216/240/960 1215/241/955 1222/242/961 1223/243/962
f 1214/244/954 1213/245/957 1220/246/963 1221/247/964
f 1212/234/956 1211/237/959 1218/248/965 1219/249/966
f 1210/236/958 1159/150/890 1217/250/967
f 1202/152/892 1216/240/960 1223/243/962
f 1215/251/955 1214/244/954 1221/247/964 1222/252/961
f 1213/245/957 1212/234/956 1219/249/966 1220/246/963
f 1211/237/959 1210/236/958 1217/250/967 1218/248/965
f 1221/247/964 1220/246/963 1227/253/968 1228/254/969
f 1219/249/966 1218/248/965 1225/255/970 1226/256/971
f 1217/250/967 1159/150/890 1224/257/972
f 1202/152/892 1223/243/962 1230/258/973
f 1222/252/961 1221/247/964 1228/254/969 1229/259/974
f 1220/246/963 1219/249/966 1226/256/971 1227/253/968
f 1218/248/965 1217/250/967 1224/257/972 1225/255/970
f 1223/243/962 1222/242/961 1229/260/974 1230/258/973
f 1202/152/892 1230/258/973 1151/153/893
f 1229/259/974 1228/254/969 1234/261/896 1235/262/895
f 1227/253/968 1226/256/971 1150/160/900 1233/263/899
f 1225/255/970 1224/257/972 1231/149/889 1232/163/903
f 1230/258/973 1229/260/974 1235/165/895 1151/153/893
f 1228/254/969 1227/253/968 1233/263/899 1234/261/896
f 1226/256/971 1225/255/970 1232/163/903 1150/160/900
f 1224/257/972 1159/150/890 1231/149/889
s 0
f 1254/264/975 1248/265/975 1247/266/975 1263/267/975
f 1261/268/976 1254/264/976 1252/269/976
f 1255/270/977 1244/271/977 1243/272/977 1258/273/977
f 1264/274/978 1252/269/978 1253/275/978
f 1256/276/979 1257/277/979 1252/269/979
f 1258/273/980 1243/272/980 1242/278/980 1260/279/980
f 1257/277/981 1259/280/981 1252/269/981
f 1260/279/982 1242/278/982 1241/281/982 1262/282/982
f 1259/280/983 1261/268/983 1252/269/983
f 1253/275/984 1252/269/984 1262/282/984
f 1263/267/985 1247/266/985 1246/283/985 1265/284/985
f 1266/285/986 1252/269/986 1264/274/986
f 1265/284/987 1246/283/987 1245/286/987 1267/287/987
f 1268/288/988 1256/276/988 1252/269/988
f 1255/270/989 1252/269/989 1267/287/989
f 1266/285/990 1268/288/990 1252/269/990
f 1238/289/991 1237/290/991 1268/288/991 1266/285/991
f 1244/271/992 1255/270/992 1267/287/992 1245/286/992
f 1237/290/993 1236/291/993 1256/276/993 1268/288/993
f 1252/269/994 1265/284/994 1267/287/994
f 1238/289/995 1266/285/995 1264/274/995 1239/292/995
f 1252/269/996 1263/267/996 1265/284/996
f 1240/293/997 1253/275/997 1262/282/997 1241/281/997
f 1250/294/998 1249/295/998 1261/268/998 1259/280/998
f 1252/269/999 1260/279/999 1262/282/999
f 1251/296/1000 1250/294/1000 1259/280/1000 1257/277/1000
f 1252/269/1001 1258/273/1001 1260/279/1001
f 1236/291/1002 1251/296/1002 1257/277/1002 1256/276/1002
f 1239/292/1003 1264/274/1003 1253/275/1003 1240/293/1003
f 1252/269/1004 1255/270/1004 1258/273/1004
f 1249/295/1005 1248/265/1005 1254/264/1005 1261/268/1005
f 1252/269/1006 1254/264/1006 1263/267/1006
s 1
f 1337/149/889 1276/150/890 1270/151/891
f 1341/155/1007 1340/156/896 1274/157/897 1275/158/1008
f 1339/159/899 1269/160/900 1272/161/901 1273/162/902
f 1338/163/903 1337/149/889 1270/151/891 1271/164/904
f 1340/156/896 1339/159/899 1273/162/902 1274/157/897
f 1269/160/900 1338/163/903 1271/164/904 1272/161/901
f 1273/162/902 1272/161/901 1279/167/905 1280/168/906
f 1271/164/904 1270/151/891 1277/169/907 1278/170/908
f 1274/157/897 1273/162/902 1280/168/906 1281/173/911
f 1272/161/901 1271/164/904 1278/170/908 1279/167/905
f 1270/151/891 1276/150/890 1277/169/907
f 1275/158/1008 1274/157/897 1281/173/911 1282/174/1009
f 1281/173/911 1280/168/906 1286/177/914 1287/178/915
f 1279/167/905 1278/170/908 1284/179/916 1285/180/917
f 1277/169/907 1276/150/890 1283/181/918
f 1282/174/1009 1281/173/911 1287/178/915 1288/182/1010
f 1280/168/906 1279/167/905 1285/180/917 1286/177/914
f 1278/170/908 1277/169/907 1283/181/918 1284/179/916
f 1285/180/917 1284/179/916 1290/183/919 1291/184/920
f 1283/181/918 1276/150/890 1289/185/921
f 1288/189/1010 1287/190/915 1293/191/923 1294/192/1011
f 1286/193/914 1285/180/917 1291/184/920 1292/194/925
f 1284/179/916 1283/181/918 1289/185/921 1290/183/919
f 1287/190/915 1286/193/914 1292/194/925 1293/191/923
f 1294/192/1011 1293/191/923 1299/198/927 1300/199/1012
f 1292/194/925 1291/184/920 1297/200/929 1298/201/930
f 1290/183/919 1289/185/921 1295/202/931 1296/203/932
f 1293/191/923 1292/194/925 1298/201/930 1299/198/927
f 1291/184/920 1290/183/919 1296/203/932 1297/200/929
f 1289/185/921 1276/150/890 1295/202/931
f 1296/203/932 1295/202/931 1301/205/933 1302/206/934
f 1299/198/927 1298/201/930 1304/209/937 1305/210/938
f 1297/200/929 1296/203/932 1302/206/934 1303/211/939
f 1295/202/931 1276/150/890 1301/205/933
f 1300/199/1012 1299/198/927 1305/210/938 1306/212/1013
f 1298/201/930 1297/200/929 1303/211/939 1304/209/937
f 1305/215/938 1304/216/937 1310/217/942 1311/218/943
f 1303/211/939 1302/206/934 1308/219/944 1309/220/945
f 1301/205/933 1276/150/890 1307/221/946
f 1306/222/1013 1305/215/938 1311/218/943 1312/223/1014
f 1304/216/937 1303/211/939 1309/220/945 1310/217/942
f 1302/206/934 1301/205/933 1307/221/946 1308/219/944
f 1307/221/946 1276/150/890 1313/224/947
f 1312/223/1014 1311/218/943 1317/226/949 1318/227/1015
f 1310/217/942 1309/220/945 1315/228/951 1316/229/952
f 1308/219/944 1307/221/946 1313/224/947 1314/230/953
f 1311/218/943 1310/217/942 1316/229/952 1317/226/949
f 1309/220/945 1308/219/944 1314/230/953 1315/228/951
f 1318/227/1015 1317/226/949 1323/232/954 1324/233/1016
f 1316/229/952 1315/228/951 1321/234/956 1322/235/957
f 1314/230/953 1313/224/947 1319/236/958 1320/237/959
f 1317/226/949 1316/229/952 1322/235/957 1323/232/954
f 1315/228/951 1314/230/953 1320/237/959 1321/234/956
f 1313/224/947 1276/150/890 1319/236/958
f 1323/244/954 1322/245/957 1328/246/963 1329/247/964
f 1321/234/956 1320/237/959 1326/248/965 1327/249/966
f 1319/236/958 1276/150/890 1325/250/967
f 1324/251/1016 1323/244/954 1329/247/964 1330/252/1017
f 1322/245/957 1321/234/956 1327/249/966 1328/246/963
f 1320/237/959 1319/236/958 1325/250/967 1326/248/965
f 1329/247/964 1328/246/963 1334/253/968 1335/254/969
f 1327/249/966 1326/248/965 1332/255/970 1333/256/971
f 1325/250/967 1276/150/890 1331/257/972
f 1330/252/1017 1329/247/964 1335/254/969 1336/259/1018
f 1328/246/963 1327/249/966 1333/256/971 1334/253/968
f 1326/248/965 1325/250/967 1331/257/972 1332/255/970
f 1336/259/1018 1335/254/969 1340/261/896 1341/262/1007
f 1334/253/968 1333/256/971 1269/160/900 1339/263/899
f 1332/255/970 1331/257/972 1337/149/889 1338/163/903
f 1335/254/969 1334/253/968 1339/263/899 1340/261/896
f 1333/256/971 1332/255/970 1338/163/903 1269/160/900
f 1331/257/972 1276/150/890 1337/149/889
f 1423/149/1019 1351/150/1020 1344/151/1021
f 1394/152/1022 1343/153/1023 1350/154/1024
f 1427/155/1025 1426/156/1026 1348/157/1027 1349/158/1028
f 1425/159/1029 1342/160/1030 1346/161/1031 1347/162/1032
f 1424/163/1033 1423/149/1019 1344/151/1021 1345/164/1034
f 1343/153/1023 1427/165/1025 1349/166/1028 1350/154/1024
f 1426/156/1026 1425/159/1029 1347/162/1032 1348/157/1027
f 1342/160/1030 1424/163/1033 1345/164/1034 1346/161/1031
f 1347/162/1032 1346/161/1031 1354/167/1035 1355/168/1036
f 1345/164/1034 1344/151/1021 1352/169/1037 1353/170/1038
f 1350/154/1024 1349/166/1028 1357/171/1039 1358/172/1040
f 1348/157/1027 1347/162/1032 1355/168/1036 1356/173/1041
f 1346/161/1031 1345/164/1034 1353/170/1038 1354/167/1035
f 1344/151/1021 1351/150/1020 1352/169/1037
f 1394/152/1022 1350/154/1024 1358/172/1040
f 1349/158/1028 1348/157/1027 1356/173/1041 1357/174/1039
f 1358/172/1040 1357/171/1039 1364/175/1042 1365/176/1043
f 1356/173/1041 1355/168/1036 1362/177/1044 1363/178/1045
f 1354/167/1035 1353/170/1038 1360/179/1046 1361/180/1047
f 1352/169/1037 1351/150/1020 1359/181/1048
f 1394/152/1022 1358/172/1040 1365/176/1043
f 1357/174/1039 1356/173/1041 1363/178/1045 1364/182/1042
f 1355/168/1036 1354/167/1035 1361/180/1047 1362/177/1044
f 1353/170/1038 1352/169/1037 1359/181/1048 1360/179/1046
f 1361/180/1047 1360/179/1046 1367/183/1049 1368/184/1050
f 1359/181/1048 1351/150/1020 1366/185/1051
f 1394/186/1022 1365/187/1043 1372/188/1052
f 1364/189/1042 1363/190/1045 1370/191/1053 1371/192/1054
f 1362/193/1044 1361/180/1047 1368/184/1050 1369/194/1055
f 1360/179/1046 1359/181/1048 1366/185/1051 1367/183/1049
f 1365/187/1043 1364/195/1042 1371/196/1054 1372/188/1052
f 1363/190/1045 1362/193/1044 1369/194/1055 1370/191/1053
f 1394/186/1022 1372/188/1052 1379/197/1056
f 1371/192/1054 1370/191/1053 1377/198/1057 1378/199/1058
f 1369/194/1055 1368/184/1050 1375/200/1059 1376/201/1060
f 1367/183/1049 1366/185/1051 1373/202/1061 1374/203/1062
f 1372/188/1052 1371/196/1054 1378/204/1058 1379/197/1056
f 1370/191/1053 1369/194/1055 1376/201/1060 1377/198/1057
f 1368/184/1050 1367/183/1049 1374/203/1062 1375/200/1059
f 1366/185/1051 1351/150/1020 1373/202/1061
f 1374/203/1062 1373/202/1061 1380/205/1063 1381/206/1064
f 1379/197/1056 1378/204/1058 1385/207/1065 1386/208/1066
f 1377/198/1057 1376/201/1060 1383/209/1067 1384/210/1068
f 1375/200/1059 1374/203/1062 1381/206/1064 1382/211/1069
f 1373/202/1061 1351/150/1020 1380/205/1063
f 1394/186/1022 1379/197/1056 1386/208/1066
f 1378/199/1058 1377/198/1057 1384/210/1068 1385/212/1065
f 1376/201/1060 1375/200/1059 1382/211/1069 1383/209/1067
f 1386/208/1066 1385/207/1065 1392/213/1070 1393/214/1071
f 1384/215/1068 1383/216/1067 1390/217/1072 1391/218/1073
f 1382/211/1069 1381/206/1064 1388/219/1074 1389/220/1075
f 1380/205/1063 1351/150/1020 1387/221/1076
f 1394/186/1022 1386/208/1066 1393/214/1071
f 1385/222/1065 1384/215/1068 1391/218/1073 1392/223/1070
f 1383/216/1067 1382/211/1069 1389/220/1075 1390/217/1072
f 1381/206/1064 1380/205/1063 1387/221/1076 1388/219/1074
f 1387/221/1076 1351/150/1020 1395/224/1077
f 1394/186/1022 1393/214/1071 1401/225/1078
f 1392/223/1070 1391/218/1073 1399/226/1079 1400/227/1080
f 1390/217/1072 1389/220/1075 1397/228/1081 1398/229/1082
f 1388/219/1074 1387/221/1076 1395/224/1077 1396/230/1083
f 1393/214/1071 1392/213/1070 1400/231/1080 1401/225/1078
f 1391/218/1073 1390/217/1072 1398/229/1082 1399/226/1079
f 1389/220/1075 1388/219/1074 1396/230/1083 1397/228/1081
f 1400/227/1080 1399/226/1079 1406/232/1084 1407/233/1085
f 1398/229/1082 1397/228/1081 1404/234/1086 1405/235/1087
f 1396/230/1083 1395/224/1077 1402/236/1088 1403/237/1089
f 1401/225/1078 1400/231/1080 1407/238/1085 1408/239/1090
f 1399/226/1079 1398/229/1082 1405/235/1087 1406/232/1084
f 1397/228/1081 1396/230/1083 1403/237/1089 1404/234/1086
f 1395/224/1077 1351/150/1020 1402/236/1088
f 1394/186/1022 1401/225/1078 1408/239/1090
f 1408/240/1090 1407/241/1085 1414/242/1091 1415/243/1092
f 1406/244/1084 1405/245/1087 1412/246/1093 1413/247/1094
f 1404/234/1086 1403/237/1089 1410/248/1095 1411/249/1096
f 1402/236/1088 1351/150/1020 1409/250/1097
f 1394/152/1022 1408/240/1090 1415/243/1092
f 1407/251/1085 1406/244/1084 1413/247/1094 1414/252/1091
f 1405/245/1087 1404/234/1086 1411/249/1096 1412/246/1093
f 1403/237/1089 1402/236/1088 1409/250/1097 1410/248/1095
f 1413/247/1094 1412/246/1093 1419/253/1098 1420/254/1099
f 1411/249/1096 1410/248/1095 1417/255/1100 1418/256/1101
f 1409/250/1097 1351/150/1020 1416/257/1102
f 1394/152/1022 1415/243/1092 1422/258/1103
f 1414/252/1091 1413/247/1094 1420/254/1099 1421/259/1104
f 1412/246/1093 1411/249/1096 1418/256/1101 1419/253/1098
f 1410/248/1095 1409/250/1097 1416/257/1102 1417/255/1100
f 1415/243/1092 1414/242/1091 1421/260/1104 1422/258/1103
f 1394/152/1022 1422/258/1103 1343/153/1023
f 1421/259/1104 1420/254/1099 1426/261/1026 1427/262/1025
f 1419/253/1098 1418/256/1101 1342/160/1030 1425/263/1029
f 1417/255/1100 1416/257/1102 1423/149/1019 1424/163/1033
f 1422/258/1103 1421/260/1104 1427/165/1025 1343/153/1023
f 1420/254/1099 1419/253/1098 1425/263/1029 1426/261/1026
f 1418/256/1101 1417/255/1100 1424/163/1033 1342/160/1030
f 1416/257/1102 1351/150/1020 1423/149/1019
s 0
f 1446/264/1105 1440/265/1105 1439/266/1105 1455/267/1105
f 1453/268/1106 1446/264/1106 1444/269/1106
f 1447/270/1107 1436/271/1107 1435/272/1107 1450/273/1107
f 1456/274/1108 1444/269/1108 1445/275/1108
f 1448/276/1109 1449/277/1109 1444/269/1109
f 1450/273/1110 1435/272/1110 1434/278/1110 1452/279/1110
f 1449/277/1111 1451/280/1111 1444/269/1111
f 1452/279/1112 1434/278/1112 1433/281/1112 1454/282/1112
f 1451/280/1113 1453/268/1113 1444/269/1113
f 1445/275/1114 1444/269/1114 1454/282/1114
f 1455/267/1115 1439/266/1115 1438/283/1115 1457/284/1115
f 1458/285/1116 1444/269/1116 1456/274/1116
f 1457/284/1117 1438/283/1117 1437/286/1117 1459/287/1117
f 1460/288/1118 1448/276/1118 1444/269/1118
f 1447/270/1119 1444/269/1119 1459/287/1119
f 1458/285/1120 1460/288/1120 1444/269/1120
f 1430/289/1121 1429/290/1121 1460/288/1121 1458/285/1121
f 1436/271/1122 1447/270/1122 1459/287/1122 1437/286/1122
f 1429/290/1123 1428/291/1123 1448/276/1123 1460/288/1123
f 1444/269/1124 1457/284/1124 1459/287/1124
f 1430/289/1125 1458/285/1125 1456/274/1125 1431/292/1125
f 1444/269/1126 1455/267/1126 1457/284/1126
f 1432/293/1127 1445/275/1127 1454/282/1127 1433/281/1127
f 1442/294/1128 1441/295/1128 1453/268/1128 1451/280/1128
f 1444/269/1129 1452/279/1129 1454/282/1129
f 1443/296/1130 1442/294/1130 1451/280/1130 1449/277/1130
f 1444/269/1131 1450/273/1131 1452/279/1131
f 1428/291/1132 1443/296/1132 1449/277/1132 1448/276/1132
f 1431/292/1133 1456/274/1133 1445/275/1133 1432/293/1133
f 1444/269/1134 1447/270/1134 1450/273/1134
f 1441/295/1135 1440/265/1135 1446/264/1135 1453/268/1135
f 1444/269/1136 1446/264/1136 1455/267/1136
s 1
f 1529/149/1019 1468/150/1020 1462/151/1021
f 1533/155/1137 1532/156/1026 1466/157/1027 1467/158/1138
f 1531/159/1029 1461/160/1030 1464/161/1031 1465/162/1032
f 1530/163/1033 1529/149/1019 1462/151/1021 1463/164/1034
f 1532/156/1026 1531/159/1029 1465/162/1032 1466/157/1027
f 1461/160/1030 1530/163/1033 1463/164/1034 1464/161/1031
f 1465/162/1032 1464/161/1031 1471/167/1035 1472/168/1036
f 1463/164/1034 1462/151/1021 1469/169/1037 1470/170/1038
f 1466/157/1027 1465/162/1032 1472/168/1036 1473/173/1041
f 1464/161/1031 1463/164/1034 1470/170/1038 1471/167/1035
f 1462/151/1021 1468/150/1020 1469/169/1037
f 1467/158/1138 1466/157/1027 1473/173/1041 1474/174/1139
f 1473/173/1041 1472/168/1036 1478/177/1044 1479/178/1045
f 1471/167/1035 1470/170/1038 1476/179/1046 1477/180/1047
f 1469/169/1037 1468/150/1020 1475/181/1048
f 1474/174/1139 1473/173/1041 1479/178/1045 1480/182/1140
f 1472/168/1036 1471/167/1035 1477/180/1047 1478/177/1044
f 1470/170/1038 1469/169/1037 1475/181/1048 1476/179/1046
f 1477/180/1047 1476/179/1046 1482/183/1049 1483/184/1050
f 1475/181/1048 1468/150/1020 1481/185/1051
f 1480/189/1140 1479/190/1045 1485/191/1053 1486/192/1141
f 1478/193/1044 1477/180/1047 1483/184/1050 1484/194/1055
f 1476/179/1046 1475/181/1048 1481/185/1051 1482/183/1049
f 1479/190/1045 1478/193/1044 1484/194/1055 1485/191/1053
f 1486/192/1141 1485/191/1053 1491/198/1057 1492/199/1142
f 1484/194/1055 1483/184/1050 1489/200/1059 1490/201/1060
f 1482/183/1049 1481/185/1051 1487/202/1061 1488/203/1062
f 1485/191/1053 1484/194/1055 1490/201/1060 1491/198/1057
f 1483/184/1050 1482/183/1049 1488/203/1062 1489/200/1059
f 1481/185/1051 1468/150/1020 1487/202/1061
f 1488/203/1062 1487/202/1061 1493/205/1063 1494/206/1064
f 1491/198/1057 1490/201/1060 1496/209/1067 1497/210/1068
f 1489/200/1059 1488/203/1062 1494/206/1064 1495/211/1069
f 1487/202/1061 1468/150/1020 1493/205/1063
f 1492/199/1142 1491/198/1057 1497/210/1068 1498/212/1143
f 1490/201/1060 1489/200/1059 1495/211/1069 1496/209/1067
f 1497/215/1068 1496/216/1067 1502/217/1072 1503/218/1073
f 1495/211/1069 1494/206/1064 1500/219/1074 1501/220/1075
f 1493/205/1063 1468/150/1020 1499/221/1076
f 1498/222/1143 1497/215/1068 1503/218/1073 1504/223/1144
f 1496/216/1067 1495/211/1069 1501/220/1075 1502/217/1072
f 1494/206/1064 1493/205/1063 1499/221/1076 1500/219/1074
f 1499/221/1076 1468/150/1020 1505/224/1077
f 1504/223/1144 1503/218/1073 1509/226/1079 1510/227/1145
f 1502/217/1072 1501/220/1075 1507/228/1081 1508/229/1082
f 1500/219/1074 1499/221/1076 1505/224/1077 1506/230/1083
f 1503/218/1073 1502/217/1072 1508/229/1082 1509/226/1079
f 1501/220/1075 1500/219/1074 1506/230/1083 1507/228/1081
f 1510/227/1145 1509/226/1079 1515/232/1084 1516/233/1146
f 1508/229/1082 1507/228/1081 1513/234/1086 1514/235/1087
f 1506/230/1083 1505/224/1077 1511/236/1088 1512/237/1089
f 1509/226/1079 1508/229/1082 1514/235/1087 1515/232/1084
f 1507/228/1081 1506/230/1083 1512/237/1089 1513/234/1086
f 1505/224/1077 1468/150/1020 1511/236/1088
f 1515/244/1084 1514/245/1087 1520/246/1093 1521/247/1094
f 1513/234/1086 1512/237/1089 1518/248/1095 1519/249/1096
f 1511/236/1088 1468/150/1020 1517/250/1097
f 1516/251/1146 1515/244/1084 1521/247/1094 1522/252/1147
f 1514/245/1087 1513/234/1086 1519/249/1096 1520/246/1093
f 1512/237/1089 1511/236/1088 1517/250/1097 1518/248/1095
f 1521/247/1094 1520/246/1093 1526/253/1098 1527/254/1099
f 1519/249/1096 1518/248/1095 1524/255/1100 1525/256/1101
f 1517/250/1097 1468/150/1020 1523/257/1102
f 1522/252/1147 1521/247/1094 1527/254/1099 1528/259/1148
f 1520/246/1093 1519/249/1096 1525/256/1101 1526/253/1098
f 1518/248/1095 1517/250/1097 1523/257/1102 1524/255/1100
f 1528/259/1148 1527/254/1099 1532/261/1026 1533/262/1137
f 1526/253/1098 1525/256/1101 1461/160/1030 1531/263/1029
f 1524/255/1100 1523/257/1102 1529/149/1019 1530/163/1033
f 1527/254/1099 1526/253/1098 1531/263/1029 1532/261/1026
f 1525/256/1101 1524/255/1100 1530/163/1033 1461/160/1030
f 1523/257/1102 1468/150/1020 1529/149/1019
f 1615/149/1149 1543/150/1150 1536/151/1151
f 1586/152/1152 1535/153/1153 1542/154/1154
f 1619/155/1155 1618/156/1156 1540/157/1157 1541/158/1158
f 1617/159/1159 1534/160/1160 1538/161/1161 1539/162/1162
f 1616/163/1163 1615/149/1149 1536/151/1151 1537/164/1164
f 1535/153/1153 1619/165/1155 1541/166/1158 1542/154/1154
f 1618/156/1156 1617/159/1159 1539/162/1162 1540/157/1157
f 1534/160/1160 1616/163/1163 1537/164/1164 1538/161/1161
f 1539/162/1162 1538/161/1161 1546/167/1165 1547/168/1166
f 1537/164/1164 1536/151/1151 1544/169/1167 1545/170/1168
f 1542/154/1154 1541/166/1158 1549/171/1169 1550/172/1170
f 1540/157/1157 1539/162/1162 1547/168/1166 1548/173/1171
f 1538/161/1161 1537/164/1164 1545/170/1168 1546/167/1165
f 1536/151/1151 1543/150/1150 1544/169/1167
f 1586/152/1152 1542/154/1154 1550/172/1170
f 1541/158/1158 1540/157/1157 1548/173/1171 1549/174/1169
f 1550/172/1170 1549/171/1169 1556/175/1172 1557/176/1173
f 1548/173/1171 1547/168/1166 1554/177/1174 1555/178/1175
f 1546/167/1165 1545/170/1168 1552/179/1176 1553/180/1177
f 1544/169/1167 1543/150/1150 1551/181/1178
f 1586/152/1152 1550/172/1170 1557/176/1173
f 1549/174/1169 1548/173/1171 1555/178/1175 1556/182/1172
f 1547/168/1166 1546/167/1165 1553/180/1177 1554/177/1174
f 1545/170/1168 1544/169/1167 1551/181/1178 1552/179/1176
f 1553/180/1177 1552/179/1176 1559/183/1179 1560/184/1180
f 1551/181/1178 1543/150/1150 1558/185/1181
f 1586/186/1152 1557/187/1173 1564/188/1182
f 1556/189/1172 1555/190/1175 1562/191/1183 1563/192/1184
f 1554/193/1174 1553/180/1177 1560/184/1180 1561/194/1185
f 1552/179/1176 1551/181/1178 1558/185/1181 1559/183/1179
f 1557/187/1173 1556/195/1172 1563/196/1184 1564/188/1182
f 1555/190/1175 1554/193/1174 1561/194/1185 1562/191/1183
f 1586/186/1152 1564/188/1182 1571/197/1186
f 1563/192/1184 1562/191/1183 1569/198/1187 1570/199/1188
f 1561/194/1185 1560/184/1180 1567/200/1189 1568/201/1190
f 1559/183/1179 1558/185/1181 1565/202/1191 1566/203/1192
f 1564/188/1182 1563/196/1184 1570/204/1188 1571/197/1186
f 1562/191/1183 1561/194/1185 1568/201/1190 1569/198/1187
f 1560/184/1180 1559/183/1179 1566/203/1192 1567/200/1189
f 1558/185/1181 1543/150/1150 1565/202/1191
f 1566/203/1192 1565/202/1191 1572/205/1193 1573/206/1194
f 1571/197/1186 1570/204/1188 1577/207/1195 1578/208/1196
f 1569/198/1187 1568/201/1190 1575/209/1197 1576/210/1198
f 1567/200/1189 1566/203/1192 1573/206/1194 1574/211/1199
f 1565/202/1191 1543/150/1150 1572/205/1193
f 1586/186/1152 1571/197/1186 1578/208/1196
f 1570/199/1188 1569/198/1187 1576/210/1198 1577/212/1195
f 1568/201/1190 1567/200/1189 1574/211/1199 1575/209/1197
f 1578/208/1196 1577/207/1195 1584/213/1200 1585/214/1201
f 1576/215/1198 1575/216/1197 1582/217/1202 1583/218/1203
f 1574/211/1199 1573/206/1194 1580/219/1204 1581/220/1205
f 1572/205/1193 1543/150/1150 1579/221/1206
f 1586/186/1152 1578/208/1196 1585/214/1201
f 1577/222/1195 1576/215/1198 1583/218/1203 1584/223/1200
f 1575/216/1197 1574/211/1199 1581/220/1205 1582/217/1202
f 1573/206/1194 1572/205/1193 1579/221/1206 1580/219/1204
f 1579/221/1206 1543/150/1150 1587/224/1207
f 1586/186/1152 1585/214/1201 1593/225/1208
f 1584/223/1200 1583/218/1203 1591/226/1209 1592/227/1210
f 1582/217/1202 1581/220/1205 1589/228/1211 1590/229/1212
f 1580/219/1204 1579/221/1206 1587/224/1207 1588/230/1213
f 1585/214/1201 1584/213/1200 1592/231/1210 1593/225/1208
f 1583/218/1203 1582/217/1202 1590/229/1212 1591/226/1209
f 1581/220/1205 1580/219/1204 1588/230/1213 1589/228/1211
f 1592/227/1210 1591/226/1209 1598/232/1214 1599/233/1215
f 1590/229/1212 1589/228/1211 1596/234/1216 1597/235/1217
f 1588/230/1213 1587/224/1207 1594/236/1218 1595/237/1219
f 1593/225/1208 1592/231/1210 1599/238/1215 1600/239/1220
f 1591/226/1209 1590/229/1212 1597/235/1217 1598/232/1214
f 1589/228/1211 1588/230/1213 1595/237/1219 1596/234/1216
f 1587/224/1207 1543/150/1150 1594/236/1218
f 1586/186/1152 1593/225/1208 1600/239/1220
f 1600/240/1220 1599/241/1215 1606/242/1221 1607/243/1222
f 1598/244/1214 1597/245/1217 1604/246/1223 1605/247/1224
f 1596/234/1216 1595/237/1219 1602/248/1225 1603/249/1226
f 1594/236/1218 1543/150/1150 1601/250/1227
f 1586/152/1152 1600/240/1220 1607/243/1222
f 1599/251/1215 1598/244/1214 1605/247/1224 1606/252/1221
f 1597/245/1217 1596/234/1216 1603/249/1226 1604/246/1223
f 1595/237/1219 1594/236/1218 1601/250/1227 1602/248/1225
f 1605/247/1224 1604/246/1223 1611/253/1228 1612/254/1229
f 1603/249/1226 1602/248/1225 1609/255/1230 1610/256/1231
f 1601/250/1227 1543/150/1150 1608/257/1232
f 1586/152/1152 1607/243/1222 1614/258/1233
f 1606/252/1221 1605/247/1224 1612/254/1229 1613/259/1234
f 1604/246/1223 1603/249/1226 1610/256/1231 1611/253/1228
f 1602/248/1225 1601/250/1227 1608/257/1232 1609/255/1230
f 1607/243/1222 1606/242/1221 1613/260/1234 1614/258/1233
f 1586/152/1152 1614/258/1233 1535/153/1153
f 1613/259/1234 1612/254/1229 1618/261/1156 1619/262/1155
f 1611/253/1228 1610/256/1231 1534/160/1160 1617/263/1159
f 1609/255/1230 1608/257/1232 1615/149/1149 1616/163/1163
f 1614/258/1233 1613/260/1234 1619/165/1155 1535/153/1153
f 1612/254/1229 1611/253/1228 1617/263/1159 1618/261/1156
f 1610/256/1231 1609/255/1230 1616/163/1163 1534/160/1160
f 1608/257/1232 1543/150/1150 1615/149/1149
s 0
f 1638/264/1235 1632/265/1235 1631/266/1235 1647/267/1235
f 1645/268/1236 1638/264/1236 1636/269/1236
f 1639/270/1237 1628/271/1237 1627/272/1237 1642/273/1237
f 1648/274/1238 1636/269/1238 1637/275/1238
f 1640/276/1239 1641/277/1239 1636/269/1239
f 1642/273/1240 1627/272/1240 1626/278/1240 1644/279/1240
f 1641/277/1241 1643/280/1241 1636/269/1241
f 1644/279/1242 1626/278/1242 1625/281/1242 1646/282/1242
f 1643/280/1243 1645/268/1243 1636/269/1243
f 1637/275/1244 1636/269/1244 1646/282/1244
f 1647/267/1245 1631/266/1245 1630/283/1245 1649/284/1245
f 1650/285/1246 1636/269/1246 1648/274/1246
f 1649/284/1247 1630/283/1247 1629/286/1247 1651/287/1247
f 1652/288/1248 1640/276/1248 1636/269/1248
f 1639/270/1249 1636/269/1249 1651/287/1249
f 1650/285/1250 1652/288/1250 1636/269/1250
f 1622/289/1251 1621/290/1251 1652/288/1251 1650/285/1251
f 1628/271/1252 1639/270/1252 1651/287/1252 1629/286/1252
f 1621/290/1253 1620/291/1253 1640/276/1253 1652/288/1253
f 1636/269/1254 1649/284/1254 1651/287/1254
f 1622/289/1255 1650/285/1255 1648/274/1255 1623/292/1255
f 1636/269/1256 1647/267/1256 1649/284/1256
f 1624/293/1257 1637/275/1257 1646/282/1257 1625/281/1257
f 1634/294/1258 1633/295/1258 1645/268/1258 1643/280/1258
f 1636/269/1259 1644/279/1259 1646/282/1259
f 1635/296/1260 1634/294/1260 1643/280/1260 1641/277/1260
f 1636/269/1261 1642/273/1261 1644/279/1261
f 1620/291/1262 1635/296/1262 1641/277/1262 1640/276/1262
f 1623/292/1263 1648/274/1263 1637/275/1263 1624/293/1263
f 1636/269/1264 1639/270/1264 1642/273/1264
f 1633/295/1265 1632/265/1265 1638/264/1265 1645/268/1265
f 1636/269/1266 1638/264/1266 1647/267/1266
s 1
f 1721/149/1149 1660/150/1150 1654/151/1151
f 1725/155/1267 1724/156/1156 1658/157/1157 1659/158/1268
f 1723/159/1159 1653/160/1160 1656/161/1161 1657/162/1162
f 1722/163/1163 1721/149/1149 1654/151/1151 1655/164/1164
f 1724/156/1156 1723/159/1159 1657/162/1162 1658/157/1157
f 1653/160/1160 1722/163/1163 1655/164/1164 1656/161/1161
f 1657/162/1162 1656/161/1161 1663/167/1165 1664/168/1166
f 1655/164/1164 1654/151/1151 1661/169/1167 1662/170/1168
f 1658/157/1157 1657/162/1162 1664/168/1166 1665/173/1171
f 1656/161/1161 1655/164/1164 1662/170/1168 1663/167/1165
f 1654/151/1151 1660/150/1150 1661/169/1167
f 1659/158/1268 1658/157/1157 1665/173/1171 1666/174/1269
f 1665/173/1171 1664/168/1166 1670/177/1174 1671/178/1175
f 1663/167/1165 1662/170/1168 1668/179/1176 1669/180/1177
f 1661/169/1167 1660/150/1150 1667/181/1178
f 1666/174/1269 1665/173/1171 1671/178/1175 1672/182/1270
f 1664/168/1166 1663/167/1165 1669/180/1177 1670/177/1174
f 1662/170/1168 1661/169/1167 1667/181/1178 1668/179/1176
f 1669/180/1177 1668/179/1176 1674/183/1179 1675/184/1180
f 1667/181/1178 1660/150/1150 1673/185/1181
f 1672/189/1270 1671/190/1175 1677/191/1183 1678/192/1271
f 1670/193/1174 1669/180/1177 1675/184/1180 1676/194/1185
f 1668/179/1176 1667/181/1178 1673/185/1181 1674/183/1179
f 1671/190/1175 1670/193/1174 1676/194/1185 1677/191/1183
f 1678/192/1271 1677/191/1183 1683/198/1187 1684/199/1272
f 1676/194/1185 1675/184/1180 1681/200/1189 1682/201/1190
f 1674/183/1179 1673/185/1181 1679/202/1191 1680/203/1192
f 1677/191/1183 1676/194/1185 1682/201/1190 1683/198/1187
f 1675/184/1180 1674/183/1179 1680/203/1192 1681/200/1189
f 1673/185/1181 1660/150/1150 1679/202/1191
f 1680/203/1192 1679/202/1191 1685/205/1193 1686/206/1194
f 1683/198/1187 1682/201/1190 1688/209/1197 1689/210/1198
f 1681/200/1189 1680/203/1192 1686/206/1194 1687/211/1199
f 1679/202/1191 1660/150/1150 1685/205/1193
f 1684/199/1272 1683/198/1187 1689/210/1198 1690/212/1273
f 1682/201/1190 1681/200/1189 1687/211/1199 1688/209/1197
f 1689/215/1198 1688/216/1197 1694/217/1202 1695/218/1203
f 1687/211/1199 1686/206/1194 1692/219/1204 1693/220/1205
f 1685/205/1193 1660/150/1150 1691/221/1206
f 1690/222/1273 1689/215/1198 1695/218/1203 1696/223/1274
f 1688/216/1197 1687/211/1199 1693/220/1205 1694/217/1202
f 1686/206/1194 1685/205/1193 1691/221/1206 1692/219/1204
f 1691/221/1206 1660/150/1150 1697/224/1207
f 1696/223/1274 1695/218/1203 1701/226/1209 1702/227/1275
f 1694/217/1202 1693/220/1205 1699/228/1211 1700/229/1212
f 1692/219/1204 1691/221/1206 1697/224/1207 1698/230/1213
f 1695/218/1203 1694/217/1202 1700/229/1212 1701/226/1209
f 1693/220/1205 1692/219/1204 1698/230/1213 1699/228/1211
f 1702/227/1275 1701/226/1209 1707/232/1214 1708/233/1276
f 1700/229/1212 1699/228/1211 1705/234/1216 1706/235/1217
f 1698/230/1213 1697/224/1207 1703/236/1218 1704/237/1219
f 1701/226/1209 1700/229/1212 1706/235/1217 1707/232/1214
f 1699/228/1211 1698/230/1213 1704/237/1219 1705/234/1216
f 1697/224/1207 1660/150/1150 1703/236/1218
f 1707/244/1214 1706/245/1217 1712/246/1223 1713/247/1224
f 1705/234/1216 1704/237/1219 1710/248/1225 1711/249/1226
f 1703/236/1218 1660/150/1150 1709/250/1227
f 1708/251/1276 1707/244/1214 1713/247/1224 1714/252/1277
f 1706/245/1217 1705/234/1216 1711/249/1226 1712/246/1223
f 1704/237/1219 1703/236/1218 1709/250/1227 1710/248/1225
f 1713/247/1224 1712/246/1223 1718/253/1228 1719/254/1229
f 1711/249/1226 1710/248/1225 1716/255/1230 1717/256/1231
f 1709/250/1227 1660/150/1150 1715/257/1232
f 1714/252/1277 1713/247/1224 1719/254/1229 1720/259/1278
f 1712/246/1223 1711/249/1226 1717/256/1231 1718/253/1228
f 1710/248/1225 1709/250/1227 1715/257/1232 1716/255/1230
f 1720/259/1278 1719/254/1229 1724/261/1156 1725/262/1267
f 1718/253/1228 1717/256/1231 1653/160/1160 1723/263/1159
f 1716/255/1230 1715/257/1232 1721/149/1149 1722/163/1163
f 1719/254/1229 1718/253/1228 1723/263/1159 1724/261/1156
f 1717/256/1231 1716/255/1230 1722/163/1163 1653/160/1160
f 1715/257/1232 1660/150/1150 1721/149/1149
